
CH32V203USBKEY.elf:     file format elf32-littleriscv
CH32V203USBKEY.elf
architecture: riscv:rv32, flags 0x00000112:
EXEC_P, HAS_SYMS, D_PAGED
start address 0x00005000

Program Header:
    LOAD off    0x00001000 vaddr 0x00005000 paddr 0x00005000 align 2**12
         filesz 0x00006d34 memsz 0x00006d34 flags r-x
    LOAD off    0x00008000 vaddr 0x20000000 paddr 0x0000bd34 align 2**12
         filesz 0x00000250 memsz 0x000018a8 flags rw-
    LOAD off    0x00008800 vaddr 0x20004800 paddr 0x20004800 align 2**12
         filesz 0x00000000 memsz 0x00000800 flags rw-

Sections:
Idx Name          Size      VMA       LMA       File off  Algn
  0 .init         00000004  00005000  00005000  00001000  2**1
                  CONTENTS, ALLOC, LOAD, READONLY, CODE
  1 .vector       000000fc  00005004  00005004  00001004  2**1
                  CONTENTS, ALLOC, LOAD, READONLY, CODE
  2 .text         00006c34  00005100  00005100  00001100  2**2
                  CONTENTS, ALLOC, LOAD, READONLY, CODE
  3 .fini         00000000  0000bd34  0000bd34  00008250  2**0
                  CONTENTS, ALLOC, LOAD, CODE
  4 .dalign       00000000  20000000  20000000  00008250  2**0
                  CONTENTS
  5 .dlalign      00000000  0000bd34  0000bd34  00008250  2**0
                  CONTENTS
  6 .data         00000250  20000000  0000bd34  00008000  2**2
                  CONTENTS, ALLOC, LOAD, DATA
  7 .bss          00001658  20000250  0000bf84  00008250  2**2
                  ALLOC
  8 .stack        00000800  20004800  20004800  00008800  2**0
                  ALLOC
  9 .debug_info   0001bd97  00000000  00000000  00008250  2**0
                  CONTENTS, READONLY, DEBUGGING
 10 .debug_abbrev 00004328  00000000  00000000  00023fe7  2**0
                  CONTENTS, READONLY, DEBUGGING
 11 .debug_loc    00007ce4  00000000  00000000  0002830f  2**0
                  CONTENTS, READONLY, DEBUGGING
 12 .debug_aranges 00000cc8  00000000  00000000  0002fff8  2**3
                  CONTENTS, READONLY, DEBUGGING
 13 .debug_ranges 00000d90  00000000  00000000  00030cc0  2**3
                  CONTENTS, READONLY, DEBUGGING
 14 .debug_line   00015975  00000000  00000000  00031a50  2**0
                  CONTENTS, READONLY, DEBUGGING
 15 .debug_str    000040d8  00000000  00000000  000473c5  2**0
                  CONTENTS, READONLY, DEBUGGING
 16 .comment      00000033  00000000  00000000  0004b49d  2**0
                  CONTENTS, READONLY
 17 .debug_frame  00002d14  00000000  00000000  0004b4d0  2**2
                  CONTENTS, READONLY, DEBUGGING
 18 .stab         00000084  00000000  00000000  0004e1e4  2**2
                  CONTENTS, READONLY, DEBUGGING
 19 .stabstr      00000117  00000000  00000000  0004e268  2**0
                  CONTENTS, READONLY, DEBUGGING
SYMBOL TABLE:
00005000 l    d  .init	00000000 .init
00005004 l    d  .vector	00000000 .vector
00005100 l    d  .text	00000000 .text
0000bd34 l    d  .fini	00000000 .fini
20000000 l    d  .dalign	00000000 .dalign
0000bd34 l    d  .dlalign	00000000 .dlalign
20000000 l    d  .data	00000000 .data
20000250 l    d  .bss	00000000 .bss
20004800 l    d  .stack	00000000 .stack
00000000 l    d  .debug_info	00000000 .debug_info
00000000 l    d  .debug_abbrev	00000000 .debug_abbrev
00000000 l    d  .debug_loc	00000000 .debug_loc
00000000 l    d  .debug_aranges	00000000 .debug_aranges
00000000 l    d  .debug_ranges	00000000 .debug_ranges
00000000 l    d  .debug_line	00000000 .debug_line
00000000 l    d  .debug_str	00000000 .debug_str
00000000 l    d  .comment	00000000 .comment
00000000 l    d  .debug_frame	00000000 .debug_frame
00000000 l    d  .stab	00000000 .stab
00000000 l    d  .stabstr	00000000 .stabstr
00000000 l    df *ABS*	00000000 ./Startup/startup_ch32v20x_D6.o
00005004 l       .vector	00000000 _vector_base
00000000 l    df *ABS*	00000000 USB_KB_Key_app.c
200001c0 l     O .data	00000004 start_count_down.5219
00000000 l    df *ABS*	00000000 ch32v20x_usbfs_host.c
000064b2 l     F .text	00000026 USBFSH_SetSelfSpeed.part.0
200001e4 l     O .data	00000008 SetupClearEndpStall
200001ec l     O .data	00000008 SetupGetCfgDesc
200001f4 l     O .data	00000008 SetupGetDevDesc
200001fc l     O .data	00000008 SetupGetStrDesc
20000204 l     O .data	00000008 SetupSetAddr
2000020c l     O .data	00000008 SetupSetConfig
00000000 l    df *ABS*	00000000 usb_host_hid.c
20000214 l     O .data	00000008 SetupGetHidDes
2000021c l     O .data	00000008 SetupSetReport
20000224 l     O .data	00000008 SetupSetidle
00000000 l    df *ABS*	00000000 usb_host_hub.c
2000022c l     O .data	00000008 ClearPortFeature
20000234 l     O .data	00000008 GetHubDescr
2000023c l     O .data	00000008 GetPortStatus
20000244 l     O .data	00000008 SetPortFeature
00000000 l    df *ABS*	00000000 oled.c
2000107c l     O .bss	00000400 SSD1306_Buffer
20000250 l     O .bss	00000006 SSD1306
00000000 l    df *ABS*	00000000 ch32v20x_it.c
00000000 l    df *ABS*	00000000 main.c
00000000 l    df *ABS*	00000000 morse_send.c
20000278 l     O .bss	00000004 count.4751
00000000 l    df *ABS*	00000000 system_ch32v20x.c
00000000 l    df *ABS*	00000000 ch32v20x_dbgmcu.c
00000000 l    df *ABS*	00000000 ch32v20x_flash.c
00000000 l    df *ABS*	00000000 ch32v20x_gpio.c
00000000 l    df *ABS*	00000000 ch32v20x_i2c.c
00000000 l    df *ABS*	00000000 ch32v20x_misc.c
00000000 l    df *ABS*	00000000 ch32v20x_rcc.c
2000014c l     O .data	00000010 APBAHBPrescTable
200001d8 l     O .data	00000004 ADCPrescTable
00000000 l    df *ABS*	00000000 ch32v20x_tim.c
00000000 l    df *ABS*	00000000 ch32v20x_usart.c
00000000 l    df *ABS*	00000000 debug.c
20000288 l     O .bss	00000002 p_ms
2000028a l     O .bss	00000001 p_us
200001dc l     O .data	00000004 curbrk.4673
00000000 l    df *ABS*	00000000 memchr.c
00000000 l    df *ABS*	00000000 memcpy.c
00000000 l    df *ABS*	00000000 printf.c
00000000 l    df *ABS*	00000000 puts.c
00000000 l    df *ABS*	00000000 sprintf.c
00000000 l    df *ABS*	00000000 strcpy.c
00000000 l    df *ABS*	00000000 strlen.c
00000000 l    df *ABS*	00000000 wbuf.c
00000000 l    df *ABS*	00000000 wsetup.c
00000000 l    df *ABS*	00000000 fflush.c
00000000 l    df *ABS*	00000000 findfp.c
000094fe l     F .text	00000066 std
00000000 l    df *ABS*	00000000 fwalk.c
00000000 l    df *ABS*	00000000 makebuf.c
00000000 l    df *ABS*	00000000 nano-mallocr.c
00000000 l    df *ABS*	00000000 nano-mallocr.c
00000000 l    df *ABS*	00000000 nano-vfprintf.c
00000000 l    df *ABS*	00000000 nano-vfprintf.c
00009ce4 l     F .text	00000028 __sfputc_r
00000000 l    df *ABS*	00000000 nano-vfprintf_i.c
00000000 l    df *ABS*	00000000 sbrkr.c
00000000 l    df *ABS*	00000000 stdio.c
00000000 l    df *ABS*	00000000 writer.c
00000000 l    df *ABS*	00000000 closer.c
00000000 l    df *ABS*	00000000 fstatr.c
00000000 l    df *ABS*	00000000 isattyr.c
00000000 l    df *ABS*	00000000 lseekr.c
00000000 l    df *ABS*	00000000 memmove.c
00000000 l    df *ABS*	00000000 mlock.c
00000000 l    df *ABS*	00000000 nano-mallocr.c
00000000 l    df *ABS*	00000000 readr.c
00000000 l    df *ABS*	00000000 nano-mallocr.c
00000000 l    df *ABS*	00000000 close.c
00000000 l    df *ABS*	00000000 fstat.c
00000000 l    df *ABS*	00000000 isatty.c
00000000 l    df *ABS*	00000000 lseek.c
00000000 l    df *ABS*	00000000 read.c
00000000 l    df *ABS*	00000000 fonts.c
00000000 l    df *ABS*	00000000 impure.c
2000015c l     O .data	00000060 impure_data
00000000 l    df *ABS*	00000000 global.c
00000000 l    df *ABS*	00000000 reent.c
0000a63a g     F .text	00000014 _malloc_usable_size_r
000085b2  w      .text	00000000 EXTI2_IRQHandler
00006c90 g     F .text	000000be I2C_WRITE_ONE_BYTE
0000a500 g     F .text	00000030 _isatty_r
00005278 g     F .text	000001ee CombufDeal
00006ece g     F .text	0000000a SSD1306_GotoXY
0000918e g     F .text	00000010 strcpy
00008648 g     F .text	0000001a FLASH_Unlock
00009068 g     F .text	000000d4 _puts_r
0000a530 g     F .text	00000034 _lseek_r
0000891e g     F .text	0000001a GPIO_ReadOutputDataBit
00009028 g     F .text	00000040 printf
200009c0 g       .data	00000000 __global_pointer$
00005108 g     F .text	00000028 .hidden __riscv_save_8
000085b2  w      .text	00000000 TIM1_CC_IRQHandler
00007c32 g     F .text	00000062 TIM2_ChangBase
2000147c g     O .bss	00000200 inputBuff
0000a432 g     F .text	00000030 __sseek
000095b4 g     F .text	0000006c __sinit
000091b0 g     F .text	000000bc __swbuf_r
00007220 g     F .text	00000002 HardFault_Handler
000086f0 g     F .text	00000054 FLASH_ProgramWord
0000956e g     F .text	00000046 __sfmoreglue
0000a5ac g     F .text	00000002 __malloc_unlock
00006a4c g     F .text	00000020 USBFSH_ClearEndpStall
00005154 g     F .text	0000000c .hidden __riscv_restore_3
00005d6a g     F .text	0000002a HUB_CheckPortSpeed
00006e68 g     F .text	0000001c SSD1306_Fill
00007338 g     F .text	00000054 ReadConfig
000085b2  w      .text	00000000 SysTick_Handler
00008b14 g     F .text	00000054 NVIC_Init
00006ab0 g     F .text	0000003c USBFSH_SendEndpData
000085b2  w      .text	00000000 PVD_IRQHandler
000069f8 g     F .text	00000034 USBFSH_SetUsbAddress
0000a564 g     F .text	00000046 memmove
00005140 g     F .text	00000020 .hidden __riscv_restore_10
0000721e g     F .text	00000002 NMI_Handler
000085b2  w      .text	00000000 EXTI3_IRQHandler
20000270 g     O .bss	00000001 stge
00005108 g     F .text	00000028 .hidden __riscv_save_11
0000863e g     F .text	0000000a DBGMCU_GetCHIPID
000064d8 g     F .text	00000042 USBFS_RCC_Init
00008e00 g     F .text	0000000a USART_GetFlagStatus
0000a4ce g     F .text	00000032 _fstat_r
0000693a g     F .text	00000068 USBFSH_GetConfigDescr
20000ffc g     O .bss	00000040 USBFS_RX_Buf
200018a4 g     O .bss	00000004 errno
20000250 g       .bss	00000000 _sbss
00000800 g       *ABS*	00000000 __stack_size
00008e9c g     F .text	0000005a USART_Printf_Init
200006a8 g     O .bss	00000532 HostCtl
0000558e g     F .text	00000042 USBH_AnalyseType
000086b4 g     F .text	0000003c FLASH_ErasePage
00006a2c g     F .text	00000020 USBFSH_SetUsbConfig
000085b2  w      .text	00000000 USBFS_IRQHandler
00005154 g     F .text	0000000c .hidden __riscv_restore_2
2000025c g     O .bss	00000004 inputBuffSize
00008f76 g     F .text	000000b2 memcpy
0000796e g     F .text	0000005e TIM4_Init
00009564 g     F .text	0000000a _cleanup_r
00009a7a g     F .text	0000026a _svfprintf_r
00006aec g     F .text	0000002a HID_GetHidDesr
000085b2  w      .text	00000000 EXTI0_IRQHandler
000085b2  w      .text	00000000 I2C2_EV_IRQHandler
00008d04 g     F .text	00000018 TIM_Cmd
00006b16 g     F .text	00000026 HID_SetReport
0000913c g     F .text	0000000c puts
20001688 g     O .bss	00000200 outputBuff
200001d4 g     O .data	00000004 SystemCoreClock
0000a65e g     F .text	00000010 _fstat
00005004 g       .init	00000000 _einit
00008d46 g     F .text	0000000c TIM_ClearITPendingBit
00006f92 g     F .text	00000156 SSD1306_DrawLine
00008c5e g     F .text	0000001e RCC_APB2PeriphClockCmd
00005100 g     F .text	00000030 .hidden __riscv_save_12
00006f68 g     F .text	0000002a SSD1306_Puts
000085b2  w      .text	00000000 ADC1_2_IRQHandler
00008812 g     F .text	000000f2 GPIO_Init
000085b2  w      .text	00000000 Break_Point_Handler
00005140 g     F .text	00000020 .hidden __riscv_restore_11
20000284 g     O .bss	00000004 NVIC_Priority_Group
000085b2  w      .text	00000000 SPI1_IRQHandler
00008de2 g     F .text	00000016 USART_Cmd
0000a38c g     F .text	00000032 _sbrk_r
000085b2  w      .text	00000000 TAMPER_IRQHandler
00005130 g     F .text	0000000c .hidden __riscv_save_1
20001888 g     O .bss	0000001a sendbuf
00005d94 g     F .text	000000d8 USBH_EnumHubPortDevice
00005154 g     F .text	0000000c .hidden __riscv_restore_0
0000a606 g     F .text	00000034 _read_r
2000167c g     O .bss	0000000c msg
00005116 g     F .text	0000001a .hidden __riscv_save_7
20000264 g     O .bss	00000004 outputBuffSize
00008c7c g     F .text	0000001e RCC_APB1PeriphClockCmd
00007c94 g     F .text	00000058 add_wpm
000085b2  w      .text	00000000 Ecall_M_Mode_Handler
20004800 g       .stack	00000000 _heap_end
20000694 g     O .bss	00000012 DevDesc_Buf
0000a66e g     F .text	00000010 _isatty
00008e30 g     F .text	00000036 Delay_Us
2000024c g     O .data	00000004 _global_impure_ptr
0000514a g     F .text	00000016 .hidden __riscv_restore_5
0000a6a0 g     O .text	00000d5c Font11x18
0000a5ae g     F .text	00000058 _realloc_r
00008c40 g     F .text	0000001e RCC_AHBPeriphClockCmd
000085b2  w      .text	00000000 DMA1_Channel4_IRQHandler
00008ab0 g     F .text	00000004 I2C_SendData
00008f34 g     F .text	0000002a _sbrk
00008662 g     F .text	0000000e FLASH_Lock
00008952 g     F .text	000000f8 I2C_Init
0000514a g     F .text	00000016 .hidden __riscv_restore_6
000085b2  w      .text	00000000 USART3_IRQHandler
000085b2  w      .text	00000000 RTC_IRQHandler
200018a8 g       .bss	00000000 _ebss
00006b68 g     F .text	0000002c HUB_GetPortStatus
000085b2  w      .text	00000000 DMA1_Channel7_IRQHandler
00005a42 g     F .text	00000084 KM_DealHidReportDesc
20000260 g     O .bss	00000001 keyboard_in
000085b2  w      .text	00000000 CAN1_RX1_IRQHandler
00008e0a g     F .text	00000026 Delay_Init
00006df2 g     F .text	00000032 ssd1306_I2C_WriteMulti
00006bba g     F .text	00000026 HUB_SetPortFeature
00007b94 g     F .text	00000044 TIM4_IRQHandler
00005108 g     F .text	00000028 .hidden __riscv_save_9
00008938 g     F .text	0000001a GPIO_WriteBit
000070e8 g     F .text	00000136 SSD1306_Init
20000070 g     O .data	00000070 codmapWithShift
00008a62 g     F .text	0000001a I2C_GenerateSTART
0000bc98 g     O .text	00000020 __sf_fake_stderr
00005116 g     F .text	0000001a .hidden __riscv_save_4
000085b2  w      .text	00000000 I2C1_EV_IRQHandler
00009996 g     F .text	000000e4 __ssputs_r
20000271 g     O .bss	00000001 key1
00008d2e g     F .text	00000018 TIM_GetITStatus
20000fdc g     O .bss	0000001f RootHubDev
000055d0 g     F .text	000000f4 USBH_EnumRootDevice
00008b82 g     F .text	000000be RCC_GetClocksFreq
000085b2  w      .text	00000000 DMA1_Channel6_IRQHandler
00009d0c g     F .text	00000042 __sfputs_r
000085b2  w      .text	00000000 UART4_IRQHandler
00008f5e g     F .text	00000018 memchr
00008d52 g     F .text	00000090 USART_Init
00009814 g     F .text	000000a8 _free_r
00005466 g     F .text	00000128 TIM3_IRQHandler
000085b2  w      .text	00000000 RCC_IRQHandler
00005130 g     F .text	0000000c .hidden __riscv_save_3
0000756c g     F .text	00000402 Disp
000085b2  w      .text	00000000 TIM1_TRG_COM_IRQHandler
000058b0 g     F .text	00000192 KM_AnalyzeHidReportDesc
000085b2  w      .text	00000000 DMA1_Channel1_IRQHandler
00005000 g       .init	00000000 _start
2000013c g     O .data	00000010 AHBPrescTable
00008adc g     F .text	00000032 I2C_GetFlagStatus
00008670 g     F .text	00000008 FLASH_ClearFlag
0000a67e g     F .text	00000010 _lseek
20000294 g     O .bss	00000400 Com_Buf
00008690 g     F .text	00000024 FLASH_WaitForLastOperation
00005e6c g     F .text	0000009e KB_AnalyzeKeyValue
000085b2  w      .text	00000000 EXTI15_10_IRQHandler
00008d1c g     F .text	00000012 TIM_ITConfig
00005c44 g     F .text	00000080 HUB_Port_PreEnum1
00005fa2 g     F .text	000000a6 USBH_EnumHidDevice
000085b2  w      .text	00000000 DMA1_Channel8_IRQHandler
00006d4e g     F .text	000000a4 i2c_transmit
00006e24 g     F .text	00000044 SSD1306_UpdateScreen
00008a4a g     F .text	00000018 I2C_Cmd
0000a49e g     F .text	00000030 _close_r
20000000 g       .dalign	00000000 _data_vma
2000026c g     O .bss	00000004 sendCount
20000280 g     O .bss	00000001 MCU_Version
000065b8 g     F .text	0000002e USBFSH_SetSelfSpeed
0000926c g     F .text	000000fc __swsetup_r
00006048 g     F .text	0000046a USBH_MainDeal
000085b2  w      .text	00000000 EXTI9_5_IRQHandler
200000e0 g     O .data	0000005c morse_code_map
00009620 g     F .text	000000a0 __sfp
00005108 g     F .text	00000028 .hidden __riscv_save_10
0000a3be g     F .text	0000002c __sread
00008ab4 g     F .text	00000012 I2C_Send7bitAddress
0000b3fc g     O .text	0000076c Font7x10
0000a5aa g     F .text	00000002 __malloc_lock
0000514a g     F .text	00000016 .hidden __riscv_restore_4
00005140 g     F .text	00000020 .hidden __riscv_restore_8
00009498 g     F .text	00000066 _fflush_r
00005116 g     F .text	0000001a .hidden __riscv_save_6
000085b2  w      .text	00000000 SPI2_IRQHandler
0000bcb8 g     O .text	00000020 __sf_fake_stdin
00005160 g     F .text	000000a8 memset
0000741c g     F .text	000000f0 WriteMsg
00005140 g     F .text	00000020 .hidden __riscv_restore_9
0000514a g     F .text	00000016 .hidden __riscv_restore_7
000079cc g     F .text	000001c8 main
00005208 g     F .text	00000070 TIM3_Init
20000274 g     O .bss	00000001 key2old
0000a462 g     F .text	00000006 __sclose
00006636 g     F .text	0000003c USBFSH_EnableRootHubPort
20000bdc g     O .bss	00000400 Last_Com_Buf
000098bc g     F .text	000000da _malloc_r
2000027c g     O .bss	00000004 sendBufLen
000085b2  w      .text	00000000 DMA1_Channel5_IRQHandler
00008b68 g     F .text	0000001a RCC_USBCLKConfig
000085b2  w      .text	00000000 EXTI4_IRQHandler
00008e66 g     F .text	00000036 Delay_Ms
000085b2  w      .text	00000000 USB_LP_CAN1_RX0_IRQHandler
0000750c g     F .text	00000060 DispWelcome
0000738c g     F .text	00000090 ReadSavedMsg
000069a2 g     F .text	00000056 USBFSH_GetStrDescr
0000843a g     F .text	000000ea SystemInit
00009028 g     F .text	00000040 iprintf
000085b2  w      .text	00000000 USB_HP_CAN1_TX_IRQHandler
00009148 g     F .text	00000046 sprintf
00007cec g     F .text	00000058 sub_wpm
00005000 g       .init	00000000 _sinit
2000103c g     O .bss	00000040 USBFS_TX_Buf
000056c4 g     F .text	000001ec KM_AnalyzeConfigDesc
0000a468 g     F .text	00000036 _write_r
00006e84 g     F .text	0000004a SSD1306_DrawPixel
000085b2  w      .text	00000000 DMA1_Channel3_IRQHandler
20000268 g     O .bss	00000001 saving
00009fdc g     F .text	0000010c _printf_common
200001e0 g     O .data	00000004 _impure_ptr
000085b2  w      .text	00000000 TIM1_UP_IRQHandler
00009368 g     F .text	00000130 __sflush_r
000068fc g     F .text	0000003e USBFSH_GetDeviceDescr
00009a7a g     F .text	0000026a _svfiprintf_r
00006a6c g     F .text	00000044 USBFSH_GetEndpData
000085b2  w      .text	00000000 WWDG_IRQHandler
00007d44 g     F .text	00000038 starSending
00006b94 g     F .text	00000026 HUB_ClearPortFeature
000085b2  w      .text	00000000 Ecall_U_Mode_Handler
200001cc g     O .data	00000008 Font_7x10
20000000 g     O .data	00000070 codmap
00008334 g     F .text	00000106 TIM2_IRQHandler
20005000 g       .stack	00000000 _eusrstack
00005130 g     F .text	0000000c .hidden __riscv_save_2
00006594 g     F .text	00000010 USBFSH_CheckRootHubPortSpeed
000085b2  w      .text	00000000 SW_Handler
00006be0 g     F .text	00000038 HUB_GetClassDevDescr
00006c18 g     F .text	00000078 I2C_init
00005ac6 g     F .text	000000aa HUB_AnalyzeConfigDesc
000085b2  w      .text	00000000 TIM1_BRK_IRQHandler
0000972a g     F .text	00000058 __swhatbuf_r
00008df8 g     F .text	00000008 USART_SendData
00006566 g     F .text	0000002e USBFSH_CheckRootHubPortStatus
00006ed8 g     F .text	00000090 SSD1306_Putc
000085b2  w      .text	00000000 EXTI1_IRQHandler
00005116 g     F .text	0000001a .hidden __riscv_save_5
00008ef6 g     F .text	0000003e _write
20000250 g       .data	00000000 _edata
200018a8 g       .bss	00000000 _end
00007d7c g     F .text	00000046 endSending
20000273 g     O .bss	00000001 key2
00008c9a g     F .text	0000006a TIM_TimeBaseInit
000085b2  w      .text	00000000 RTCAlarm_IRQHandler
00005cc4 g     F .text	000000a6 HUB_Port_PreEnum2
0000bd34 g       .dlalign	00000000 _data_lma
0000651a g     F .text	0000004c USBFS_Host_Init
00006b3c g     F .text	0000002c HID_SetIdle
000085b2  w      .text	00000000 USART2_IRQHandler
0000a3ea g     F .text	00000048 __swrite
000065e6 g     F .text	00000050 USBFSH_ResetRootHubPort
00009d4e g     F .text	0000028e _vfiprintf_r
000096c0 g     F .text	0000006a _fwalk_reent
00008524 g     F .text	0000008e SystemCoreClockUpdate
200001c4 g     O .data	00000008 Font_11x18
00007222 g     F .text	00000060 InitGPIOs
000085b2  w      .text	00000000 I2C2_ER_IRQHandler
00005f0a g     F .text	00000098 KB_SetReport
00008744 g     F .text	000000ce FLASH_ROM_WRITE
000085b2  w      .text	00000000 DMA1_Channel2_IRQHandler
0000bcd8 g     O .text	00000020 __sf_fake_stdout
00009148 g     F .text	00000046 siprintf
0000513c g     F .text	00000024 .hidden __riscv_restore_12
0000a68e g     F .text	00000010 _read
000085b4  w      .text	00000000 handle_reset
000085b2  w      .text	00000000 CAN1_SCE_IRQHandler
000085b2  w      .text	00000000 FLASH_IRQHandler
00005130 g     F .text	0000000c .hidden __riscv_save_0
000085b2  w      .text	00000000 USBFSWakeUp_IRQHandler
00005b70 g     F .text	000000d4 USBH_EnumHubDevice
00007bd8 g     F .text	0000005a TIM2_Init
000085b2  w      .text	00000000 USART1_IRQHandler
00009782 g     F .text	00000092 __smakebuf_r
00008a96 g     F .text	0000001a I2C_AcknowledgeConfig
0000919e g     F .text	00000012 strlen
0000a0e8 g     F .text	000002a4 _printf_i
20000290 g     O .bss	00000004 __malloc_sbrk_start
000065a4 g     F .text	00000014 USBFSH_SetSelfAddr
00008ac6 g     F .text	00000016 I2C_CheckEvent
00008a7c g     F .text	0000001a I2C_GenerateSTOP
000085b2  w      .text	00000000 I2C1_ER_IRQHandler
00008b0e g     F .text	00000006 NVIC_PriorityGroupConfig
00006672 g     F .text	000000f4 USBFSH_Transact
00007dc2 g     F .text	00000572 bufCovn
2000028c g     O .bss	00000004 __malloc_free_list
00005154 g     F .text	0000000c .hidden __riscv_restore_1
00009d4e g     F .text	0000028e _vfprintf_r
00007282 g     F .text	000000b6 WriteConfig
20000272 g     O .bss	00000001 key1old
00008904 g     F .text	0000001a GPIO_ReadInputDataBit
00008678 g     F .text	00000018 FLASH_GetBank1Status
20000258 g     O .bss	00000004 config
000085b2  w      .text	00000000 USBWakeUp_IRQHandler
0000a64e g     F .text	00000010 _close
20000256 g     O .bss	00000001 bufCovnMark
00006766 g     F .text	00000196 USBFSH_CtrlTransfer



Disassembly of section .init:

00005000 <_sinit>:
    5000:	5b40306f          	j	85b4 <handle_reset>

Disassembly of section .vector:

00005004 <_vector_base>:
    5004:	5000                	lw	s0,32(s0)
    5006:	0000                	unimp
    5008:	0000                	unimp
    500a:	0000                	unimp
    500c:	721e                	flw	ft4,228(sp)
    500e:	0000                	unimp
    5010:	7220                	flw	fs0,96(a2)
    5012:	0000                	unimp
    5014:	0000                	unimp
    5016:	0000                	unimp
    5018:	85b2                	mv	a1,a2
	...
    5022:	0000                	unimp
    5024:	85b2                	mv	a1,a2
    5026:	0000                	unimp
    5028:	85b2                	mv	a1,a2
	...
    5032:	0000                	unimp
    5034:	85b2                	mv	a1,a2
    5036:	0000                	unimp
    5038:	0000                	unimp
    503a:	0000                	unimp
    503c:	85b2                	mv	a1,a2
    503e:	0000                	unimp
    5040:	0000                	unimp
    5042:	0000                	unimp
    5044:	85b2                	mv	a1,a2
    5046:	0000                	unimp
    5048:	85b2                	mv	a1,a2
    504a:	0000                	unimp
    504c:	85b2                	mv	a1,a2
    504e:	0000                	unimp
    5050:	85b2                	mv	a1,a2
    5052:	0000                	unimp
    5054:	85b2                	mv	a1,a2
    5056:	0000                	unimp
    5058:	85b2                	mv	a1,a2
    505a:	0000                	unimp
    505c:	85b2                	mv	a1,a2
    505e:	0000                	unimp
    5060:	85b2                	mv	a1,a2
    5062:	0000                	unimp
    5064:	85b2                	mv	a1,a2
    5066:	0000                	unimp
    5068:	85b2                	mv	a1,a2
    506a:	0000                	unimp
    506c:	85b2                	mv	a1,a2
    506e:	0000                	unimp
    5070:	85b2                	mv	a1,a2
    5072:	0000                	unimp
    5074:	85b2                	mv	a1,a2
    5076:	0000                	unimp
    5078:	85b2                	mv	a1,a2
    507a:	0000                	unimp
    507c:	85b2                	mv	a1,a2
    507e:	0000                	unimp
    5080:	85b2                	mv	a1,a2
    5082:	0000                	unimp
    5084:	85b2                	mv	a1,a2
    5086:	0000                	unimp
    5088:	85b2                	mv	a1,a2
    508a:	0000                	unimp
    508c:	85b2                	mv	a1,a2
    508e:	0000                	unimp
    5090:	85b2                	mv	a1,a2
    5092:	0000                	unimp
    5094:	85b2                	mv	a1,a2
    5096:	0000                	unimp
    5098:	85b2                	mv	a1,a2
    509a:	0000                	unimp
    509c:	85b2                	mv	a1,a2
    509e:	0000                	unimp
    50a0:	85b2                	mv	a1,a2
    50a2:	0000                	unimp
    50a4:	85b2                	mv	a1,a2
    50a6:	0000                	unimp
    50a8:	85b2                	mv	a1,a2
    50aa:	0000                	unimp
    50ac:	85b2                	mv	a1,a2
    50ae:	0000                	unimp
    50b0:	85b2                	mv	a1,a2
    50b2:	0000                	unimp
    50b4:	8334                	lhu	a3,6(sp)
    50b6:	0000                	unimp
    50b8:	5466                	lw	s0,120(sp)
    50ba:	0000                	unimp
    50bc:	7b94                	flw	fa3,48(a5)
    50be:	0000                	unimp
    50c0:	85b2                	mv	a1,a2
    50c2:	0000                	unimp
    50c4:	85b2                	mv	a1,a2
    50c6:	0000                	unimp
    50c8:	85b2                	mv	a1,a2
    50ca:	0000                	unimp
    50cc:	85b2                	mv	a1,a2
    50ce:	0000                	unimp
    50d0:	85b2                	mv	a1,a2
    50d2:	0000                	unimp
    50d4:	85b2                	mv	a1,a2
    50d6:	0000                	unimp
    50d8:	85b2                	mv	a1,a2
    50da:	0000                	unimp
    50dc:	85b2                	mv	a1,a2
    50de:	0000                	unimp
    50e0:	85b2                	mv	a1,a2
    50e2:	0000                	unimp
    50e4:	85b2                	mv	a1,a2
    50e6:	0000                	unimp
    50e8:	85b2                	mv	a1,a2
    50ea:	0000                	unimp
    50ec:	85b2                	mv	a1,a2
    50ee:	0000                	unimp
    50f0:	85b2                	mv	a1,a2
    50f2:	0000                	unimp
    50f4:	85b2                	mv	a1,a2
    50f6:	0000                	unimp
    50f8:	85b2                	mv	a1,a2
    50fa:	0000                	unimp
    50fc:	85b2                	mv	a1,a2
	...

Disassembly of section .text:

00005100 <__riscv_save_12>:
    5100:	7139                	addi	sp,sp,-64
    5102:	4301                	li	t1,0
    5104:	c66e                	sw	s11,12(sp)
    5106:	a019                	j	510c <__riscv_save_10+0x4>

00005108 <__riscv_save_10>:
    5108:	7139                	addi	sp,sp,-64
    510a:	5341                	li	t1,-16
    510c:	c86a                	sw	s10,16(sp)
    510e:	ca66                	sw	s9,20(sp)
    5110:	cc62                	sw	s8,24(sp)
    5112:	ce5e                	sw	s7,28(sp)
    5114:	a019                	j	511a <__riscv_save_4+0x4>

00005116 <__riscv_save_4>:
    5116:	7139                	addi	sp,sp,-64
    5118:	5301                	li	t1,-32
    511a:	d05a                	sw	s6,32(sp)
    511c:	d256                	sw	s5,36(sp)
    511e:	d452                	sw	s4,40(sp)
    5120:	d64e                	sw	s3,44(sp)
    5122:	d84a                	sw	s2,48(sp)
    5124:	da26                	sw	s1,52(sp)
    5126:	dc22                	sw	s0,56(sp)
    5128:	de06                	sw	ra,60(sp)
    512a:	40610133          	sub	sp,sp,t1
    512e:	8282                	jr	t0

00005130 <__riscv_save_0>:
    5130:	1141                	addi	sp,sp,-16
    5132:	c04a                	sw	s2,0(sp)
    5134:	c226                	sw	s1,4(sp)
    5136:	c422                	sw	s0,8(sp)
    5138:	c606                	sw	ra,12(sp)
    513a:	8282                	jr	t0

0000513c <__riscv_restore_12>:
    513c:	4db2                	lw	s11,12(sp)
    513e:	0141                	addi	sp,sp,16

00005140 <__riscv_restore_10>:
    5140:	4d02                	lw	s10,0(sp)
    5142:	4c92                	lw	s9,4(sp)
    5144:	4c22                	lw	s8,8(sp)
    5146:	4bb2                	lw	s7,12(sp)
    5148:	0141                	addi	sp,sp,16

0000514a <__riscv_restore_4>:
    514a:	4b02                	lw	s6,0(sp)
    514c:	4a92                	lw	s5,4(sp)
    514e:	4a22                	lw	s4,8(sp)
    5150:	49b2                	lw	s3,12(sp)
    5152:	0141                	addi	sp,sp,16

00005154 <__riscv_restore_0>:
    5154:	4902                	lw	s2,0(sp)
    5156:	4492                	lw	s1,4(sp)
    5158:	4422                	lw	s0,8(sp)
    515a:	40b2                	lw	ra,12(sp)
    515c:	0141                	addi	sp,sp,16
    515e:	8082                	ret

00005160 <memset>:
    5160:	433d                	li	t1,15
    5162:	872a                	mv	a4,a0
    5164:	02c37363          	bgeu	t1,a2,518a <memset+0x2a>
    5168:	00f77793          	andi	a5,a4,15
    516c:	efbd                	bnez	a5,51ea <memset+0x8a>
    516e:	e5ad                	bnez	a1,51d8 <memset+0x78>
    5170:	ff067693          	andi	a3,a2,-16
    5174:	8a3d                	andi	a2,a2,15
    5176:	96ba                	add	a3,a3,a4
    5178:	c30c                	sw	a1,0(a4)
    517a:	c34c                	sw	a1,4(a4)
    517c:	c70c                	sw	a1,8(a4)
    517e:	c74c                	sw	a1,12(a4)
    5180:	0741                	addi	a4,a4,16
    5182:	fed76be3          	bltu	a4,a3,5178 <memset+0x18>
    5186:	e211                	bnez	a2,518a <memset+0x2a>
    5188:	8082                	ret
    518a:	40c306b3          	sub	a3,t1,a2
    518e:	068a                	slli	a3,a3,0x2
    5190:	00000297          	auipc	t0,0x0
    5194:	9696                	add	a3,a3,t0
    5196:	00a68067          	jr	10(a3)
    519a:	00b70723          	sb	a1,14(a4)
    519e:	00b706a3          	sb	a1,13(a4)
    51a2:	00b70623          	sb	a1,12(a4)
    51a6:	00b705a3          	sb	a1,11(a4)
    51aa:	00b70523          	sb	a1,10(a4)
    51ae:	00b704a3          	sb	a1,9(a4)
    51b2:	00b70423          	sb	a1,8(a4)
    51b6:	00b703a3          	sb	a1,7(a4)
    51ba:	00b70323          	sb	a1,6(a4)
    51be:	00b702a3          	sb	a1,5(a4)
    51c2:	00b70223          	sb	a1,4(a4)
    51c6:	00b701a3          	sb	a1,3(a4)
    51ca:	00b70123          	sb	a1,2(a4)
    51ce:	00b700a3          	sb	a1,1(a4)
    51d2:	00b70023          	sb	a1,0(a4)
    51d6:	8082                	ret
    51d8:	0ff5f593          	andi	a1,a1,255
    51dc:	00859693          	slli	a3,a1,0x8
    51e0:	8dd5                	or	a1,a1,a3
    51e2:	01059693          	slli	a3,a1,0x10
    51e6:	8dd5                	or	a1,a1,a3
    51e8:	b761                	j	5170 <memset+0x10>
    51ea:	00279693          	slli	a3,a5,0x2
    51ee:	00000297          	auipc	t0,0x0
    51f2:	9696                	add	a3,a3,t0
    51f4:	8286                	mv	t0,ra
    51f6:	fa8680e7          	jalr	-88(a3)
    51fa:	8096                	mv	ra,t0
    51fc:	17c1                	addi	a5,a5,-16
    51fe:	8f1d                	sub	a4,a4,a5
    5200:	963e                	add	a2,a2,a5
    5202:	f8c374e3          	bgeu	t1,a2,518a <memset+0x2a>
    5206:	b7a5                	j	516e <memset+0xe>

00005208 <TIM3_Init>:
    5208:	f29ff2ef          	jal	t0,5130 <__riscv_save_0>
    520c:	1101                	addi	sp,sp,-32
    520e:	84aa                	mv	s1,a0
    5210:	842e                	mv	s0,a1
    5212:	4509                	li	a0,2
    5214:	4585                	li	a1,1
    5216:	ca02                	sw	zero,20(sp)
    5218:	cc02                	sw	zero,24(sp)
    521a:	00011e23          	sh	zero,28(sp)
    521e:	c602                	sw	zero,12(sp)
    5220:	c802                	sw	zero,16(sp)
    5222:	25b030ef          	jal	ra,8c7c <RCC_APB1PeriphClockCmd>
    5226:	82e0                	sh	s0,20(sp)
    5228:	40000437          	lui	s0,0x40000
    522c:	084c                	addi	a1,sp,20
    522e:	40040513          	addi	a0,s0,1024 # 40000400 <_eusrstack+0x1fffb400>
    5232:	84e4                	sh	s1,24(sp)
    5234:	00011d23          	sh	zero,26(sp)
    5238:	00011b23          	sh	zero,22(sp)
    523c:	25f030ef          	jal	ra,8c9a <TIM_TimeBaseInit>
    5240:	4605                	li	a2,1
    5242:	4585                	li	a1,1
    5244:	40040513          	addi	a0,s0,1024
    5248:	2d5030ef          	jal	ra,8d1c <TIM_ITConfig>
    524c:	12d00793          	li	a5,301
    5250:	867c                	sh	a5,12(sp)
    5252:	4785                	li	a5,1
    5254:	875c                	sb	a5,14(sp)
    5256:	0068                	addi	a0,sp,12
    5258:	4785                	li	a5,1
    525a:	c83e                	sw	a5,16(sp)
    525c:	0b9030ef          	jal	ra,8b14 <NVIC_Init>
    5260:	4585                	li	a1,1
    5262:	40040513          	addi	a0,s0,1024
    5266:	29f030ef          	jal	ra,8d04 <TIM_Cmd>
    526a:	e000e7b7          	lui	a5,0xe000e
    526e:	6709                	lui	a4,0x2
    5270:	10e7a223          	sw	a4,260(a5) # e000e104 <_eusrstack+0xc0009104>
    5274:	6105                	addi	sp,sp,32
    5276:	bdf9                	j	5154 <__riscv_restore_0>

00005278 <CombufDeal>:
    5278:	e91ff2ef          	jal	t0,5108 <__riscv_save_10>
    527c:	8d418793          	addi	a5,gp,-1836 # 20000294 <Com_Buf>
    5280:	23b8                	lbu	a4,2(a5)
    5282:	33fc                	lbu	a5,7(a5)
    5284:	1141                	addi	sp,sp,-16
    5286:	00f71c63          	bne	a4,a5,529e <CombufDeal+0x26>
    528a:	40000613          	li	a2,1024
    528e:	8d418593          	addi	a1,gp,-1836 # 20000294 <Com_Buf>
    5292:	21c18513          	addi	a0,gp,540 # 20000bdc <Last_Com_Buf>
    5296:	4e1030ef          	jal	ra,8f76 <memcpy>
    529a:	0141                	addi	sp,sp,16
    529c:	b555                	j	5140 <__riscv_restore_10>
    529e:	8d418313          	addi	t1,gp,-1836 # 20000294 <Com_Buf>
    52a2:	00034603          	lbu	a2,0(t1)
    52a6:	20000537          	lui	a0,0x20000
    52aa:	20000837          	lui	a6,0x20000
    52ae:	02267613          	andi	a2,a2,34
    52b2:	4401                	li	s0,0
    52b4:	4709                	li	a4,2
    52b6:	21c18593          	addi	a1,gp,540 # 20000bdc <Last_Com_Buf>
    52ba:	48a1                	li	a7,8
    52bc:	00050513          	mv	a0,a0
    52c0:	07080813          	addi	a6,a6,112 # 20000070 <codmapWithShift>
    52c4:	00e307b3          	add	a5,t1,a4
    52c8:	239c                	lbu	a5,0(a5)
    52ca:	cb8d                	beqz	a5,52fc <CombufDeal+0x84>
    52cc:	4689                	li	a3,2
    52ce:	4e05                	li	t3,1
    52d0:	00d58eb3          	add	t4,a1,a3
    52d4:	000ece83          	lbu	t4,0(t4)
    52d8:	00fe9363          	bne	t4,a5,52de <CombufDeal+0x66>
    52dc:	4e01                	li	t3,0
    52de:	0685                	addi	a3,a3,1
    52e0:	ff1698e3          	bne	a3,a7,52d0 <CombufDeal+0x58>
    52e4:	000e0c63          	beqz	t3,52fc <CombufDeal+0x84>
    52e8:	0804                	addi	s1,sp,16
    52ea:	00140693          	addi	a3,s0,1
    52ee:	9426                	add	s0,s0,s1
    52f0:	c251                	beqz	a2,5374 <CombufDeal+0xfc>
    52f2:	97c2                	add	a5,a5,a6
    52f4:	239c                	lbu	a5,0(a5)
    52f6:	fef40c23          	sb	a5,-8(s0)
    52fa:	8436                	mv	s0,a3
    52fc:	0705                	addi	a4,a4,1
    52fe:	fd1713e3          	bne	a4,a7,52c4 <CombufDeal+0x4c>
    5302:	d441                	beqz	s0,528a <CombufDeal+0x12>
    5304:	20001937          	lui	s2,0x20001
    5308:	20001b37          	lui	s6,0x20001
    530c:	4a01                	li	s4,0
    530e:	47c90913          	addi	s2,s2,1148 # 2000147c <inputBuff>
    5312:	89818a93          	addi	s5,gp,-1896 # 20000258 <config>
    5316:	688b0b13          	addi	s6,s6,1672 # 20001688 <outputBuff>
    531a:	081c                	addi	a5,sp,16
    531c:	97d2                	add	a5,a5,s4
    531e:	ff87c783          	lbu	a5,-8(a5)
    5322:	46e5                	li	a3,25
    5324:	fdf7f713          	andi	a4,a5,-33
    5328:	fbf70713          	addi	a4,a4,-65 # 1fbf <__stack_size+0x17bf>
    532c:	0ff77713          	andi	a4,a4,255
    5330:	04e6fc63          	bgeu	a3,a4,5388 <CombufDeal+0x110>
    5334:	fe078713          	addi	a4,a5,-32
    5338:	0ff77693          	andi	a3,a4,255
    533c:	477d                	li	a4,31
    533e:	02d77d63          	bgeu	a4,a3,5378 <CombufDeal+0x100>
    5342:	06e79a63          	bne	a5,a4,53b6 <CombufDeal+0x13e>
    5346:	001ac783          	lbu	a5,1(s5)
    534a:	c3b5                	beqz	a5,53ae <CombufDeal+0x136>
    534c:	89c1ac03          	lw	s8,-1892(gp) # 2000025c <inputBuffSize>
    5350:	85ca                	mv	a1,s2
    5352:	855a                	mv	a0,s6
    5354:	8662                	mv	a2,s8
    5356:	421030ef          	jal	ra,8f76 <memcpy>
    535a:	8b81a223          	sw	s8,-1884(gp) # 20000264 <outputBuffSize>
    535e:	20000613          	li	a2,512
    5362:	9c5a                	add	s8,s8,s6
    5364:	4581                	li	a1,0
    5366:	854a                	mv	a0,s2
    5368:	000c0023          	sb	zero,0(s8)
    536c:	8801ae23          	sw	zero,-1892(gp) # 2000025c <inputBuffSize>
    5370:	3bc5                	jal	5160 <memset>
    5372:	a825                	j	53aa <CombufDeal+0x132>
    5374:	97aa                	add	a5,a5,a0
    5376:	bfbd                	j	52f4 <CombufDeal+0x7c>
    5378:	b0000737          	lui	a4,0xb0000
    537c:	80370713          	addi	a4,a4,-2045 # affff803 <_eusrstack+0x8fffa803>
    5380:	00d75733          	srl	a4,a4,a3
    5384:	8b05                	andi	a4,a4,1
    5386:	c745                	beqz	a4,542e <CombufDeal+0x1b6>
    5388:	89c1a683          	lw	a3,-1892(gp) # 2000025c <inputBuffSize>
    538c:	00168713          	addi	a4,a3,1
    5390:	96ca                	add	a3,a3,s2
    5392:	a29c                	sb	a5,0(a3)
    5394:	88e1ae23          	sw	a4,-1892(gp) # 2000025c <inputBuffSize>
    5398:	974a                	add	a4,a4,s2
    539a:	00070023          	sb	zero,0(a4)
    539e:	001ac783          	lbu	a5,1(s5)
    53a2:	8b01c703          	lbu	a4,-1872(gp) # 20000270 <stge>
    53a6:	8fd9                	or	a5,a5,a4
    53a8:	e399                	bnez	a5,53ae <CombufDeal+0x136>
    53aa:	19b020ef          	jal	ra,7d44 <starSending>
    53ae:	0a05                	addi	s4,s4,1
    53b0:	f74415e3          	bne	s0,s4,531a <CombufDeal+0xa2>
    53b4:	bdd9                	j	528a <CombufDeal+0x12>
    53b6:	476d                	li	a4,27
    53b8:	00e79e63          	bne	a5,a4,53d4 <CombufDeal+0x15c>
    53bc:	1c1020ef          	jal	ra,7d7c <endSending>
    53c0:	20000613          	li	a2,512
    53c4:	4581                	li	a1,0
    53c6:	854a                	mv	a0,s2
    53c8:	8801ae23          	sw	zero,-1892(gp) # 2000025c <inputBuffSize>
    53cc:	3b51                	jal	5160 <memset>
    53ce:	8a01a623          	sw	zero,-1876(gp) # 2000026c <sendCount>
    53d2:	bff1                	j	53ae <CombufDeal+0x136>
    53d4:	07f00713          	li	a4,127
    53d8:	02e79563          	bne	a5,a4,5402 <CombufDeal+0x18a>
    53dc:	89c1a783          	lw	a5,-1892(gp) # 2000025c <inputBuffSize>
    53e0:	c781                	beqz	a5,53e8 <CombufDeal+0x170>
    53e2:	17fd                	addi	a5,a5,-1
    53e4:	88f1ae23          	sw	a5,-1892(gp) # 2000025c <inputBuffSize>
    53e8:	89c1a783          	lw	a5,-1892(gp) # 2000025c <inputBuffSize>
    53ec:	01278733          	add	a4,a5,s2
    53f0:	00070023          	sb	zero,0(a4)
    53f4:	8ac1a683          	lw	a3,-1876(gp) # 2000026c <sendCount>
    53f8:	fad7fbe3          	bgeu	a5,a3,53ae <CombufDeal+0x136>
    53fc:	8af1a623          	sw	a5,-1876(gp) # 2000026c <sendCount>
    5400:	b77d                	j	53ae <CombufDeal+0x136>
    5402:	4705                	li	a4,1
    5404:	4505                	li	a0,1
    5406:	00e78a63          	beq	a5,a4,541a <CombufDeal+0x1a2>
    540a:	4709                	li	a4,2
    540c:	4505                	li	a0,1
    540e:	00e78d63          	beq	a5,a4,5428 <CombufDeal+0x1b0>
    5412:	4771                	li	a4,28
    5414:	00e79663          	bne	a5,a4,5420 <CombufDeal+0x1a8>
    5418:	4515                	li	a0,5
    541a:	0d3020ef          	jal	ra,7cec <sub_wpm>
    541e:	bf41                	j	53ae <CombufDeal+0x136>
    5420:	4775                	li	a4,29
    5422:	00e79663          	bne	a5,a4,542e <CombufDeal+0x1b6>
    5426:	4515                	li	a0,5
    5428:	06d020ef          	jal	ra,7c94 <add_wpm>
    542c:	b749                	j	53ae <CombufDeal+0x136>
    542e:	ffd78513          	addi	a0,a5,-3
    5432:	0ff57513          	andi	a0,a0,255
    5436:	472d                	li	a4,11
    5438:	00a76563          	bltu	a4,a0,5442 <CombufDeal+0x1ca>
    543c:	751010ef          	jal	ra,738c <ReadSavedMsg>
    5440:	b7bd                	j	53ae <CombufDeal+0x136>
    5442:	ff178513          	addi	a0,a5,-15
    5446:	0ff57513          	andi	a0,a0,255
    544a:	f6a762e3          	bltu	a4,a0,53ae <CombufDeal+0x136>
    544e:	7cf010ef          	jal	ra,741c <WriteMsg>
    5452:	20000613          	li	a2,512
    5456:	4581                	li	a1,0
    5458:	854a                	mv	a0,s2
    545a:	8801ae23          	sw	zero,-1892(gp) # 2000025c <inputBuffSize>
    545e:	8a01a623          	sw	zero,-1876(gp) # 2000026c <sendCount>
    5462:	39fd                	jal	5160 <memset>
    5464:	b7a9                	j	53ae <CombufDeal+0x136>

00005466 <TIM3_IRQHandler>:
    5466:	1141                	addi	sp,sp,-16
    5468:	c622                	sw	s0,12(sp)
    546a:	40000437          	lui	s0,0x40000
    546e:	4585                	li	a1,1
    5470:	40040513          	addi	a0,s0,1024 # 40000400 <_eusrstack+0x1fffb400>
    5474:	0bb030ef          	jal	ra,8d2e <TIM_GetITStatus>
    5478:	10050763          	beqz	a0,5586 <TIM3_IRQHandler+0x120>
    547c:	4585                	li	a1,1
    547e:	40040513          	addi	a0,s0,1024
    5482:	0c5030ef          	jal	ra,8d46 <TIM_ClearITPendingBit>
    5486:	61c18693          	addi	a3,gp,1564 # 20000fdc <RootHubDev>
    548a:	2290                	lbu	a2,0(a3)
    548c:	4789                	li	a5,2
    548e:	00c7ee63          	bltu	a5,a2,54aa <TIM3_IRQHandler+0x44>
    5492:	200007b7          	lui	a5,0x20000
    5496:	1c078793          	addi	a5,a5,448 # 200001c0 <start_count_down.5219>
    549a:	4398                	lw	a4,0(a5)
    549c:	0ee04363          	bgtz	a4,5582 <TIM3_IRQHandler+0x11c>
    54a0:	e37d                	bnez	a4,5586 <TIM3_IRQHandler+0x120>
    54a2:	8801ae23          	sw	zero,-1892(gp) # 2000025c <inputBuffSize>
    54a6:	577d                	li	a4,-1
    54a8:	a8f1                	j	5584 <TIM3_IRQHandler+0x11e>
    54aa:	3290                	lbu	a2,1(a3)
    54ac:	458d                	li	a1,3
    54ae:	32dc                	lbu	a5,5(a3)
    54b0:	04b61363          	bne	a2,a1,54f6 <TIM3_IRQHandler+0x90>
    54b4:	10a00713          	li	a4,266
    54b8:	02e78733          	mul	a4,a5,a4
    54bc:	ce818793          	addi	a5,gp,-792 # 200006a8 <HostCtl>
    54c0:	4681                	li	a3,0
    54c2:	97ba                	add	a5,a5,a4
    54c4:	0007c803          	lbu	a6,0(a5)
    54c8:	fcd805e3          	beq	a6,a3,5492 <TIM3_IRQHandler+0x2c>
    54cc:	2788                	lbu	a0,8(a5)
    54ce:	863e                	mv	a2,a5
    54d0:	4701                	li	a4,0
    54d2:	a809                	j	54e4 <TIM3_IRQHandler+0x7e>
    54d4:	02164583          	lbu	a1,33(a2)
    54d8:	0705                	addi	a4,a4,1
    54da:	0ff77713          	andi	a4,a4,255
    54de:	0585                	addi	a1,a1,1
    54e0:	02b600a3          	sb	a1,33(a2)
    54e4:	0605                	addi	a2,a2,1
    54e6:	fee517e3          	bne	a0,a4,54d4 <TIM3_IRQHandler+0x6e>
    54ea:	0685                	addi	a3,a3,1
    54ec:	0ff6f693          	andi	a3,a3,255
    54f0:	04278793          	addi	a5,a5,66
    54f4:	bfd1                	j	54c8 <TIM3_IRQHandler+0x62>
    54f6:	45a5                	li	a1,9
    54f8:	f8b61de3          	bne	a2,a1,5492 <TIM3_IRQHandler+0x2c>
    54fc:	10a00513          	li	a0,266
    5500:	02a787b3          	mul	a5,a5,a0
    5504:	ce818593          	addi	a1,gp,-792 # 200006a8 <HostCtl>
    5508:	0066c303          	lbu	t1,6(a3)
    550c:	61c18713          	addi	a4,gp,1564 # 20000fdc <RootHubDev>
    5510:	4681                	li	a3,0
    5512:	ce818513          	addi	a0,gp,-792 # 200006a8 <HostCtl>
    5516:	4e09                	li	t3,2
    5518:	4e8d                	li	t4,3
    551a:	10a00f13          	li	t5,266
    551e:	97ae                	add	a5,a5,a1
    5520:	0227c583          	lbu	a1,34(a5)
    5524:	0585                	addi	a1,a1,1
    5526:	02b78123          	sb	a1,34(a5)
    552a:	f6d304e3          	beq	t1,a3,5492 <TIM3_IRQHandler+0x2c>
    552e:	337c                	lbu	a5,7(a4)
    5530:	04fe7463          	bgeu	t3,a5,5578 <TIM3_IRQHandler+0x112>
    5534:	271c                	lbu	a5,8(a4)
    5536:	05d79163          	bne	a5,t4,5578 <TIM3_IRQHandler+0x112>
    553a:	275c                	lbu	a5,12(a4)
    553c:	4581                	li	a1,0
    553e:	03e787b3          	mul	a5,a5,t5
    5542:	97aa                	add	a5,a5,a0
    5544:	0007c283          	lbu	t0,0(a5)
    5548:	02b28863          	beq	t0,a1,5578 <TIM3_IRQHandler+0x112>
    554c:	0087cf83          	lbu	t6,8(a5)
    5550:	883e                	mv	a6,a5
    5552:	4601                	li	a2,0
    5554:	a809                	j	5566 <TIM3_IRQHandler+0x100>
    5556:	02184883          	lbu	a7,33(a6)
    555a:	0605                	addi	a2,a2,1
    555c:	0ff67613          	andi	a2,a2,255
    5560:	0885                	addi	a7,a7,1
    5562:	031800a3          	sb	a7,33(a6)
    5566:	0805                	addi	a6,a6,1
    5568:	fecf97e3          	bne	t6,a2,5556 <TIM3_IRQHandler+0xf0>
    556c:	0585                	addi	a1,a1,1
    556e:	0ff5f593          	andi	a1,a1,255
    5572:	04278793          	addi	a5,a5,66
    5576:	bfc9                	j	5548 <TIM3_IRQHandler+0xe2>
    5578:	0685                	addi	a3,a3,1
    557a:	0ff6f693          	andi	a3,a3,255
    557e:	0719                	addi	a4,a4,6
    5580:	b76d                	j	552a <TIM3_IRQHandler+0xc4>
    5582:	177d                	addi	a4,a4,-1
    5584:	c398                	sw	a4,0(a5)
    5586:	4432                	lw	s0,12(sp)
    5588:	0141                	addi	sp,sp,16
    558a:	30200073          	mret

0000558e <USBH_AnalyseType>:
    558e:	2158                	lbu	a4,4(a0)
    5590:	46a1                	li	a3,8
    5592:	00d70563          	beq	a4,a3,559c <USBH_AnalyseType+0xe>
    5596:	25fc                	lbu	a5,14(a1)
    5598:	00d79563          	bne	a5,a3,55a2 <USBH_AnalyseType+0x14>
    559c:	47a1                	li	a5,8
    559e:	a21c                	sb	a5,0(a2)
    55a0:	8082                	ret
    55a2:	469d                	li	a3,7
    55a4:	00d70463          	beq	a4,a3,55ac <USBH_AnalyseType+0x1e>
    55a8:	00d79463          	bne	a5,a3,55b0 <USBH_AnalyseType+0x22>
    55ac:	479d                	li	a5,7
    55ae:	bfc5                	j	559e <USBH_AnalyseType+0x10>
    55b0:	468d                	li	a3,3
    55b2:	00d70463          	beq	a4,a3,55ba <USBH_AnalyseType+0x2c>
    55b6:	00d79463          	bne	a5,a3,55be <USBH_AnalyseType+0x30>
    55ba:	478d                	li	a5,3
    55bc:	b7cd                	j	559e <USBH_AnalyseType+0x10>
    55be:	46a5                	li	a3,9
    55c0:	00d70463          	beq	a4,a3,55c8 <USBH_AnalyseType+0x3a>
    55c4:	00d79463          	bne	a5,a3,55cc <USBH_AnalyseType+0x3e>
    55c8:	47a5                	li	a5,9
    55ca:	bfd1                	j	559e <USBH_AnalyseType+0x10>
    55cc:	57fd                	li	a5,-1
    55ce:	bfc1                	j	559e <USBH_AnalyseType+0x10>

000055d0 <USBH_EnumRootDevice>:
    55d0:	b39ff2ef          	jal	t0,5108 <__riscv_save_10>
    55d4:	61c18493          	addi	s1,gp,1564 # 20000fdc <RootHubDev>
    55d8:	1141                	addi	sp,sp,-16
    55da:	4401                	li	s0,0
    55dc:	00348b13          	addi	s6,s1,3
    55e0:	4b99                	li	s7,6
    55e2:	00448c13          	addi	s8,s1,4
    55e6:	8d418993          	addi	s3,gp,-1836 # 20000294 <Com_Buf>
    55ea:	06400513          	li	a0,100
    55ee:	079030ef          	jal	ra,8e66 <Delay_Ms>
    55f2:	0405                	addi	s0,s0,1
    55f4:	0ff47413          	andi	s0,s0,255
    55f8:	4521                	li	a0,8
    55fa:	00851533          	sll	a0,a0,s0
    55fe:	069030ef          	jal	ra,8e66 <Delay_Ms>
    5602:	4501                	li	a0,0
    5604:	7e3000ef          	jal	ra,65e6 <USBFSH_ResetRootHubPort>
    5608:	4901                	li	s2,0
    560a:	4a01                	li	s4,0
    560c:	06400c93          	li	s9,100
    5610:	855a                	mv	a0,s6
    5612:	024010ef          	jal	ra,6636 <USBFSH_EnableRootHubPort>
    5616:	e519                	bnez	a0,5624 <USBH_EnumRootDevice+0x54>
    5618:	0a05                	addi	s4,s4,1
    561a:	0ffa7a13          	andi	s4,s4,255
    561e:	054be463          	bltu	s7,s4,5666 <USBH_EnumRootDevice+0x96>
    5622:	4901                	li	s2,0
    5624:	0905                	addi	s2,s2,1
    5626:	0942                	slli	s2,s2,0x10
    5628:	4505                	li	a0,1
    562a:	01095913          	srli	s2,s2,0x10
    562e:	039030ef          	jal	ra,8e66 <Delay_Ms>
    5632:	fd991fe3          	bne	s2,s9,5610 <USBH_EnumRootDevice+0x40>
    5636:	4795                	li	a5,5
    5638:	fa87f9e3          	bgeu	a5,s0,55ea <USBH_EnumRootDevice+0x1a>
    563c:	4559                	li	a0,22
    563e:	a031                	j	564a <USBH_EnumRootDevice+0x7a>
    5640:	4795                	li	a5,5
    5642:	fa87f4e3          	bgeu	a5,s0,55ea <USBH_EnumRootDevice+0x1a>
    5646:	04500513          	li	a0,69
    564a:	0141                	addi	sp,sp,16
    564c:	bcd5                	j	5140 <__riscv_restore_10>
    564e:	4795                	li	a5,5
    5650:	f887fde3          	bgeu	a5,s0,55ea <USBH_EnumRootDevice+0x1a>
    5654:	04600513          	li	a0,70
    5658:	bfcd                	j	564a <USBH_EnumRootDevice+0x7a>
    565a:	4795                	li	a5,5
    565c:	f887f7e3          	bgeu	a5,s0,55ea <USBH_EnumRootDevice+0x1a>
    5660:	04700513          	li	a0,71
    5664:	b7dd                	j	564a <USBH_EnumRootDevice+0x7a>
    5666:	cd418593          	addi	a1,gp,-812 # 20000694 <DevDesc_Buf>
    566a:	8562                	mv	a0,s8
    566c:	290010ef          	jal	ra,68fc <USBFSH_GetDeviceDescr>
    5670:	f961                	bnez	a0,5640 <USBH_EnumRootDevice+0x70>
    5672:	20c8                	lbu	a0,4(s1)
    5674:	4909                	li	s2,2
    5676:	4589                	li	a1,2
    5678:	01248123          	sb	s2,2(s1)
    567c:	37c010ef          	jal	ra,69f8 <USBFSH_SetUsbAddress>
    5680:	f579                	bnez	a0,564e <USBH_EnumRootDevice+0x7e>
    5682:	4515                	li	a0,5
    5684:	01248123          	sb	s2,2(s1)
    5688:	7de030ef          	jal	ra,8e66 <Delay_Ms>
    568c:	20c8                	lbu	a0,4(s1)
    568e:	00e10693          	addi	a3,sp,14
    5692:	40000613          	li	a2,1024
    5696:	85ce                	mv	a1,s3
    5698:	2a2010ef          	jal	ra,693a <USBFSH_GetConfigDescr>
    569c:	fd5d                	bnez	a0,565a <USBH_EnumRootDevice+0x8a>
    569e:	85ce                	mv	a1,s3
    56a0:	cd418513          	addi	a0,gp,-812 # 20000694 <DevDesc_Buf>
    56a4:	00148613          	addi	a2,s1,1
    56a8:	0059c903          	lbu	s2,5(s3)
    56ac:	35cd                	jal	558e <USBH_AnalyseType>
    56ae:	20c8                	lbu	a0,4(s1)
    56b0:	85ca                	mv	a1,s2
    56b2:	37a010ef          	jal	ra,6a2c <USBFSH_SetUsbConfig>
    56b6:	d951                	beqz	a0,564a <USBH_EnumRootDevice+0x7a>
    56b8:	4795                	li	a5,5
    56ba:	f287f8e3          	bgeu	a5,s0,55ea <USBH_EnumRootDevice+0x1a>
    56be:	0fb00513          	li	a0,251
    56c2:	b761                	j	564a <USBH_EnumRootDevice+0x7a>

000056c4 <KM_AnalyzeConfigDesc>:
    56c4:	a45ff2ef          	jal	t0,5108 <__riscv_save_10>
    56c8:	10a00a13          	li	s4,266
    56cc:	03450a33          	mul	s4,a0,s4
    56d0:	ce818993          	addi	s3,gp,-792 # 200006a8 <HostCtl>
    56d4:	8c2a                	mv	s8,a0
    56d6:	8aae                	mv	s5,a1
    56d8:	4481                	li	s1,0
    56da:	4401                	li	s0,0
    56dc:	8d418913          	addi	s2,gp,-1836 # 20000294 <Com_Buf>
    56e0:	4b89                	li	s7,2
    56e2:	01498b33          	add	s6,s3,s4
    56e6:	00394783          	lbu	a5,3(s2)
    56ea:	00294703          	lbu	a4,2(s2)
    56ee:	07a2                	slli	a5,a5,0x8
    56f0:	97ba                	add	a5,a5,a4
    56f2:	1af45c63          	bge	s0,a5,58aa <KM_AnalyzeConfigDesc+0x1e6>
    56f6:	008907b3          	add	a5,s2,s0
    56fa:	3398                	lbu	a4,1(a5)
    56fc:	03771263          	bne	a4,s7,5720 <KM_AnalyzeConfigDesc+0x5c>
    5700:	23dc                	lbu	a5,4(a5)
    5702:	4711                	li	a4,4
    5704:	00f77b63          	bgeu	a4,a5,571a <KM_AnalyzeConfigDesc+0x56>
    5708:	00eb0023          	sb	a4,0(s6)
    570c:	008907b3          	add	a5,s2,s0
    5710:	239c                	lbu	a5,0(a5)
    5712:	943e                	add	s0,s0,a5
    5714:	0442                	slli	s0,s0,0x10
    5716:	8041                	srli	s0,s0,0x10
    5718:	b7f9                	j	56e6 <KM_AnalyzeConfigDesc+0x22>
    571a:	00fb0023          	sb	a5,0(s6)
    571e:	b7fd                	j	570c <KM_AnalyzeConfigDesc+0x48>
    5720:	4691                	li	a3,4
    5722:	fed717e3          	bne	a4,a3,5710 <KM_AnalyzeConfigDesc+0x4c>
    5726:	18e48263          	beq	s1,a4,58aa <KM_AnalyzeConfigDesc+0x1e6>
    572a:	33d4                	lbu	a3,5(a5)
    572c:	470d                	li	a4,3
    572e:	16e69063          	bne	a3,a4,588e <KM_AnalyzeConfigDesc+0x1ca>
    5732:	23f8                	lbu	a4,6(a5)
    5734:	4685                	li	a3,1
    5736:	12e6ed63          	bltu	a3,a4,5870 <KM_AnalyzeConfigDesc+0x1ac>
    573a:	33f8                	lbu	a4,7(a5)
    573c:	12ebea63          	bltu	s7,a4,5870 <KM_AnalyzeConfigDesc+0x1ac>
    5740:	0ad71d63          	bne	a4,a3,57fa <KM_AnalyzeConfigDesc+0x136>
    5744:	04200793          	li	a5,66
    5748:	02f487b3          	mul	a5,s1,a5
    574c:	97d2                	add	a5,a5,s4
    574e:	97ce                	add	a5,a5,s3
    5750:	a3b8                	sb	a4,2(a5)
    5752:	4681                	li	a3,0
    5754:	4601                	li	a2,0
    5756:	85a6                	mv	a1,s1
    5758:	8556                	mv	a0,s5
    575a:	3e2010ef          	jal	ra,6b3c <HID_SetIdle>
    575e:	008907b3          	add	a5,s2,s0
    5762:	239c                	lbu	a5,0(a5)
    5764:	02100893          	li	a7,33
    5768:	08500713          	li	a4,133
    576c:	943e                	add	s0,s0,a5
    576e:	04200793          	li	a5,66
    5772:	02f487b3          	mul	a5,s1,a5
    5776:	00294303          	lbu	t1,2(s2)
    577a:	0442                	slli	s0,s0,0x10
    577c:	8041                	srli	s0,s0,0x10
    577e:	4681                	li	a3,0
    5780:	4501                	li	a0,0
    5782:	4e11                	li	t3,4
    5784:	4e95                	li	t4,5
    5786:	03148833          	mul	a6,s1,a7
    578a:	97d2                	add	a5,a5,s4
    578c:	97ce                	add	a5,a5,s3
    578e:	02ec0733          	mul	a4,s8,a4
    5792:	983a                	add	a6,a6,a4
    5794:	00890733          	add	a4,s2,s0
    5798:	3310                	lbu	a2,1(a4)
    579a:	0bc60863          	beq	a2,t3,584a <KM_AnalyzeConfigDesc+0x186>
    579e:	0a647663          	bgeu	s0,t1,584a <KM_AnalyzeConfigDesc+0x186>
    57a2:	230c                	lbu	a1,0(a4)
    57a4:	942e                	add	s0,s0,a1
    57a6:	0442                	slli	s0,s0,0x10
    57a8:	8041                	srli	s0,s0,0x10
    57aa:	09d61863          	bne	a2,t4,583a <KM_AnalyzeConfigDesc+0x176>
    57ae:	3350                	lbu	a2,5(a4)
    57b0:	232c                	lbu	a1,2(a4)
    57b2:	00474f03          	lbu	t5,4(a4)
    57b6:	0622                	slli	a2,a2,0x8
    57b8:	00f5f293          	andi	t0,a1,15
    57bc:	967a                	add	a2,a2,t5
    57be:	05e2                	slli	a1,a1,0x18
    57c0:	0642                	slli	a2,a2,0x10
    57c2:	85e1                	srai	a1,a1,0x18
    57c4:	00374f83          	lbu	t6,3(a4)
    57c8:	8241                	srli	a2,a2,0x10
    57ca:	0405d363          	bgez	a1,5810 <KM_AnalyzeConfigDesc+0x14c>
    57ce:	2378                	lbu	a4,6(a4)
    57d0:	00a78f33          	add	t5,a5,a0
    57d4:	00a805b3          	add	a1,a6,a0
    57d8:	00ef0f23          	sb	a4,30(t5)
    57dc:	2798                	lbu	a4,8(a5)
    57de:	05a1                	addi	a1,a1,8
    57e0:	0586                	slli	a1,a1,0x1
    57e2:	95ce                	add	a1,a1,s3
    57e4:	0705                	addi	a4,a4,1
    57e6:	0505                	addi	a0,a0,1
    57e8:	005f04a3          	sb	t0,9(t5)
    57ec:	01ff06a3          	sb	t6,13(t5)
    57f0:	a1b2                	sh	a2,2(a1)
    57f2:	a798                	sb	a4,8(a5)
    57f4:	0ff57513          	andi	a0,a0,255
    57f8:	bf71                	j	5794 <KM_AnalyzeConfigDesc+0xd0>
    57fa:	f77712e3          	bne	a4,s7,575e <KM_AnalyzeConfigDesc+0x9a>
    57fe:	04200793          	li	a5,66
    5802:	02f487b3          	mul	a5,s1,a5
    5806:	97d2                	add	a5,a5,s4
    5808:	97ce                	add	a5,a5,s3
    580a:	01778123          	sb	s7,2(a5)
    580e:	b791                	j	5752 <KM_AnalyzeConfigDesc+0x8e>
    5810:	00d78733          	add	a4,a5,a3
    5814:	025703a3          	sb	t0,39(a4)
    5818:	03f705a3          	sb	t6,43(a4)
    581c:	00d80733          	add	a4,a6,a3
    5820:	0741                	addi	a4,a4,16
    5822:	0706                	slli	a4,a4,0x1
    5824:	974e                	add	a4,a4,s3
    5826:	ab12                	sh	a2,16(a4)
    5828:	0267c703          	lbu	a4,38(a5)
    582c:	0685                	addi	a3,a3,1
    582e:	0ff6f693          	andi	a3,a3,255
    5832:	0705                	addi	a4,a4,1
    5834:	02e78323          	sb	a4,38(a5)
    5838:	bfb1                	j	5794 <KM_AnalyzeConfigDesc+0xd0>
    583a:	f5161de3          	bne	a2,a7,5794 <KM_AnalyzeConfigDesc+0xd0>
    583e:	2710                	lbu	a2,8(a4)
    5840:	3378                	lbu	a4,7(a4)
    5842:	0622                	slli	a2,a2,0x8
    5844:	8f51                	or	a4,a4,a2
    5846:	a3da                	sh	a4,4(a5)
    5848:	b7b1                	j	5794 <KM_AnalyzeConfigDesc+0xd0>
    584a:	4785                	li	a5,1
    584c:	00f69e63          	bne	a3,a5,5868 <KM_AnalyzeConfigDesc+0x1a4>
    5850:	04200793          	li	a5,66
    5854:	02f487b3          	mul	a5,s1,a5
    5858:	97d2                	add	a5,a5,s4
    585a:	97ce                	add	a5,a5,s3
    585c:	23b8                	lbu	a4,2(a5)
    585e:	00d71563          	bne	a4,a3,5868 <KM_AnalyzeConfigDesc+0x1a4>
    5862:	577d                	li	a4,-1
    5864:	04e78023          	sb	a4,64(a5)
    5868:	0485                	addi	s1,s1,1
    586a:	0ff4f493          	andi	s1,s1,255
    586e:	bda5                	j	56e6 <KM_AnalyzeConfigDesc+0x22>
    5870:	04200793          	li	a5,66
    5874:	02f487b3          	mul	a5,s1,a5
    5878:	577d                	li	a4,-1
    587a:	97d2                	add	a5,a5,s4
    587c:	97ce                	add	a5,a5,s3
    587e:	a3b8                	sb	a4,2(a5)
    5880:	008907b3          	add	a5,s2,s0
    5884:	239c                	lbu	a5,0(a5)
    5886:	943e                	add	s0,s0,a5
    5888:	0442                	slli	s0,s0,0x10
    588a:	8041                	srli	s0,s0,0x10
    588c:	bff1                	j	5868 <KM_AnalyzeConfigDesc+0x1a4>
    588e:	04200793          	li	a5,66
    5892:	02f484b3          	mul	s1,s1,a5
    5896:	10a00793          	li	a5,266
    589a:	02fc0c33          	mul	s8,s8,a5
    589e:	57fd                	li	a5,-1
    58a0:	9c26                	add	s8,s8,s1
    58a2:	ce818493          	addi	s1,gp,-792 # 200006a8 <HostCtl>
    58a6:	94e2                	add	s1,s1,s8
    58a8:	a0bc                	sb	a5,2(s1)
    58aa:	4501                	li	a0,0
    58ac:	895ff06f          	j	5140 <__riscv_restore_10>

000058b0 <KM_AnalyzeHidReportDesc>:
    58b0:	8d41c683          	lbu	a3,-1836(gp) # 20000294 <Com_Buf>
    58b4:	4795                	li	a5,5
    58b6:	18f69563          	bne	a3,a5,5a40 <KM_AnalyzeHidReportDesc+0x190>
    58ba:	8d418713          	addi	a4,gp,-1836 # 20000294 <Com_Buf>
    58be:	3314                	lbu	a3,1(a4)
    58c0:	4785                	li	a5,1
    58c2:	16f69f63          	bne	a3,a5,5a40 <KM_AnalyzeHidReportDesc+0x190>
    58c6:	2334                	lbu	a3,2(a4)
    58c8:	47a5                	li	a5,9
    58ca:	16f69b63          	bne	a3,a5,5a40 <KM_AnalyzeHidReportDesc+0x190>
    58ce:	3334                	lbu	a3,3(a4)
    58d0:	4799                	li	a5,6
    58d2:	16f69763          	bne	a3,a5,5a40 <KM_AnalyzeHidReportDesc+0x190>
    58d6:	04200693          	li	a3,66
    58da:	10a00813          	li	a6,266
    58de:	03050833          	mul	a6,a0,a6
    58e2:	ce818613          	addi	a2,gp,-792 # 200006a8 <HostCtl>
    58e6:	1101                	addi	sp,sp,-32
    58e8:	ce22                	sw	s0,28(sp)
    58ea:	cc26                	sw	s1,24(sp)
    58ec:	ca4a                	sw	s2,20(sp)
    58ee:	c84e                	sw	s3,16(sp)
    58f0:	c652                	sw	s4,12(sp)
    58f2:	c456                	sw	s5,8(sp)
    58f4:	02d586b3          	mul	a3,a1,a3
    58f8:	c25a                	sw	s6,4(sp)
    58fa:	c05e                	sw	s7,0(sp)
    58fc:	4791                	li	a5,4
    58fe:	4301                	li	t1,0
    5900:	4e81                	li	t4,0
    5902:	4f01                	li	t5,0
    5904:	4e01                	li	t3,0
    5906:	ce818893          	addi	a7,gp,-792 # 200006a8 <HostCtl>
    590a:	4411                	li	s0,4
    590c:	96c2                	add	a3,a3,a6
    590e:	9636                	add	a2,a2,a3
    5910:	00465383          	lhu	t2,4(a2)
    5914:	4801                	li	a6,0
    5916:	07000f93          	li	t6,112
    591a:	08000493          	li	s1,128
    591e:	09000293          	li	t0,144
    5922:	4921                	li	s2,8
    5924:	49c1                	li	s3,16
    5926:	02000a13          	li	s4,32
    592a:	4a85                	li	s5,1
    592c:	0477e063          	bltu	a5,t2,596c <KM_AnalyzeHidReportDesc+0xbc>
    5930:	47a1                	li	a5,8
    5932:	0ef31a63          	bne	t1,a5,5a26 <KM_AnalyzeHidReportDesc+0x176>
    5936:	04200793          	li	a5,66
    593a:	10a00713          	li	a4,266
    593e:	02f587b3          	mul	a5,a1,a5
    5942:	02e50733          	mul	a4,a0,a4
    5946:	97ba                	add	a5,a5,a4
    5948:	00f885b3          	add	a1,a7,a5
    594c:	0405c783          	lbu	a5,64(a1)
    5950:	e781                	bnez	a5,5958 <KM_AnalyzeHidReportDesc+0xa8>
    5952:	4785                	li	a5,1
    5954:	04f58023          	sb	a5,64(a1)
    5958:	4472                	lw	s0,28(sp)
    595a:	44e2                	lw	s1,24(sp)
    595c:	4952                	lw	s2,20(sp)
    595e:	49c2                	lw	s3,16(sp)
    5960:	4a32                	lw	s4,12(sp)
    5962:	4aa2                	lw	s5,8(sp)
    5964:	4b12                	lw	s6,4(sp)
    5966:	4b82                	lw	s7,0(sp)
    5968:	6105                	addi	sp,sp,32
    596a:	8082                	ret
    596c:	00f706b3          	add	a3,a4,a5
    5970:	2294                	lbu	a3,0(a3)
    5972:	0785                	addi	a5,a5,1
    5974:	07c2                	slli	a5,a5,0x10
    5976:	00c6fb93          	andi	s7,a3,12
    597a:	0036fb13          	andi	s6,a3,3
    597e:	83c1                	srli	a5,a5,0x10
    5980:	0f06f693          	andi	a3,a3,240
    5984:	028b8d63          	beq	s7,s0,59be <KM_AnalyzeHidReportDesc+0x10e>
    5988:	072b8b63          	beq	s7,s2,59fe <KM_AnalyzeHidReportDesc+0x14e>
    598c:	020b9563          	bnez	s7,59b6 <KM_AnalyzeHidReportDesc+0x106>
    5990:	02569363          	bne	a3,t0,59b6 <KM_AnalyzeHidReportDesc+0x106>
    5994:	02080163          	beqz	a6,59b6 <KM_AnalyzeHidReportDesc+0x106>
    5998:	03ee86b3          	mul	a3,t4,t5
    599c:	9336                	add	t1,t1,a3
    599e:	0342                	slli	t1,t1,0x10
    59a0:	01035313          	srli	t1,t1,0x10
    59a4:	000e0963          	beqz	t3,59b6 <KM_AnalyzeHidReportDesc+0x106>
    59a8:	03c64683          	lbu	a3,60(a2)
    59ac:	e689                	bnez	a3,59b6 <KM_AnalyzeHidReportDesc+0x106>
    59ae:	03560e23          	sb	s5,60(a2)
    59b2:	03c60ea3          	sb	t3,61(a2)
    59b6:	97da                	add	a5,a5,s6
    59b8:	07c2                	slli	a5,a5,0x10
    59ba:	83c1                	srli	a5,a5,0x10
    59bc:	bf85                	j	592c <KM_AnalyzeHidReportDesc+0x7c>
    59be:	03f68b63          	beq	a3,t6,59f4 <KM_AnalyzeHidReportDesc+0x144>
    59c2:	00dfeb63          	bltu	t6,a3,59d8 <KM_AnalyzeHidReportDesc+0x128>
    59c6:	fae5                	bnez	a3,59b6 <KM_AnalyzeHidReportDesc+0x106>
    59c8:	00f706b3          	add	a3,a4,a5
    59cc:	0006c803          	lbu	a6,0(a3)
    59d0:	1861                	addi	a6,a6,-8
    59d2:	00183813          	seqz	a6,a6
    59d6:	b7c5                	j	59b6 <KM_AnalyzeHidReportDesc+0x106>
    59d8:	00968963          	beq	a3,s1,59ea <KM_AnalyzeHidReportDesc+0x13a>
    59dc:	fc569de3          	bne	a3,t0,59b6 <KM_AnalyzeHidReportDesc+0x106>
    59e0:	00f706b3          	add	a3,a4,a5
    59e4:	0006ce83          	lbu	t4,0(a3)
    59e8:	b7f9                	j	59b6 <KM_AnalyzeHidReportDesc+0x106>
    59ea:	00f706b3          	add	a3,a4,a5
    59ee:	0006ce03          	lbu	t3,0(a3)
    59f2:	b7d1                	j	59b6 <KM_AnalyzeHidReportDesc+0x106>
    59f4:	00f706b3          	add	a3,a4,a5
    59f8:	0006cf03          	lbu	t5,0(a3)
    59fc:	bf6d                	j	59b6 <KM_AnalyzeHidReportDesc+0x106>
    59fe:	01368c63          	beq	a3,s3,5a16 <KM_AnalyzeHidReportDesc+0x166>
    5a02:	fb469ae3          	bne	a3,s4,59b6 <KM_AnalyzeHidReportDesc+0x106>
    5a06:	fa0808e3          	beqz	a6,59b6 <KM_AnalyzeHidReportDesc+0x106>
    5a0a:	00f706b3          	add	a3,a4,a5
    5a0e:	2294                	lbu	a3,0(a3)
    5a10:	02d60fa3          	sb	a3,63(a2)
    5a14:	b74d                	j	59b6 <KM_AnalyzeHidReportDesc+0x106>
    5a16:	fa0800e3          	beqz	a6,59b6 <KM_AnalyzeHidReportDesc+0x106>
    5a1a:	00f706b3          	add	a3,a4,a5
    5a1e:	2294                	lbu	a3,0(a3)
    5a20:	02d60f23          	sb	a3,62(a2)
    5a24:	bf49                	j	59b6 <KM_AnalyzeHidReportDesc+0x106>
    5a26:	04200793          	li	a5,66
    5a2a:	02f587b3          	mul	a5,a1,a5
    5a2e:	10a00593          	li	a1,266
    5a32:	02b50533          	mul	a0,a0,a1
    5a36:	97aa                	add	a5,a5,a0
    5a38:	97c6                	add	a5,a5,a7
    5a3a:	04078023          	sb	zero,64(a5)
    5a3e:	bf29                	j	5958 <KM_AnalyzeHidReportDesc+0xa8>
    5a40:	8082                	ret

00005a42 <KM_DealHidReportDesc>:
    5a42:	ebeff2ef          	jal	t0,5100 <__riscv_save_12>
    5a46:	10a00493          	li	s1,266
    5a4a:	029504b3          	mul	s1,a0,s1
    5a4e:	ce818993          	addi	s3,gp,-792 # 200006a8 <HostCtl>
    5a52:	1141                	addi	sp,sp,-16
    5a54:	8aaa                	mv	s5,a0
    5a56:	c62e                	sw	a1,12(sp)
    5a58:	4b01                	li	s6,0
    5a5a:	ce818a13          	addi	s4,gp,-792 # 200006a8 <HostCtl>
    5a5e:	04200b93          	li	s7,66
    5a62:	99a6                	add	s3,s3,s1
    5a64:	0009c403          	lbu	s0,0(s3)
    5a68:	00448c13          	addi	s8,s1,4
    5a6c:	4d15                	li	s10,5
    5a6e:	c821                	beqz	s0,5abe <KM_DealHidReportDesc+0x7c>
    5a70:	0009c903          	lbu	s2,0(s3)
    5a74:	40890933          	sub	s2,s2,s0
    5a78:	0ff97913          	andi	s2,s2,255
    5a7c:	037906b3          	mul	a3,s2,s7
    5a80:	009687b3          	add	a5,a3,s1
    5a84:	97d2                	add	a5,a5,s4
    5a86:	23de                	lhu	a5,4(a5)
    5a88:	c39d                	beqz	a5,5aae <KM_DealHidReportDesc+0x6c>
    5a8a:	96e2                	add	a3,a3,s8
    5a8c:	00da0db3          	add	s11,s4,a3
    5a90:	4532                	lw	a0,12(sp)
    5a92:	001b0713          	addi	a4,s6,1
    5a96:	86ee                	mv	a3,s11
    5a98:	8d418613          	addi	a2,gp,-1836 # 20000294 <Com_Buf>
    5a9c:	85ca                	mv	a1,s2
    5a9e:	0ff77b13          	andi	s6,a4,255
    5aa2:	04a010ef          	jal	ra,6aec <HID_GetHidDesr>
    5aa6:	e901                	bnez	a0,5ab6 <KM_DealHidReportDesc+0x74>
    5aa8:	85ca                	mv	a1,s2
    5aaa:	8556                	mv	a0,s5
    5aac:	3511                	jal	58b0 <KM_AnalyzeHidReportDesc>
    5aae:	147d                	addi	s0,s0,-1
    5ab0:	0ff47413          	andi	s0,s0,255
    5ab4:	bf6d                	j	5a6e <KM_DealHidReportDesc+0x2c>
    5ab6:	fd6d7de3          	bgeu	s10,s6,5a90 <KM_DealHidReportDesc+0x4e>
    5aba:	04800413          	li	s0,72
    5abe:	8522                	mv	a0,s0
    5ac0:	0141                	addi	sp,sp,16
    5ac2:	e7aff06f          	j	513c <__riscv_restore_12>

00005ac6 <HUB_AnalyzeConfigDesc>:
    5ac6:	10a00713          	li	a4,266
    5aca:	02e50533          	mul	a0,a0,a4
    5ace:	8d418793          	addi	a5,gp,-1836 # 20000294 <Com_Buf>
    5ad2:	33b0                	lbu	a2,3(a5)
    5ad4:	23bc                	lbu	a5,2(a5)
    5ad6:	0622                	slli	a2,a2,0x8
    5ad8:	ce818693          	addi	a3,gp,-792 # 200006a8 <HostCtl>
    5adc:	963e                	add	a2,a2,a5
    5ade:	8d418593          	addi	a1,gp,-1836 # 20000294 <Com_Buf>
    5ae2:	4781                	li	a5,0
    5ae4:	4309                	li	t1,2
    5ae6:	4811                	li	a6,4
    5ae8:	4e25                	li	t3,9
    5aea:	4e95                	li	t4,5
    5aec:	9536                	add	a0,a0,a3
    5aee:	4885                	li	a7,1
    5af0:	00c7c463          	blt	a5,a2,5af8 <HUB_AnalyzeConfigDesc+0x32>
    5af4:	4501                	li	a0,0
    5af6:	8082                	ret
    5af8:	00f58733          	add	a4,a1,a5
    5afc:	00074f03          	lbu	t5,0(a4)
    5b00:	3314                	lbu	a3,1(a4)
    5b02:	97fa                	add	a5,a5,t5
    5b04:	07c2                	slli	a5,a5,0x10
    5b06:	83c1                	srli	a5,a5,0x10
    5b08:	00669a63          	bne	a3,t1,5b1c <HUB_AnalyzeConfigDesc+0x56>
    5b0c:	2358                	lbu	a4,4(a4)
    5b0e:	00e8f563          	bgeu	a7,a4,5b18 <HUB_AnalyzeConfigDesc+0x52>
    5b12:	01150023          	sb	a7,0(a0) # 20000000 <_data_vma>
    5b16:	bfe9                	j	5af0 <HUB_AnalyzeConfigDesc+0x2a>
    5b18:	a118                	sb	a4,0(a0)
    5b1a:	bfd9                	j	5af0 <HUB_AnalyzeConfigDesc+0x2a>
    5b1c:	fd069ae3          	bne	a3,a6,5af0 <HUB_AnalyzeConfigDesc+0x2a>
    5b20:	3358                	lbu	a4,5(a4)
    5b22:	fdc717e3          	bne	a4,t3,5af0 <HUB_AnalyzeConfigDesc+0x2a>
    5b26:	00f58733          	add	a4,a1,a5
    5b2a:	3314                	lbu	a3,1(a4)
    5b2c:	fd0682e3          	beq	a3,a6,5af0 <HUB_AnalyzeConfigDesc+0x2a>
    5b30:	fcc7d0e3          	bge	a5,a2,5af0 <HUB_AnalyzeConfigDesc+0x2a>
    5b34:	00074f03          	lbu	t5,0(a4)
    5b38:	97fa                	add	a5,a5,t5
    5b3a:	07c2                	slli	a5,a5,0x10
    5b3c:	83c1                	srli	a5,a5,0x10
    5b3e:	ffd694e3          	bne	a3,t4,5b26 <HUB_AnalyzeConfigDesc+0x60>
    5b42:	2334                	lbu	a3,2(a4)
    5b44:	01869f13          	slli	t5,a3,0x18
    5b48:	418f5f13          	srai	t5,t5,0x18
    5b4c:	fc0f5de3          	bgez	t5,5b26 <HUB_AnalyzeConfigDesc+0x60>
    5b50:	8abd                	andi	a3,a3,15
    5b52:	b514                	sb	a3,9(a0)
    5b54:	3334                	lbu	a3,3(a4)
    5b56:	00474f03          	lbu	t5,4(a4)
    5b5a:	b554                	sb	a3,13(a0)
    5b5c:	3354                	lbu	a3,5(a4)
    5b5e:	2378                	lbu	a4,6(a4)
    5b60:	06a2                	slli	a3,a3,0x8
    5b62:	ad78                	sb	a4,30(a0)
    5b64:	2518                	lbu	a4,8(a0)
    5b66:	96fa                	add	a3,a3,t5
    5b68:	a936                	sh	a3,18(a0)
    5b6a:	0705                	addi	a4,a4,1
    5b6c:	a518                	sb	a4,8(a0)
    5b6e:	bf65                	j	5b26 <HUB_AnalyzeConfigDesc+0x60>

00005b70 <USBH_EnumHubDevice>:
    5b70:	da6ff2ef          	jal	t0,5116 <__riscv_save_4>
    5b74:	61c18793          	addi	a5,gp,1564 # 20000fdc <RootHubDev>
    5b78:	33c8                	lbu	a0,5(a5)
    5b7a:	1141                	addi	sp,sp,-16
    5b7c:	37a9                	jal	5ac6 <HUB_AnalyzeConfigDesc>
    5b7e:	892a                	mv	s2,a0
    5b80:	ed55                	bnez	a0,5c3c <USBH_EnumHubDevice+0xcc>
    5b82:	8d418793          	addi	a5,gp,-1836 # 20000294 <Com_Buf>
    5b86:	23ec                	lbu	a1,6(a5)
    5b88:	61c18413          	addi	s0,gp,1564 # 20000fdc <RootHubDev>
    5b8c:	8d418a13          	addi	s4,gp,-1836 # 20000294 <Com_Buf>
    5b90:	c591                	beqz	a1,5b9c <USBH_EnumHubDevice+0x2c>
    5b92:	2048                	lbu	a0,4(s0)
    5b94:	8d418613          	addi	a2,gp,-1836 # 20000294 <Com_Buf>
    5b98:	60b000ef          	jal	ra,69a2 <USBFSH_GetStrDescr>
    5b9c:	cd418793          	addi	a5,gp,-812 # 20000694 <DevDesc_Buf>
    5ba0:	27ec                	lbu	a1,14(a5)
    5ba2:	cd418913          	addi	s2,gp,-812 # 20000694 <DevDesc_Buf>
    5ba6:	c591                	beqz	a1,5bb2 <USBH_EnumHubDevice+0x42>
    5ba8:	2048                	lbu	a0,4(s0)
    5baa:	8d418613          	addi	a2,gp,-1836 # 20000294 <Com_Buf>
    5bae:	5f5000ef          	jal	ra,69a2 <USBFSH_GetStrDescr>
    5bb2:	00f94583          	lbu	a1,15(s2)
    5bb6:	c591                	beqz	a1,5bc2 <USBH_EnumHubDevice+0x52>
    5bb8:	2048                	lbu	a0,4(s0)
    5bba:	8d418613          	addi	a2,gp,-1836 # 20000294 <Com_Buf>
    5bbe:	5e5000ef          	jal	ra,69a2 <USBFSH_GetStrDescr>
    5bc2:	01094583          	lbu	a1,16(s2)
    5bc6:	c591                	beqz	a1,5bd2 <USBH_EnumHubDevice+0x62>
    5bc8:	2048                	lbu	a0,4(s0)
    5bca:	8d418613          	addi	a2,gp,-1836 # 20000294 <Com_Buf>
    5bce:	5d5000ef          	jal	ra,69a2 <USBFSH_GetStrDescr>
    5bd2:	4995                	li	s3,5
    5bd4:	2048                	lbu	a0,4(s0)
    5bd6:	00e10613          	addi	a2,sp,14
    5bda:	8d418593          	addi	a1,gp,-1836 # 20000294 <Com_Buf>
    5bde:	002010ef          	jal	ra,6be0 <HUB_GetClassDevDescr>
    5be2:	892a                	mv	s2,a0
    5be4:	e529                	bnez	a0,5c2e <USBH_EnumHubDevice+0xbe>
    5be6:	002a4703          	lbu	a4,2(s4)
    5bea:	4791                	li	a5,4
    5bec:	02e7ef63          	bltu	a5,a4,5c2a <USBH_EnumHubDevice+0xba>
    5bf0:	a078                	sb	a4,6(s0)
    5bf2:	4981                	li	s3,0
    5bf4:	4485                	li	s1,1
    5bf6:	4a11                	li	s4,4
    5bf8:	207c                	lbu	a5,6(s0)
    5bfa:	0497e163          	bltu	a5,s1,5c3c <USBH_EnumHubDevice+0xcc>
    5bfe:	2048                	lbu	a0,4(s0)
    5c00:	4621                	li	a2,8
    5c02:	0ff4f593          	andi	a1,s1,255
    5c06:	7b5000ef          	jal	ra,6bba <HUB_SetPortFeature>
    5c0a:	cd01                	beqz	a0,5c22 <USBH_EnumHubDevice+0xb2>
    5c0c:	14fd                	addi	s1,s1,-1
    5c0e:	0985                	addi	s3,s3,1
    5c10:	4515                	li	a0,5
    5c12:	04c2                	slli	s1,s1,0x10
    5c14:	0ff9f993          	andi	s3,s3,255
    5c18:	24e030ef          	jal	ra,8e66 <Delay_Ms>
    5c1c:	80c1                	srli	s1,s1,0x10
    5c1e:	013a6d63          	bltu	s4,s3,5c38 <USBH_EnumHubDevice+0xc8>
    5c22:	0485                	addi	s1,s1,1
    5c24:	04c2                	slli	s1,s1,0x10
    5c26:	80c1                	srli	s1,s1,0x10
    5c28:	bfc1                	j	5bf8 <USBH_EnumHubDevice+0x88>
    5c2a:	a07c                	sb	a5,6(s0)
    5c2c:	b7d9                	j	5bf2 <USBH_EnumHubDevice+0x82>
    5c2e:	19fd                	addi	s3,s3,-1
    5c30:	0ff9f993          	andi	s3,s3,255
    5c34:	fa0990e3          	bnez	s3,5bd4 <USBH_EnumHubDevice+0x64>
    5c38:	0fe00913          	li	s2,254
    5c3c:	854a                	mv	a0,s2
    5c3e:	0141                	addi	sp,sp,16
    5c40:	d0aff06f          	j	514a <__riscv_restore_4>

00005c44 <HUB_Port_PreEnum1>:
    5c44:	cd2ff2ef          	jal	t0,5116 <__riscv_save_4>
    5c48:	219c                	lbu	a5,0(a1)
    5c4a:	1141                	addi	sp,sp,-16
    5c4c:	40a7d7b3          	sra	a5,a5,a0
    5c50:	8b85                	andi	a5,a5,1
    5c52:	c385                	beqz	a5,5c72 <HUB_Port_PreEnum1+0x2e>
    5c54:	61c18793          	addi	a5,gp,1564 # 20000fdc <RootHubDev>
    5c58:	85aa                	mv	a1,a0
    5c5a:	84aa                	mv	s1,a0
    5c5c:	23c8                	lbu	a0,4(a5)
    5c5e:	0070                	addi	a2,sp,12
    5c60:	61c18913          	addi	s2,gp,1564 # 20000fdc <RootHubDev>
    5c64:	705000ef          	jal	ra,6b68 <HUB_GetPortStatus>
    5c68:	842a                	mv	s0,a0
    5c6a:	e539                	bnez	a0,5cb8 <HUB_Port_PreEnum1+0x74>
    5c6c:	871c                	lbu	a5,14(sp)
    5c6e:	8b85                	andi	a5,a5,1
    5c70:	e781                	bnez	a5,5c78 <HUB_Port_PreEnum1+0x34>
    5c72:	0fe00413          	li	s0,254
    5c76:	a089                	j	5cb8 <HUB_Port_PreEnum1+0x74>
    5c78:	00494503          	lbu	a0,4(s2)
    5c7c:	4641                	li	a2,16
    5c7e:	85a6                	mv	a1,s1
    5c80:	715000ef          	jal	ra,6b94 <HUB_ClearPortFeature>
    5c84:	842a                	mv	s0,a0
    5c86:	e90d                	bnez	a0,5cb8 <HUB_Port_PreEnum1+0x74>
    5c88:	49a9                	li	s3,10
    5c8a:	00494503          	lbu	a0,4(s2)
    5c8e:	0070                	addi	a2,sp,12
    5c90:	85a6                	mv	a1,s1
    5c92:	6d7000ef          	jal	ra,6b68 <HUB_GetPortStatus>
    5c96:	e50d                	bnez	a0,5cc0 <HUB_Port_PreEnum1+0x7c>
    5c98:	871c                	lbu	a5,14(sp)
    5c9a:	0405                	addi	s0,s0,1
    5c9c:	0ff47413          	andi	s0,s0,255
    5ca0:	8b85                	andi	a5,a5,1
    5ca2:	c781                	beqz	a5,5caa <HUB_Port_PreEnum1+0x66>
    5ca4:	ff3413e3          	bne	s0,s3,5c8a <HUB_Port_PreEnum1+0x46>
    5ca8:	b7e9                	j	5c72 <HUB_Port_PreEnum1+0x2e>
    5caa:	47a9                	li	a5,10
    5cac:	fcf403e3          	beq	s0,a5,5c72 <HUB_Port_PreEnum1+0x2e>
    5cb0:	861c                	lbu	a5,12(sp)
    5cb2:	4459                	li	s0,22
    5cb4:	8b85                	andi	a5,a5,1
    5cb6:	ffd5                	bnez	a5,5c72 <HUB_Port_PreEnum1+0x2e>
    5cb8:	8522                	mv	a0,s0
    5cba:	0141                	addi	sp,sp,16
    5cbc:	c8eff06f          	j	514a <__riscv_restore_4>
    5cc0:	842a                	mv	s0,a0
    5cc2:	bfdd                	j	5cb8 <HUB_Port_PreEnum1+0x74>

00005cc4 <HUB_Port_PreEnum2>:
    5cc4:	c52ff2ef          	jal	t0,5116 <__riscv_save_4>
    5cc8:	219c                	lbu	a5,0(a1)
    5cca:	1141                	addi	sp,sp,-16
    5ccc:	0fe00413          	li	s0,254
    5cd0:	40a7d7b3          	sra	a5,a5,a0
    5cd4:	8b85                	andi	a5,a5,1
    5cd6:	c3d1                	beqz	a5,5d5a <HUB_Port_PreEnum2+0x96>
    5cd8:	61c18793          	addi	a5,gp,1564 # 20000fdc <RootHubDev>
    5cdc:	85aa                	mv	a1,a0
    5cde:	84aa                	mv	s1,a0
    5ce0:	23c8                	lbu	a0,4(a5)
    5ce2:	4611                	li	a2,4
    5ce4:	61c18913          	addi	s2,gp,1564 # 20000fdc <RootHubDev>
    5ce8:	6d3000ef          	jal	ra,6bba <HUB_SetPortFeature>
    5cec:	842a                	mv	s0,a0
    5cee:	e535                	bnez	a0,5d5a <HUB_Port_PreEnum2+0x96>
    5cf0:	4529                	li	a0,10
    5cf2:	174030ef          	jal	ra,8e66 <Delay_Ms>
    5cf6:	49ad                	li	s3,11
    5cf8:	00494503          	lbu	a0,4(s2)
    5cfc:	0070                	addi	a2,sp,12
    5cfe:	85a6                	mv	a1,s1
    5d00:	669000ef          	jal	ra,6b68 <HUB_GetPortStatus>
    5d04:	e931                	bnez	a0,5d58 <HUB_Port_PreEnum2+0x94>
    5d06:	871c                	lbu	a5,14(sp)
    5d08:	0405                	addi	s0,s0,1
    5d0a:	0ff47413          	andi	s0,s0,255
    5d0e:	8bc1                	andi	a5,a5,16
    5d10:	ef9d                	bnez	a5,5d4e <HUB_Port_PreEnum2+0x8a>
    5d12:	ff3413e3          	bne	s0,s3,5cf8 <HUB_Port_PreEnum2+0x34>
    5d16:	00494503          	lbu	a0,4(s2)
    5d1a:	4651                	li	a2,20
    5d1c:	85a6                	mv	a1,s1
    5d1e:	677000ef          	jal	ra,6b94 <HUB_ClearPortFeature>
    5d22:	4401                	li	s0,0
    5d24:	49ad                	li	s3,11
    5d26:	00494503          	lbu	a0,4(s2)
    5d2a:	0070                	addi	a2,sp,12
    5d2c:	85a6                	mv	a1,s1
    5d2e:	63b000ef          	jal	ra,6b68 <HUB_GetPortStatus>
    5d32:	e11d                	bnez	a0,5d58 <HUB_Port_PreEnum2+0x94>
    5d34:	871c                	lbu	a5,14(sp)
    5d36:	0405                	addi	s0,s0,1
    5d38:	0ff47413          	andi	s0,s0,255
    5d3c:	8bc1                	andi	a5,a5,16
    5d3e:	c395                	beqz	a5,5d62 <HUB_Port_PreEnum2+0x9e>
    5d40:	ff3413e3          	bne	s0,s3,5d26 <HUB_Port_PreEnum2+0x62>
    5d44:	861c                	lbu	a5,12(sp)
    5d46:	8b85                	andi	a5,a5,1
    5d48:	c791                	beqz	a5,5d54 <HUB_Port_PreEnum2+0x90>
    5d4a:	4555                	li	a0,21
    5d4c:	a031                	j	5d58 <HUB_Port_PreEnum2+0x94>
    5d4e:	47a9                	li	a5,10
    5d50:	fcf413e3          	bne	s0,a5,5d16 <HUB_Port_PreEnum2+0x52>
    5d54:	0fe00513          	li	a0,254
    5d58:	842a                	mv	s0,a0
    5d5a:	8522                	mv	a0,s0
    5d5c:	0141                	addi	sp,sp,16
    5d5e:	becff06f          	j	514a <__riscv_restore_4>
    5d62:	47a9                	li	a5,10
    5d64:	fef408e3          	beq	s0,a5,5d54 <HUB_Port_PreEnum2+0x90>
    5d68:	bff1                	j	5d44 <HUB_Port_PreEnum2+0x80>

00005d6a <HUB_CheckPortSpeed>:
    5d6a:	bc6ff2ef          	jal	t0,5130 <__riscv_save_0>
    5d6e:	842e                	mv	s0,a1
    5d70:	862e                	mv	a2,a1
    5d72:	85aa                	mv	a1,a0
    5d74:	6201c503          	lbu	a0,1568(gp) # 20000fe0 <RootHubDev+0x4>
    5d78:	5f1000ef          	jal	ra,6b68 <HUB_GetPortStatus>
    5d7c:	e911                	bnez	a0,5d90 <HUB_CheckPortSpeed+0x26>
    5d7e:	301c                	lbu	a5,1(s0)
    5d80:	0027f713          	andi	a4,a5,2
    5d84:	e711                	bnez	a4,5d90 <HUB_CheckPortSpeed+0x26>
    5d86:	0047f513          	andi	a0,a5,4
    5d8a:	00a03533          	snez	a0,a0
    5d8e:	0505                	addi	a0,a0,1
    5d90:	bc4ff06f          	j	5154 <__riscv_restore_0>

00005d94 <USBH_EnumHubPortDevice>:
    5d94:	b74ff2ef          	jal	t0,5108 <__riscv_save_10>
    5d98:	4799                	li	a5,6
    5d9a:	02f507b3          	mul	a5,a0,a5
    5d9e:	61c18913          	addi	s2,gp,1564 # 20000fdc <RootHubDev>
    5da2:	1141                	addi	sp,sp,-16
    5da4:	89aa                	mv	s3,a0
    5da6:	8b2e                	mv	s6,a1
    5da8:	8a32                	mv	s4,a2
    5daa:	44a9                	li	s1,10
    5dac:	61c18413          	addi	s0,gp,1564 # 20000fdc <RootHubDev>
    5db0:	07ad                	addi	a5,a5,11
    5db2:	993e                	add	s2,s2,a5
    5db4:	8ade                	mv	s5,s7
    5db6:	cd418593          	addi	a1,gp,-812 # 20000694 <DevDesc_Buf>
    5dba:	854a                	mv	a0,s2
    5dbc:	341000ef          	jal	ra,68fc <USBFSH_GetDeviceDescr>
    5dc0:	c911                	beqz	a0,5dd4 <USBH_EnumHubPortDevice+0x40>
    5dc2:	14fd                	addi	s1,s1,-1
    5dc4:	0ff4f493          	andi	s1,s1,255
    5dc8:	f4fd                	bnez	s1,5db6 <USBH_EnumHubPortDevice+0x22>
    5dca:	04500513          	li	a0,69
    5dce:	0141                	addi	sp,sp,16
    5dd0:	b70ff06f          	j	5140 <__riscv_restore_10>
    5dd4:	4499                	li	s1,6
    5dd6:	029984b3          	mul	s1,s3,s1
    5dda:	4929                	li	s2,10
    5ddc:	94a2                	add	s1,s1,s0
    5dde:	24cc                	lbu	a1,12(s1)
    5de0:	34a8                	lbu	a0,11(s1)
    5de2:	0589                	addi	a1,a1,2
    5de4:	0ff5f593          	andi	a1,a1,255
    5de8:	411000ef          	jal	ra,69f8 <USBFSH_SetUsbAddress>
    5dec:	e13d                	bnez	a0,5e52 <USBH_EnumHubPortDevice+0xbe>
    5dee:	4919                	li	s2,6
    5df0:	03298933          	mul	s2,s3,s2
    5df4:	24dc                	lbu	a5,12(s1)
    5df6:	4515                	li	a0,5
    5df8:	0789                	addi	a5,a5,2
    5dfa:	00fb0023          	sb	a5,0(s6)
    5dfe:	068030ef          	jal	ra,8e66 <Delay_Ms>
    5e02:	44a9                	li	s1,10
    5e04:	8d418b13          	addi	s6,gp,-1836 # 20000294 <Com_Buf>
    5e08:	9922                	add	s2,s2,s0
    5e0a:	00b94503          	lbu	a0,11(s2)
    5e0e:	00e10693          	addi	a3,sp,14
    5e12:	40000613          	li	a2,1024
    5e16:	85da                	mv	a1,s6
    5e18:	323000ef          	jal	ra,693a <USBFSH_GetConfigDescr>
    5e1c:	e139                	bnez	a0,5e62 <USBH_EnumHubPortDevice+0xce>
    5e1e:	8652                	mv	a2,s4
    5e20:	8d418593          	addi	a1,gp,-1836 # 20000294 <Com_Buf>
    5e24:	cd418513          	addi	a0,gp,-812 # 20000694 <DevDesc_Buf>
    5e28:	005b4903          	lbu	s2,5(s6)
    5e2c:	f62ff0ef          	jal	ra,558e <USBH_AnalyseType>
    5e30:	4799                	li	a5,6
    5e32:	02f989b3          	mul	s3,s3,a5
    5e36:	44a9                	li	s1,10
    5e38:	944e                	add	s0,s0,s3
    5e3a:	3428                	lbu	a0,11(s0)
    5e3c:	85ca                	mv	a1,s2
    5e3e:	3ef000ef          	jal	ra,6a2c <USBFSH_SetUsbConfig>
    5e42:	d551                	beqz	a0,5dce <USBH_EnumHubPortDevice+0x3a>
    5e44:	14fd                	addi	s1,s1,-1
    5e46:	0ff4f493          	andi	s1,s1,255
    5e4a:	f8e5                	bnez	s1,5e3a <USBH_EnumHubPortDevice+0xa6>
    5e4c:	04900513          	li	a0,73
    5e50:	bfbd                	j	5dce <USBH_EnumHubPortDevice+0x3a>
    5e52:	197d                	addi	s2,s2,-1
    5e54:	0ff97913          	andi	s2,s2,255
    5e58:	f80913e3          	bnez	s2,5dde <USBH_EnumHubPortDevice+0x4a>
    5e5c:	04600513          	li	a0,70
    5e60:	b7bd                	j	5dce <USBH_EnumHubPortDevice+0x3a>
    5e62:	14fd                	addi	s1,s1,-1
    5e64:	0ff4f493          	andi	s1,s1,255
    5e68:	f0cd                	bnez	s1,5e0a <USBH_EnumHubPortDevice+0x76>
    5e6a:	b785                	j	5dca <USBH_EnumHubPortDevice+0x36>

00005e6c <KB_AnalyzeKeyValue>:
    5e6c:	a94ff2ef          	jal	t0,5100 <__riscv_save_12>
    5e70:	04200d13          	li	s10,66
    5e74:	03a58d33          	mul	s10,a1,s10
    5e78:	10a00593          	li	a1,266
    5e7c:	8932                	mv	s2,a2
    5e7e:	8c36                	mv	s8,a3
    5e80:	4985                	li	s3,1
    5e82:	4b09                	li	s6,2
    5e84:	4b8d                	li	s7,3
    5e86:	02b50533          	mul	a0,a0,a1
    5e8a:	956a                	add	a0,a0,s10
    5e8c:	ce818d13          	addi	s10,gp,-792 # 200006a8 <HostCtl>
    5e90:	9d2a                	add	s10,s10,a0
    5e92:	03ed4a03          	lbu	s4,62(s10)
    5e96:	041d4483          	lbu	s1,65(s10)
    5e9a:	03fd4a83          	lbu	s5,63(s10)
    5e9e:	8dd2                	mv	s11,s4
    5ea0:	414d8433          	sub	s0,s11,s4
    5ea4:	0ff47413          	andi	s0,s0,255
    5ea8:	041d4c83          	lbu	s9,65(s10)
    5eac:	01bafa63          	bgeu	s5,s11,5ec0 <KB_AnalyzeKeyValue+0x54>
    5eb0:	41948433          	sub	s0,s1,s9
    5eb4:	00803433          	snez	s0,s0
    5eb8:	048d0123          	sb	s0,66(s10)
    5ebc:	a80ff06f          	j	513c <__riscv_restore_12>
    5ec0:	013d9f63          	bne	s11,s3,5ede <KB_AnalyzeKeyValue+0x72>
    5ec4:	8662                	mv	a2,s8
    5ec6:	05300593          	li	a1,83
    5eca:	854a                	mv	a0,s2
    5ecc:	092030ef          	jal	ra,8f5e <memchr>
    5ed0:	008d9433          	sll	s0,s11,s0
    5ed4:	e105                	bnez	a0,5ef4 <KB_AnalyzeKeyValue+0x88>
    5ed6:	0d85                	addi	s11,s11,1
    5ed8:	0ffdfd93          	andi	s11,s11,255
    5edc:	b7d1                	j	5ea0 <KB_AnalyzeKeyValue+0x34>
    5ede:	036d9063          	bne	s11,s6,5efe <KB_AnalyzeKeyValue+0x92>
    5ee2:	8662                	mv	a2,s8
    5ee4:	03900593          	li	a1,57
    5ee8:	854a                	mv	a0,s2
    5eea:	074030ef          	jal	ra,8f5e <memchr>
    5eee:	d565                	beqz	a0,5ed6 <KB_AnalyzeKeyValue+0x6a>
    5ef0:	00899433          	sll	s0,s3,s0
    5ef4:	01944433          	xor	s0,s0,s9
    5ef8:	048d00a3          	sb	s0,65(s10)
    5efc:	bfe9                	j	5ed6 <KB_AnalyzeKeyValue+0x6a>
    5efe:	fd7d9ce3          	bne	s11,s7,5ed6 <KB_AnalyzeKeyValue+0x6a>
    5f02:	8662                	mv	a2,s8
    5f04:	04700593          	li	a1,71
    5f08:	b7c5                	j	5ee8 <KB_AnalyzeKeyValue+0x7c>

00005f0a <KB_SetReport>:
    5f0a:	a26ff2ef          	jal	t0,5130 <__riscv_save_0>
    5f0e:	86aa                	mv	a3,a0
    5f10:	10a00813          	li	a6,266
    5f14:	852e                	mv	a0,a1
    5f16:	85b2                	mv	a1,a2
    5f18:	04200613          	li	a2,66
    5f1c:	03068833          	mul	a6,a3,a6
    5f20:	ce818793          	addi	a5,gp,-792 # 200006a8 <HostCtl>
    5f24:	1141                	addi	sp,sp,-16
    5f26:	ce818713          	addi	a4,gp,-792 # 200006a8 <HostCtl>
    5f2a:	02c58633          	mul	a2,a1,a2
    5f2e:	9642                	add	a2,a2,a6
    5f30:	97b2                	add	a5,a5,a2
    5f32:	03c7c803          	lbu	a6,60(a5)
    5f36:	0417c603          	lbu	a2,65(a5)
    5f3a:	04080063          	beqz	a6,5f7a <KB_SetReport+0x70>
    5f3e:	03d7c783          	lbu	a5,61(a5)
    5f42:	86d0                	sb	a2,13(sp)
    5f44:	865c                	sb	a5,12(sp)
    5f46:	4789                	li	a5,2
    5f48:	10a00613          	li	a2,266
    5f4c:	877c                	sh	a5,14(sp)
    5f4e:	04200793          	li	a5,66
    5f52:	02c686b3          	mul	a3,a3,a2
    5f56:	4885                	li	a7,1
    5f58:	02f587b3          	mul	a5,a1,a5
    5f5c:	00d78833          	add	a6,a5,a3
    5f60:	983a                	add	a6,a6,a4
    5f62:	04084603          	lbu	a2,64(a6)
    5f66:	01161d63          	bne	a2,a7,5f80 <KB_SetReport+0x76>
    5f6a:	00e10693          	addi	a3,sp,14
    5f6e:	0070                	addi	a2,sp,12
    5f70:	3a7000ef          	jal	ra,6b16 <HID_SetReport>
    5f74:	0141                	addi	sp,sp,16
    5f76:	9deff06f          	j	5154 <__riscv_restore_0>
    5f7a:	8650                	sb	a2,12(sp)
    5f7c:	4785                	li	a5,1
    5f7e:	b7e9                	j	5f48 <KB_SetReport+0x3e>
    5f80:	0ff00593          	li	a1,255
    5f84:	4501                	li	a0,0
    5f86:	feb617e3          	bne	a2,a1,5f74 <KB_SetReport+0x6a>
    5f8a:	03878793          	addi	a5,a5,56
    5f8e:	97b6                	add	a5,a5,a3
    5f90:	02784503          	lbu	a0,39(a6)
    5f94:	8734                	lhu	a3,14(sp)
    5f96:	0070                	addi	a2,sp,12
    5f98:	00f705b3          	add	a1,a4,a5
    5f9c:	315000ef          	jal	ra,6ab0 <USBFSH_SendEndpData>
    5fa0:	bfd1                	j	5f74 <KB_SetReport+0x6a>

00005fa2 <USBH_EnumHidDevice>:
    5fa2:	966ff2ef          	jal	t0,5108 <__riscv_save_10>
    5fa6:	89aa                	mv	s3,a0
    5fa8:	84ae                	mv	s1,a1
    5faa:	f1aff0ef          	jal	ra,56c4 <KM_AnalyzeConfigDesc>
    5fae:	8a2a                	mv	s4,a0
    5fb0:	e925                	bnez	a0,6020 <USBH_EnumHidDevice+0x7e>
    5fb2:	8d418793          	addi	a5,gp,-1836 # 20000294 <Com_Buf>
    5fb6:	23ec                	lbu	a1,6(a5)
    5fb8:	c591                	beqz	a1,5fc4 <USBH_EnumHidDevice+0x22>
    5fba:	8d418613          	addi	a2,gp,-1836 # 20000294 <Com_Buf>
    5fbe:	8526                	mv	a0,s1
    5fc0:	1e3000ef          	jal	ra,69a2 <USBFSH_GetStrDescr>
    5fc4:	85a6                	mv	a1,s1
    5fc6:	854e                	mv	a0,s3
    5fc8:	3cad                	jal	5a42 <KM_DealHidReportDesc>
    5fca:	cd418793          	addi	a5,gp,-812 # 20000694 <DevDesc_Buf>
    5fce:	27ec                	lbu	a1,14(a5)
    5fd0:	cd418913          	addi	s2,gp,-812 # 20000694 <DevDesc_Buf>
    5fd4:	c591                	beqz	a1,5fe0 <USBH_EnumHidDevice+0x3e>
    5fd6:	8d418613          	addi	a2,gp,-1836 # 20000294 <Com_Buf>
    5fda:	8526                	mv	a0,s1
    5fdc:	1c7000ef          	jal	ra,69a2 <USBFSH_GetStrDescr>
    5fe0:	00f94583          	lbu	a1,15(s2)
    5fe4:	c591                	beqz	a1,5ff0 <USBH_EnumHidDevice+0x4e>
    5fe6:	8d418613          	addi	a2,gp,-1836 # 20000294 <Com_Buf>
    5fea:	8526                	mv	a0,s1
    5fec:	1b7000ef          	jal	ra,69a2 <USBFSH_GetStrDescr>
    5ff0:	01094583          	lbu	a1,16(s2)
    5ff4:	c591                	beqz	a1,6000 <USBH_EnumHidDevice+0x5e>
    5ff6:	8d418613          	addi	a2,gp,-1836 # 20000294 <Com_Buf>
    5ffa:	8526                	mv	a0,s1
    5ffc:	1a7000ef          	jal	ra,69a2 <USBFSH_GetStrDescr>
    6000:	10a00a93          	li	s5,266
    6004:	03598ab3          	mul	s5,s3,s5
    6008:	ce818913          	addi	s2,gp,-792 # 200006a8 <HostCtl>
    600c:	4401                	li	s0,0
    600e:	04200b93          	li	s7,66
    6012:	4c05                	li	s8,1
    6014:	01590b33          	add	s6,s2,s5
    6018:	000b4783          	lbu	a5,0(s6)
    601c:	00f46563          	bltu	s0,a5,6026 <USBH_EnumHidDevice+0x84>
    6020:	8552                	mv	a0,s4
    6022:	91eff06f          	j	5140 <__riscv_restore_10>
    6026:	037407b3          	mul	a5,s0,s7
    602a:	97d6                	add	a5,a5,s5
    602c:	97ca                	add	a5,a5,s2
    602e:	23b8                	lbu	a4,2(a5)
    6030:	01871863          	bne	a4,s8,6040 <USBH_EnumHidDevice+0x9e>
    6034:	040780a3          	sb	zero,65(a5)
    6038:	8622                	mv	a2,s0
    603a:	85a6                	mv	a1,s1
    603c:	854e                	mv	a0,s3
    603e:	35f1                	jal	5f0a <KB_SetReport>
    6040:	0405                	addi	s0,s0,1
    6042:	0ff47413          	andi	s0,s0,255
    6046:	bfc9                	j	6018 <USBH_EnumHidDevice+0x76>

00006048 <USBH_MainDeal>:
    6048:	8b8ff2ef          	jal	t0,5100 <__riscv_save_12>
    604c:	61c1c503          	lbu	a0,1564(gp) # 20000fdc <RootHubDev>
    6050:	1101                	addi	sp,sp,-32
    6052:	61c18413          	addi	s0,gp,1564 # 20000fdc <RootHubDev>
    6056:	2b01                	jal	6566 <USBFSH_CheckRootHubPortStatus>
    6058:	4705                	li	a4,1
    605a:	8d2a                	mv	s10,a0
    605c:	0ae51563          	bne	a0,a4,6106 <USBH_MainDeal+0xbe>
    6060:	892a                	mv	s2,a0
    6062:	a008                	sb	a0,0(s0)
    6064:	000402a3          	sb	zero,5(s0)
    6068:	d68ff0ef          	jal	ra,55d0 <USBH_EnumRootDevice>
    606c:	8d2a                	mv	s10,a0
    606e:	e559                	bnez	a0,60fc <USBH_MainDeal+0xb4>
    6070:	3004                	lbu	s1,1(s0)
    6072:	470d                	li	a4,3
    6074:	06e49463          	bne	s1,a4,60dc <USBH_MainDeal+0x94>
    6078:	204c                	lbu	a1,4(s0)
    607a:	3048                	lbu	a0,5(s0)
    607c:	371d                	jal	5fa2 <USBH_EnumHidDevice>
    607e:	8d2a                	mv	s10,a0
    6080:	ed35                	bnez	a0,60fc <USBH_MainDeal+0xb4>
    6082:	8b218023          	sb	s2,-1888(gp) # 20000260 <keyboard_in>
    6086:	a004                	sb	s1,0(s0)
    6088:	2014                	lbu	a3,0(s0)
    608a:	4709                	li	a4,2
    608c:	1cd77863          	bgeu	a4,a3,625c <USBH_MainDeal+0x214>
    6090:	3018                	lbu	a4,1(s0)
    6092:	468d                	li	a3,3
    6094:	3044                	lbu	s1,5(s0)
    6096:	18d71d63          	bne	a4,a3,6230 <USBH_MainDeal+0x1e8>
    609a:	10a00993          	li	s3,266
    609e:	033489b3          	mul	s3,s1,s3
    60a2:	ce818793          	addi	a5,gp,-792 # 200006a8 <HostCtl>
    60a6:	ce818c13          	addi	s8,gp,-792 # 200006a8 <HostCtl>
    60aa:	c23e                	sw	a5,4(sp)
    60ac:	4901                	li	s2,0
    60ae:	9c4e                	add	s8,s8,s3
    60b0:	01a98793          	addi	a5,s3,26
    60b4:	8ce2                	mv	s9,s8
    60b6:	c63e                	sw	a5,12(sp)
    60b8:	000cc703          	lbu	a4,0(s9)
    60bc:	1ae97063          	bgeu	s2,a4,625c <USBH_MainDeal+0x214>
    60c0:	04200713          	li	a4,66
    60c4:	02e90733          	mul	a4,s2,a4
    60c8:	4792                	lw	a5,4(sp)
    60ca:	4a01                	li	s4,0
    60cc:	4dd9                	li	s11,22
    60ce:	01370ab3          	add	s5,a4,s3
    60d2:	9abe                	add	s5,s5,a5
    60d4:	47b2                	lw	a5,12(sp)
    60d6:	97ba                	add	a5,a5,a4
    60d8:	c43e                	sw	a5,8(sp)
    60da:	a87d                	j	6198 <USBH_MainDeal+0x150>
    60dc:	4725                	li	a4,9
    60de:	00e49463          	bne	s1,a4,60e6 <USBH_MainDeal+0x9e>
    60e2:	3479                	jal	5b70 <USBH_EnumHubDevice>
    60e4:	e501                	bnez	a0,60ec <USBH_MainDeal+0xa4>
    60e6:	470d                	li	a4,3
    60e8:	a018                	sb	a4,0(s0)
    60ea:	bf79                	j	6088 <USBH_MainDeal+0x40>
    60ec:	4759                	li	a4,22
    60ee:	4d59                	li	s10,22
    60f0:	f8e50ce3          	beq	a0,a4,6088 <USBH_MainDeal+0x40>
    60f4:	4789                	li	a5,2
    60f6:	a01c                	sb	a5,0(s0)
    60f8:	8d2a                	mv	s10,a0
    60fa:	b779                	j	6088 <USBH_MainDeal+0x40>
    60fc:	4759                	li	a4,22
    60fe:	f8ed05e3          	beq	s10,a4,6088 <USBH_MainDeal+0x40>
    6102:	4709                	li	a4,2
    6104:	b7d5                	j	60e8 <USBH_MainDeal+0xa0>
    6106:	f149                	bnez	a0,6088 <USBH_MainDeal+0x40>
    6108:	3044                	lbu	s1,5(s0)
    610a:	467d                	li	a2,31
    610c:	4581                	li	a1,0
    610e:	61c18513          	addi	a0,gp,1564 # 20000fdc <RootHubDev>
    6112:	8a018023          	sb	zero,-1888(gp) # 20000260 <keyboard_in>
    6116:	84aff0ef          	jal	ra,5160 <memset>
    611a:	10a00513          	li	a0,266
    611e:	02a484b3          	mul	s1,s1,a0
    6122:	ce818513          	addi	a0,gp,-792 # 200006a8 <HostCtl>
    6126:	10a00613          	li	a2,266
    612a:	4581                	li	a1,0
    612c:	9526                	add	a0,a0,s1
    612e:	832ff0ef          	jal	ra,5160 <memset>
    6132:	bf99                	j	6088 <USBH_MainDeal+0x40>
    6134:	014a8bb3          	add	s7,s5,s4
    6138:	022bc683          	lbu	a3,34(s7)
    613c:	01ebc603          	lbu	a2,30(s7)
    6140:	04c6e963          	bltu	a3,a2,6192 <USBH_MainDeal+0x14a>
    6144:	02c6f6b3          	remu	a3,a3,a2
    6148:	47a2                	lw	a5,8(sp)
    614a:	009bc503          	lbu	a0,9(s7)
    614e:	014785b3          	add	a1,a5,s4
    6152:	8d418613          	addi	a2,gp,-1836 # 20000294 <Com_Buf>
    6156:	4792                	lw	a5,4(sp)
    6158:	95be                	add	a1,a1,a5
    615a:	02db8123          	sb	a3,34(s7)
    615e:	01e10693          	addi	a3,sp,30
    6162:	10b000ef          	jal	ra,6a6c <USBFSH_GetEndpData>
    6166:	8d2a                	mv	s10,a0
    6168:	e139                	bnez	a0,61ae <USBH_MainDeal+0x166>
    616a:	90eff0ef          	jal	ra,5278 <CombufDeal>
    616e:	002ac683          	lbu	a3,2(s5)
    6172:	4705                	li	a4,1
    6174:	00e69f63          	bne	a3,a4,6192 <USBH_MainDeal+0x14a>
    6178:	87b4                	lhu	a3,30(sp)
    617a:	8d418613          	addi	a2,gp,-1836 # 20000294 <Com_Buf>
    617e:	85ca                	mv	a1,s2
    6180:	8526                	mv	a0,s1
    6182:	31ed                	jal	5e6c <KB_AnalyzeKeyValue>
    6184:	042ac703          	lbu	a4,66(s5)
    6188:	c709                	beqz	a4,6192 <USBH_MainDeal+0x14a>
    618a:	204c                	lbu	a1,4(s0)
    618c:	864a                	mv	a2,s2
    618e:	8526                	mv	a0,s1
    6190:	3bad                	jal	5f0a <KB_SetReport>
    6192:	0a05                	addi	s4,s4,1
    6194:	0ffa7a13          	andi	s4,s4,255
    6198:	008ac703          	lbu	a4,8(s5)
    619c:	f8ea6ce3          	bltu	s4,a4,6134 <USBH_MainDeal+0xec>
    61a0:	4759                	li	a4,22
    61a2:	0aed0d63          	beq	s10,a4,625c <USBH_MainDeal+0x214>
    61a6:	0905                	addi	s2,s2,1
    61a8:	0ff97913          	andi	s2,s2,255
    61ac:	b731                	j	60b8 <USBH_MainDeal+0x70>
    61ae:	0bb50763          	beq	a0,s11,625c <USBH_MainDeal+0x214>
    61b2:	02e00693          	li	a3,46
    61b6:	fcd51ee3          	bne	a0,a3,6192 <USBH_MainDeal+0x14a>
    61ba:	009bc583          	lbu	a1,9(s7)
    61be:	2048                	lbu	a0,4(s0)
    61c0:	0805e593          	ori	a1,a1,128
    61c4:	089000ef          	jal	ra,6a4c <USBFSH_ClearEndpStall>
    61c8:	001cc683          	lbu	a3,1(s9)
    61cc:	000b8d23          	sb	zero,26(s7)
    61d0:	4625                	li	a2,9
    61d2:	0685                	addi	a3,a3,1
    61d4:	0ff6f693          	andi	a3,a3,255
    61d8:	00dc80a3          	sb	a3,1(s9)
    61dc:	fad67be3          	bgeu	a2,a3,6192 <USBH_MainDeal+0x14a>
    61e0:	467d                	li	a2,31
    61e2:	4581                	li	a1,0
    61e4:	61c18513          	addi	a0,gp,1564 # 20000fdc <RootHubDev>
    61e8:	f79fe0ef          	jal	ra,5160 <memset>
    61ec:	be4ff0ef          	jal	ra,55d0 <USBH_EnumRootDevice>
    61f0:	8d2a                	mv	s10,a0
    61f2:	e915                	bnez	a0,6226 <USBH_MainDeal+0x1de>
    61f4:	009bc583          	lbu	a1,9(s7)
    61f8:	2048                	lbu	a0,4(s0)
    61fa:	0805e593          	ori	a1,a1,128
    61fe:	04f000ef          	jal	ra,6a4c <USBFSH_ClearEndpStall>
    6202:	4785                	li	a5,1
    6204:	10a00613          	li	a2,266
    6208:	4581                	li	a1,0
    620a:	000c80a3          	sb	zero,1(s9)
    620e:	8562                	mv	a0,s8
    6210:	a01c                	sb	a5,0(s0)
    6212:	000402a3          	sb	zero,5(s0)
    6216:	f4bfe0ef          	jal	ra,5160 <memset>
    621a:	204c                	lbu	a1,4(s0)
    621c:	8526                	mv	a0,s1
    621e:	3351                	jal	5fa2 <USBH_EnumHidDevice>
    6220:	8d2a                	mv	s10,a0
    6222:	470d                	li	a4,3
    6224:	c501                	beqz	a0,622c <USBH_MainDeal+0x1e4>
    6226:	f7bd06e3          	beq	s10,s11,6192 <USBH_MainDeal+0x14a>
    622a:	4709                	li	a4,2
    622c:	a018                	sb	a4,0(s0)
    622e:	b795                	j	6192 <USBH_MainDeal+0x14a>
    6230:	46a5                	li	a3,9
    6232:	02d71563          	bne	a4,a3,625c <USBH_MainDeal+0x214>
    6236:	10a00993          	li	s3,266
    623a:	033489b3          	mul	s3,s1,s3
    623e:	ce818a13          	addi	s4,gp,-792 # 200006a8 <HostCtl>
    6242:	ce818913          	addi	s2,gp,-792 # 200006a8 <HostCtl>
    6246:	9a4e                	add	s4,s4,s3
    6248:	022a4703          	lbu	a4,34(s4)
    624c:	01ea4683          	lbu	a3,30(s4)
    6250:	00d77963          	bgeu	a4,a3,6262 <USBH_MainDeal+0x21a>
    6254:	4b01                	li	s6,0
    6256:	2078                	lbu	a4,6(s0)
    6258:	16eb6663          	bltu	s6,a4,63c4 <USBH_MainDeal+0x37c>
    625c:	6105                	addi	sp,sp,32
    625e:	edffe06f          	j	513c <__riscv_restore_12>
    6262:	02d77733          	remu	a4,a4,a3
    6266:	2028                	lbu	a0,2(s0)
    6268:	8d418a93          	addi	s5,gp,-1836 # 20000294 <Com_Buf>
    626c:	02ea0123          	sb	a4,34(s4)
    6270:	2e15                	jal	65a4 <USBFSH_SetSelfAddr>
    6272:	3028                	lbu	a0,3(s0)
    6274:	2691                	jal	65b8 <USBFSH_SetSelfSpeed>
    6276:	009a4503          	lbu	a0,9(s4)
    627a:	01a98593          	addi	a1,s3,26
    627e:	01e10693          	addi	a3,sp,30
    6282:	8d418613          	addi	a2,gp,-1836 # 20000294 <Com_Buf>
    6286:	95ca                	add	a1,a1,s2
    6288:	7e4000ef          	jal	ra,6a6c <USBFSH_GetEndpData>
    628c:	8d2a                	mv	s10,a0
    628e:	f179                	bnez	a0,6254 <USBH_MainDeal+0x20c>
    6290:	000ac703          	lbu	a4,0(s5)
    6294:	4c01                	li	s8,0
    6296:	4cd5                	li	s9,21
    6298:	00e10ea3          	sb	a4,29(sp)
    629c:	4999                	li	s3,6
    629e:	4a8d                	li	s5,3
    62a0:	50000bb7          	lui	s7,0x50000
    62a4:	4b05                	li	s6,1
    62a6:	2074                	lbu	a3,6(s0)
    62a8:	fadc76e3          	bgeu	s8,a3,6254 <USBH_MainDeal+0x20c>
    62ac:	001c0d93          	addi	s11,s8,1
    62b0:	0ffdfa13          	andi	s4,s11,255
    62b4:	01d10593          	addi	a1,sp,29
    62b8:	8552                	mv	a0,s4
    62ba:	98bff0ef          	jal	ra,5c44 <HUB_Port_PreEnum1>
    62be:	47d9                	li	a5,22
    62c0:	8d2a                	mv	s10,a0
    62c2:	04f51463          	bne	a0,a5,630a <USBH_MainDeal+0x2c2>
    62c6:	033c0c33          	mul	s8,s8,s3
    62ca:	01d14683          	lbu	a3,29(sp)
    62ce:	01bb1db3          	sll	s11,s6,s11
    62d2:	fffdcd93          	not	s11,s11
    62d6:	00ddfdb3          	and	s11,s11,a3
    62da:	10a00613          	li	a2,266
    62de:	4581                	li	a1,0
    62e0:	01b10ea3          	sb	s11,29(sp)
    62e4:	01840733          	add	a4,s0,s8
    62e8:	2748                	lbu	a0,12(a4)
    62ea:	10a00713          	li	a4,266
    62ee:	02e50533          	mul	a0,a0,a4
    62f2:	954a                	add	a0,a0,s2
    62f4:	e6dfe0ef          	jal	ra,5160 <memset>
    62f8:	007c0513          	addi	a0,s8,7
    62fc:	4619                	li	a2,6
    62fe:	4581                	li	a1,0
    6300:	9522                	add	a0,a0,s0
    6302:	e5ffe0ef          	jal	ra,5160 <memset>
    6306:	8c52                	mv	s8,s4
    6308:	bf79                	j	62a6 <USBH_MainDeal+0x25e>
    630a:	06400513          	li	a0,100
    630e:	359020ef          	jal	ra,8e66 <Delay_Ms>
    6312:	01d10593          	addi	a1,sp,29
    6316:	8552                	mv	a0,s4
    6318:	9adff0ef          	jal	ra,5cc4 <HUB_Port_PreEnum2>
    631c:	8d2a                	mv	s10,a0
    631e:	07951e63          	bne	a0,s9,639a <USBH_MainDeal+0x352>
    6322:	033c07b3          	mul	a5,s8,s3
    6326:	4685                	li	a3,1
    6328:	97a2                	add	a5,a5,s0
    632a:	b3f4                	sb	a3,7(a5)
    632c:	46a1                	li	a3,8
    632e:	b7b4                	sb	a3,11(a5)
    6330:	01478623          	sb	s4,12(a5)
    6334:	033c0db3          	mul	s11,s8,s3
    6338:	8d418593          	addi	a1,gp,-1836 # 20000294 <Com_Buf>
    633c:	8552                	mv	a0,s4
    633e:	3435                	jal	5d6a <HUB_CheckPortSpeed>
    6340:	9da2                	add	s11,s11,s0
    6342:	00ad8523          	sb	a0,10(s11)
    6346:	009dc503          	lbu	a0,9(s11)
    634a:	2ca9                	jal	65a4 <USBFSH_SetSelfAddr>
    634c:	00adc503          	lbu	a0,10(s11)
    6350:	24a5                	jal	65b8 <USBFSH_SetSelfSpeed>
    6352:	303c                	lbu	a5,3(s0)
    6354:	c799                	beqz	a5,6362 <USBH_MainDeal+0x31a>
    6356:	001bc783          	lbu	a5,1(s7) # 50000001 <_eusrstack+0x2fffb001>
    635a:	0fb7f793          	andi	a5,a5,251
    635e:	00fb80a3          	sb	a5,1(s7)
    6362:	033c0db3          	mul	s11,s8,s3
    6366:	8562                	mv	a0,s8
    6368:	008d8613          	addi	a2,s11,8
    636c:	009d8593          	addi	a1,s11,9
    6370:	9622                	add	a2,a2,s0
    6372:	95a2                	add	a1,a1,s0
    6374:	a21ff0ef          	jal	ra,5d94 <USBH_EnumHubPortDevice>
    6378:	8d2a                	mv	s10,a0
    637a:	9da2                	add	s11,s11,s0
    637c:	e121                	bnez	a0,63bc <USBH_MainDeal+0x374>
    637e:	008dc703          	lbu	a4,8(s11)
    6382:	01571963          	bne	a4,s5,6394 <USBH_MainDeal+0x34c>
    6386:	00bdc583          	lbu	a1,11(s11)
    638a:	00cdc503          	lbu	a0,12(s11)
    638e:	3911                	jal	5fa2 <USBH_EnumHidDevice>
    6390:	8d2a                	mv	s10,a0
    6392:	f935                	bnez	a0,6306 <USBH_MainDeal+0x2be>
    6394:	015d83a3          	sb	s5,7(s11)
    6398:	b7bd                	j	6306 <USBH_MainDeal+0x2be>
    639a:	01d14683          	lbu	a3,29(sp)
    639e:	01bb1db3          	sll	s11,s6,s11
    63a2:	fffdcd93          	not	s11,s11
    63a6:	00ddfdb3          	and	s11,s11,a3
    63aa:	033c06b3          	mul	a3,s8,s3
    63ae:	01b10ea3          	sb	s11,29(sp)
    63b2:	96a2                	add	a3,a3,s0
    63b4:	32f4                	lbu	a3,7(a3)
    63b6:	f56698e3          	bne	a3,s6,6306 <USBH_MainDeal+0x2be>
    63ba:	bfad                	j	6334 <USBH_MainDeal+0x2ec>
    63bc:	4789                	li	a5,2
    63be:	00fd83a3          	sb	a5,7(s11)
    63c2:	b791                	j	6306 <USBH_MainDeal+0x2be>
    63c4:	4799                	li	a5,6
    63c6:	02fb04b3          	mul	s1,s6,a5
    63ca:	468d                	li	a3,3
    63cc:	94a2                	add	s1,s1,s0
    63ce:	30f8                	lbu	a4,7(s1)
    63d0:	0cd71d63          	bne	a4,a3,64aa <USBH_MainDeal+0x462>
    63d4:	2494                	lbu	a3,8(s1)
    63d6:	0ce69a63          	bne	a3,a4,64aa <USBH_MainDeal+0x462>
    63da:	00c4cc03          	lbu	s8,12(s1)
    63de:	10a00793          	li	a5,266
    63e2:	4a01                	li	s4,0
    63e4:	02fc0bb3          	mul	s7,s8,a5
    63e8:	c25e                	sw	s7,4(sp)
    63ea:	01790db3          	add	s11,s2,s7
    63ee:	000dc703          	lbu	a4,0(s11)
    63f2:	0aea7c63          	bgeu	s4,a4,64aa <USBH_MainDeal+0x462>
    63f6:	04200713          	li	a4,66
    63fa:	02ea0733          	mul	a4,s4,a4
    63fe:	4792                	lw	a5,4(sp)
    6400:	01ab8693          	addi	a3,s7,26
    6404:	4981                	li	s3,0
    6406:	00f70ab3          	add	s5,a4,a5
    640a:	00e687b3          	add	a5,a3,a4
    640e:	9aca                	add	s5,s5,s2
    6410:	c43e                	sw	a5,8(sp)
    6412:	a8ad                	j	648c <USBH_MainDeal+0x444>
    6414:	013a86b3          	add	a3,s5,s3
    6418:	0226c703          	lbu	a4,34(a3)
    641c:	2ef0                	lbu	a2,30(a3)
    641e:	06c76463          	bltu	a4,a2,6486 <USBH_MainDeal+0x43e>
    6422:	02c77733          	remu	a4,a4,a2
    6426:	3488                	lbu	a0,9(s1)
    6428:	02e68123          	sb	a4,34(a3)
    642c:	2aa5                	jal	65a4 <USBFSH_SetSelfAddr>
    642e:	24a8                	lbu	a0,10(s1)
    6430:	2261                	jal	65b8 <USBFSH_SetSelfSpeed>
    6432:	303c                	lbu	a5,3(s0)
    6434:	c799                	beqz	a5,6442 <USBH_MainDeal+0x3fa>
    6436:	50000737          	lui	a4,0x50000
    643a:	331c                	lbu	a5,1(a4)
    643c:	0fb7f793          	andi	a5,a5,251
    6440:	b31c                	sb	a5,1(a4)
    6442:	47a2                	lw	a5,8(sp)
    6444:	01e10693          	addi	a3,sp,30
    6448:	8d418613          	addi	a2,gp,-1836 # 20000294 <Com_Buf>
    644c:	013785b3          	add	a1,a5,s3
    6450:	013a87b3          	add	a5,s5,s3
    6454:	3788                	lbu	a0,9(a5)
    6456:	95ca                	add	a1,a1,s2
    6458:	614000ef          	jal	ra,6a6c <USBFSH_GetEndpData>
    645c:	8d2a                	mv	s10,a0
    645e:	e131                	bnez	a0,64a2 <USBH_MainDeal+0x45a>
    6460:	002ac683          	lbu	a3,2(s5)
    6464:	4705                	li	a4,1
    6466:	02e69063          	bne	a3,a4,6486 <USBH_MainDeal+0x43e>
    646a:	87b4                	lhu	a3,30(sp)
    646c:	8d418613          	addi	a2,gp,-1836 # 20000294 <Com_Buf>
    6470:	85d2                	mv	a1,s4
    6472:	8562                	mv	a0,s8
    6474:	9f9ff0ef          	jal	ra,5e6c <KB_AnalyzeKeyValue>
    6478:	042ac703          	lbu	a4,66(s5)
    647c:	c709                	beqz	a4,6486 <USBH_MainDeal+0x43e>
    647e:	34ac                	lbu	a1,11(s1)
    6480:	8652                	mv	a2,s4
    6482:	8562                	mv	a0,s8
    6484:	3459                	jal	5f0a <KB_SetReport>
    6486:	0985                	addi	s3,s3,1
    6488:	0ff9f993          	andi	s3,s3,255
    648c:	008ac703          	lbu	a4,8(s5)
    6490:	f8e9e2e3          	bltu	s3,a4,6414 <USBH_MainDeal+0x3cc>
    6494:	4759                	li	a4,22
    6496:	00ed0963          	beq	s10,a4,64a8 <USBH_MainDeal+0x460>
    649a:	0a05                	addi	s4,s4,1
    649c:	0ffa7a13          	andi	s4,s4,255
    64a0:	b7b9                	j	63ee <USBH_MainDeal+0x3a6>
    64a2:	4759                	li	a4,22
    64a4:	fee511e3          	bne	a0,a4,6486 <USBH_MainDeal+0x43e>
    64a8:	4d59                	li	s10,22
    64aa:	0b05                	addi	s6,s6,1
    64ac:	0ffb7b13          	andi	s6,s6,255
    64b0:	b35d                	j	6256 <USBH_MainDeal+0x20e>

000064b2 <USBFSH_SetSelfSpeed.part.0>:
    64b2:	50000737          	lui	a4,0x50000
    64b6:	231c                	lbu	a5,0(a4)
    64b8:	0bf7f793          	andi	a5,a5,191
    64bc:	a31c                	sb	a5,0(a4)
    64be:	331c                	lbu	a5,1(a4)
    64c0:	0fb7f793          	andi	a5,a5,251
    64c4:	b31c                	sb	a5,1(a4)
    64c6:	3b7e                	lhu	a5,54(a4)
    64c8:	07c2                	slli	a5,a5,0x10
    64ca:	83c1                	srli	a5,a5,0x10
    64cc:	bff7f793          	andi	a5,a5,-1025
    64d0:	07c2                	slli	a5,a5,0x10
    64d2:	83c1                	srli	a5,a5,0x10
    64d4:	bb7e                	sh	a5,54(a4)
    64d6:	8082                	ret

000064d8 <USBFS_RCC_Init>:
    64d8:	c59fe2ef          	jal	t0,5130 <__riscv_save_0>
    64dc:	8141a703          	lw	a4,-2028(gp) # 200001d4 <SystemCoreClock>
    64e0:	089547b7          	lui	a5,0x8954
    64e4:	40078793          	addi	a5,a5,1024 # 8954400 <_data_lma+0x89486cc>
    64e8:	4509                	li	a0,2
    64ea:	02f70063          	beq	a4,a5,650a <USBFS_RCC_Init+0x32>
    64ee:	05b8e7b7          	lui	a5,0x5b8e
    64f2:	80078793          	addi	a5,a5,-2048 # 5b8d800 <_data_lma+0x5b81acc>
    64f6:	4505                	li	a0,1
    64f8:	00f70963          	beq	a4,a5,650a <USBFS_RCC_Init+0x32>
    64fc:	02dc77b7          	lui	a5,0x2dc7
    6500:	c0078793          	addi	a5,a5,-1024 # 2dc6c00 <_data_lma+0x2dbaecc>
    6504:	00f71563          	bne	a4,a5,650e <USBFS_RCC_Init+0x36>
    6508:	4501                	li	a0,0
    650a:	65e020ef          	jal	ra,8b68 <RCC_USBCLKConfig>
    650e:	4585                	li	a1,1
    6510:	6505                	lui	a0,0x1
    6512:	72e020ef          	jal	ra,8c40 <RCC_AHBPeriphClockCmd>
    6516:	c3ffe06f          	j	5154 <__riscv_restore_0>

0000651a <USBFS_Host_Init>:
    651a:	4785                	li	a5,1
    651c:	04f51063          	bne	a0,a5,655c <USBFS_Host_Init+0x42>
    6520:	500007b7          	lui	a5,0x50000
    6524:	f8000713          	li	a4,-128
    6528:	a398                	sb	a4,0(a5)
    652a:	000780a3          	sb	zero,1(a5) # 50000001 <_eusrstack+0x2fffb001>
    652e:	000781a3          	sb	zero,3(a5)
    6532:	04800713          	li	a4,72
    6536:	b7d8                	sb	a4,13(a5)
    6538:	63c18713          	addi	a4,gp,1596 # 20000ffc <USBFS_RX_Buf>
    653c:	cf98                	sw	a4,24(a5)
    653e:	67c18713          	addi	a4,gp,1660 # 2000103c <USBFS_TX_Buf>
    6542:	cfd8                	sw	a4,28(a5)
    6544:	02078da3          	sb	zero,59(a5)
    6548:	02078f23          	sb	zero,62(a5)
    654c:	f8900713          	li	a4,-119
    6550:	a398                	sb	a4,0(a5)
    6552:	577d                	li	a4,-1
    6554:	a3f8                	sb	a4,6(a5)
    6556:	470d                	li	a4,3
    6558:	a3b8                	sb	a4,2(a5)
    655a:	8082                	ret
    655c:	500007b7          	lui	a5,0x50000
    6560:	4719                	li	a4,6
    6562:	a398                	sb	a4,0(a5)
    6564:	8082                	ret

00006566 <USBFSH_CheckRootHubPortStatus>:
    6566:	50000737          	lui	a4,0x50000
    656a:	237c                	lbu	a5,6(a4)
    656c:	8b85                	andi	a5,a5,1
    656e:	c385                	beqz	a5,658e <USBFSH_CheckRootHubPortStatus+0x28>
    6570:	4785                	li	a5,1
    6572:	a37c                	sb	a5,6(a4)
    6574:	3354                	lbu	a3,5(a4)
    6576:	4781                	li	a5,0
    6578:	8a85                	andi	a3,a3,1
    657a:	ca99                	beqz	a3,6590 <USBFSH_CheckRootHubPortStatus+0x2a>
    657c:	4785                	li	a5,1
    657e:	c909                	beqz	a0,6590 <USBFSH_CheckRootHubPortStatus+0x2a>
    6580:	4789                	li	a5,2
    6582:	00f50663          	beq	a0,a5,658e <USBFSH_CheckRootHubPortStatus+0x28>
    6586:	3318                	lbu	a4,1(a4)
    6588:	4785                	li	a5,1
    658a:	8b05                	andi	a4,a4,1
    658c:	c311                	beqz	a4,6590 <USBFSH_CheckRootHubPortStatus+0x2a>
    658e:	4789                	li	a5,2
    6590:	853e                	mv	a0,a5
    6592:	8082                	ret

00006594 <USBFSH_CheckRootHubPortSpeed>:
    6594:	500007b7          	lui	a5,0x50000
    6598:	33c8                	lbu	a0,5(a5)
    659a:	8105                	srli	a0,a0,0x1
    659c:	00154513          	xori	a0,a0,1
    65a0:	8905                	andi	a0,a0,1
    65a2:	8082                	ret

000065a4 <USBFSH_SetSelfAddr>:
    65a4:	50000737          	lui	a4,0x50000
    65a8:	333c                	lbu	a5,3(a4)
    65aa:	07f57513          	andi	a0,a0,127
    65ae:	0807f793          	andi	a5,a5,128
    65b2:	8fc9                	or	a5,a5,a0
    65b4:	b33c                	sb	a5,3(a4)
    65b6:	8082                	ret

000065b8 <USBFSH_SetSelfSpeed>:
    65b8:	4785                	li	a5,1
    65ba:	00f51763          	bne	a0,a5,65c8 <USBFSH_SetSelfSpeed+0x10>
    65be:	b73fe2ef          	jal	t0,5130 <__riscv_save_0>
    65c2:	3dc5                	jal	64b2 <USBFSH_SetSelfSpeed.part.0>
    65c4:	b91fe06f          	j	5154 <__riscv_restore_0>
    65c8:	500007b7          	lui	a5,0x50000
    65cc:	2398                	lbu	a4,0(a5)
    65ce:	04076713          	ori	a4,a4,64
    65d2:	a398                	sb	a4,0(a5)
    65d4:	3398                	lbu	a4,1(a5)
    65d6:	00476713          	ori	a4,a4,4
    65da:	b398                	sb	a4,1(a5)
    65dc:	3bfa                	lhu	a4,54(a5)
    65de:	40076713          	ori	a4,a4,1024
    65e2:	bbfa                	sh	a4,54(a5)
    65e4:	8082                	ret

000065e6 <USBFSH_ResetRootHubPort>:
    65e6:	b4bfe2ef          	jal	t0,5130 <__riscv_save_0>
    65ea:	842a                	mv	s0,a0
    65ec:	4501                	li	a0,0
    65ee:	3f5d                	jal	65a4 <USBFSH_SetSelfAddr>
    65f0:	35c9                	jal	64b2 <USBFSH_SetSelfSpeed.part.0>
    65f2:	4785                	li	a5,1
    65f4:	0087ec63          	bltu	a5,s0,660c <USBFSH_ResetRootHubPort+0x26>
    65f8:	50000737          	lui	a4,0x50000
    65fc:	331c                	lbu	a5,1(a4)
    65fe:	0027e793          	ori	a5,a5,2
    6602:	b31c                	sb	a5,1(a4)
    6604:	e811                	bnez	s0,6618 <USBFSH_ResetRootHubPort+0x32>
    6606:	452d                	li	a0,11
    6608:	05f020ef          	jal	ra,8e66 <Delay_Ms>
    660c:	50000737          	lui	a4,0x50000
    6610:	331c                	lbu	a5,1(a4)
    6612:	0fd7f793          	andi	a5,a5,253
    6616:	b31c                	sb	a5,1(a4)
    6618:	4509                	li	a0,2
    661a:	04d020ef          	jal	ra,8e66 <Delay_Ms>
    661e:	500007b7          	lui	a5,0x50000
    6622:	23f8                	lbu	a4,6(a5)
    6624:	8b05                	andi	a4,a4,1
    6626:	c711                	beqz	a4,6632 <USBFSH_ResetRootHubPort+0x4c>
    6628:	33d8                	lbu	a4,5(a5)
    662a:	8b05                	andi	a4,a4,1
    662c:	c319                	beqz	a4,6632 <USBFSH_ResetRootHubPort+0x4c>
    662e:	4705                	li	a4,1
    6630:	a3f8                	sb	a4,6(a5)
    6632:	b23fe06f          	j	5154 <__riscv_restore_0>

00006636 <USBFSH_EnableRootHubPort>:
    6636:	50000737          	lui	a4,0x50000
    663a:	335c                	lbu	a5,5(a4)
    663c:	8b85                	andi	a5,a5,1
    663e:	cb85                	beqz	a5,666e <USBFSH_EnableRootHubPort+0x38>
    6640:	af1fe2ef          	jal	t0,5130 <__riscv_save_0>
    6644:	331c                	lbu	a5,1(a4)
    6646:	8b85                	andi	a5,a5,1
    6648:	e791                	bnez	a5,6654 <USBFSH_EnableRootHubPort+0x1e>
    664a:	842a                	mv	s0,a0
    664c:	37a1                	jal	6594 <USBFSH_CheckRootHubPortSpeed>
    664e:	a008                	sb	a0,0(s0)
    6650:	e111                	bnez	a0,6654 <USBFSH_EnableRootHubPort+0x1e>
    6652:	379d                	jal	65b8 <USBFSH_SetSelfSpeed>
    6654:	500007b7          	lui	a5,0x50000
    6658:	3398                	lbu	a4,1(a5)
    665a:	4501                	li	a0,0
    665c:	00176713          	ori	a4,a4,1
    6660:	b398                	sb	a4,1(a5)
    6662:	3bfa                	lhu	a4,54(a5)
    6664:	00476713          	ori	a4,a4,4
    6668:	bbfa                	sh	a4,54(a5)
    666a:	aebfe06f          	j	5154 <__riscv_restore_0>
    666e:	4559                	li	a0,22
    6670:	8082                	ret

00006672 <USBFSH_Transact>:
    6672:	a97fe2ef          	jal	t0,5108 <__riscv_save_10>
    6676:	500007b7          	lui	a5,0x50000
    667a:	02b78da3          	sb	a1,59(a5) # 5000003b <_eusrstack+0x2fffb03b>
    667e:	6a41                	lui	s4,0x10
    6680:	8b2a                	mv	s6,a0
    6682:	8932                	mv	s2,a2
    6684:	02b78f23          	sb	a1,62(a5)
    6688:	00455993          	srli	s3,a0,0x4
    668c:	4481                	li	s1,0
    668e:	50000437          	lui	s0,0x50000
    6692:	4b89                	li	s7,2
    6694:	4c39                	li	s8,14
    6696:	4aa9                	li	s5,10
    6698:	4ca5                	li	s9,9
    669a:	1a7d                	addi	s4,s4,-1
    669c:	03640c23          	sb	s6,56(s0) # 50000038 <_eusrstack+0x2fffb038>
    66a0:	01740323          	sb	s7,6(s0)
    66a4:	3e800d13          	li	s10,1000
    66a8:	207c                	lbu	a5,6(s0)
    66aa:	8b89                	andi	a5,a5,2
    66ac:	eb91                	bnez	a5,66c0 <USBFSH_Transact+0x4e>
    66ae:	1d7d                	addi	s10,s10,-1
    66b0:	0d42                	slli	s10,s10,0x10
    66b2:	4505                	li	a0,1
    66b4:	010d5d13          	srli	s10,s10,0x10
    66b8:	778020ef          	jal	ra,8e30 <Delay_Us>
    66bc:	fe0d16e3          	bnez	s10,66a8 <USBFSH_Transact+0x36>
    66c0:	02040c23          	sb	zero,56(s0)
    66c4:	207c                	lbu	a5,6(s0)
    66c6:	8b89                	andi	a5,a5,2
    66c8:	e781                	bnez	a5,66d0 <USBFSH_Transact+0x5e>
    66ca:	0fe00513          	li	a0,254
    66ce:	a89d                	j	6744 <USBFSH_Transact+0xd2>
    66d0:	307c                	lbu	a5,7(s0)
    66d2:	0407f793          	andi	a5,a5,64
    66d6:	efb5                	bnez	a5,6752 <USBFSH_Transact+0xe0>
    66d8:	307c                	lbu	a5,7(s0)
    66da:	0ff7f793          	andi	a5,a5,255
    66de:	00f7f513          	andi	a0,a5,15
    66e2:	07850a63          	beq	a0,s8,6756 <USBFSH_Transact+0xe4>
    66e6:	05551463          	bne	a0,s5,672e <USBFSH_Transact+0xbc>
    66ea:	06090963          	beqz	s2,675c <USBFSH_Transact+0xea>
    66ee:	01490663          	beq	s2,s4,66fa <USBFSH_Transact+0x88>
    66f2:	197d                	addi	s2,s2,-1
    66f4:	0942                	slli	s2,s2,0x10
    66f6:	01095913          	srli	s2,s2,0x10
    66fa:	14fd                	addi	s1,s1,-1
    66fc:	0ff4f493          	andi	s1,s1,255
    6700:	4551                	li	a0,20
    6702:	72e020ef          	jal	ra,8e30 <Delay_Us>
    6706:	207c                	lbu	a5,6(s0)
    6708:	8b85                	andi	a5,a5,1
    670a:	cb91                	beqz	a5,671e <USBFSH_Transact+0xac>
    670c:	0c800513          	li	a0,200
    6710:	720020ef          	jal	ra,8e30 <Delay_Us>
    6714:	301c                	lbu	a5,1(s0)
    6716:	8b85                	andi	a5,a5,1
    6718:	c7a9                	beqz	a5,6762 <USBFSH_Transact+0xf0>
    671a:	4785                	li	a5,1
    671c:	a07c                	sb	a5,6(s0)
    671e:	0485                	addi	s1,s1,1
    6720:	0ff4f493          	andi	s1,s1,255
    6724:	f7549ce3          	bne	s1,s5,669c <USBFSH_Transact+0x2a>
    6728:	02000513          	li	a0,32
    672c:	a821                	j	6744 <USBFSH_Transact+0xd2>
    672e:	01998d63          	beq	s3,s9,6748 <USBFSH_Transact+0xd6>
    6732:	47b5                	li	a5,13
    6734:	00f98563          	beq	s3,a5,673e <USBFSH_Transact+0xcc>
    6738:	4785                	li	a5,1
    673a:	f8f998e3          	bne	s3,a5,66ca <USBFSH_Transact+0x58>
    673e:	d169                	beqz	a0,6700 <USBFSH_Transact+0x8e>
    6740:	02056513          	ori	a0,a0,32
    6744:	9fdfe06f          	j	5140 <__riscv_restore_10>
    6748:	8b9d                	andi	a5,a5,7
    674a:	470d                	li	a4,3
    674c:	fee799e3          	bne	a5,a4,673e <USBFSH_Transact+0xcc>
    6750:	bf45                	j	6700 <USBFSH_Transact+0x8e>
    6752:	4501                	li	a0,0
    6754:	bfc5                	j	6744 <USBFSH_Transact+0xd2>
    6756:	02e00513          	li	a0,46
    675a:	b7ed                	j	6744 <USBFSH_Transact+0xd2>
    675c:	02a00513          	li	a0,42
    6760:	b7d5                	j	6744 <USBFSH_Transact+0xd2>
    6762:	4559                	li	a0,22
    6764:	b7c5                	j	6744 <USBFSH_Transact+0xd2>

00006766 <USBFSH_CtrlTransfer>:
    6766:	9a3fe2ef          	jal	t0,5108 <__riscv_save_10>
    676a:	89aa                	mv	s3,a0
    676c:	84b2                	mv	s1,a2
    676e:	06400513          	li	a0,100
    6772:	892e                	mv	s2,a1
    6774:	6bc020ef          	jal	ra,8e30 <Delay_Us>
    6778:	c099                	beqz	s1,677e <USBFSH_CtrlTransfer+0x18>
    677a:	00049023          	sh	zero,0(s1)
    677e:	50000437          	lui	s0,0x50000
    6782:	47a1                	li	a5,8
    6784:	6a89                	lui	s5,0x2
    6786:	bc5e                	sh	a5,60(s0)
    6788:	710a8613          	addi	a2,s5,1808 # 2710 <__stack_size+0x1f10>
    678c:	4581                	li	a1,0
    678e:	0d000513          	li	a0,208
    6792:	35c5                	jal	6672 <USBFSH_Transact>
    6794:	14051063          	bnez	a0,68d4 <USBFSH_CtrlTransfer+0x16e>
    6798:	4791                	li	a5,4
    679a:	02f40da3          	sb	a5,59(s0) # 5000003b <_eusrstack+0x2fffb03b>
    679e:	02f40f23          	sb	a5,62(s0)
    67a2:	67c18793          	addi	a5,gp,1660 # 2000103c <USBFS_TX_Buf>
    67a6:	23e2                	lhu	s0,6(a5)
    67a8:	67c18b13          	addi	s6,gp,1660 # 2000103c <USBFS_TX_Buf>
    67ac:	0e040663          	beqz	s0,6898 <USBFSH_CtrlTransfer+0x132>
    67b0:	0e090463          	beqz	s2,6898 <USBFSH_CtrlTransfer+0x132>
    67b4:	00078783          	lb	a5,0(a5)
    67b8:	0607c263          	bltz	a5,681c <USBFSH_CtrlTransfer+0xb6>
    67bc:	8bce                	mv	s7,s3
    67be:	09c2                	slli	s3,s3,0x10
    67c0:	0109d993          	srli	s3,s3,0x10
    67c4:	50000a37          	lui	s4,0x50000
    67c8:	710a8a93          	addi	s5,s5,1808
    67cc:	06400513          	li	a0,100
    67d0:	660020ef          	jal	ra,8e30 <Delay_Us>
    67d4:	87de                	mv	a5,s7
    67d6:	01347363          	bgeu	s0,s3,67dc <USBFSH_CtrlTransfer+0x76>
    67da:	87a2                	mv	a5,s0
    67dc:	02fa1e23          	sh	a5,60(s4) # 5000003c <_eusrstack+0x2fffb03c>
    67e0:	4781                	li	a5,0
    67e2:	03ca5703          	lhu	a4,60(s4)
    67e6:	10e79163          	bne	a5,a4,68e8 <USBFSH_CtrlTransfer+0x182>
    67ea:	03ea4583          	lbu	a1,62(s4)
    67ee:	8656                	mv	a2,s5
    67f0:	4541                	li	a0,16
    67f2:	3541                	jal	6672 <USBFSH_Transact>
    67f4:	e165                	bnez	a0,68d4 <USBFSH_CtrlTransfer+0x16e>
    67f6:	03ea4783          	lbu	a5,62(s4)
    67fa:	0047c793          	xori	a5,a5,4
    67fe:	02fa0f23          	sb	a5,62(s4)
    6802:	03ca5783          	lhu	a5,60(s4)
    6806:	8c1d                	sub	s0,s0,a5
    6808:	0442                	slli	s0,s0,0x10
    680a:	8041                	srli	s0,s0,0x10
    680c:	c491                	beqz	s1,6818 <USBFSH_CtrlTransfer+0xb2>
    680e:	03ca5783          	lhu	a5,60(s4)
    6812:	209a                	lhu	a4,0(s1)
    6814:	97ba                	add	a5,a5,a4
    6816:	a09e                	sh	a5,0(s1)
    6818:	f855                	bnez	s0,67cc <USBFSH_CtrlTransfer+0x66>
    681a:	a8bd                	j	6898 <USBFSH_CtrlTransfer+0x132>
    681c:	50000a37          	lui	s4,0x50000
    6820:	710a8a93          	addi	s5,s5,1808
    6824:	63c18b13          	addi	s6,gp,1596 # 20000ffc <USBFS_RX_Buf>
    6828:	19fd                	addi	s3,s3,-1
    682a:	06400513          	li	a0,100
    682e:	602020ef          	jal	ra,8e30 <Delay_Us>
    6832:	03ba4583          	lbu	a1,59(s4) # 5000003b <_eusrstack+0x2fffb03b>
    6836:	8656                	mv	a2,s5
    6838:	09000513          	li	a0,144
    683c:	3d1d                	jal	6672 <USBFSH_Transact>
    683e:	e959                	bnez	a0,68d4 <USBFSH_CtrlTransfer+0x16e>
    6840:	03ba4783          	lbu	a5,59(s4)
    6844:	0047c793          	xori	a5,a5,4
    6848:	02fa0da3          	sb	a5,59(s4)
    684c:	008a5703          	lhu	a4,8(s4)
    6850:	87a2                	mv	a5,s0
    6852:	00877663          	bgeu	a4,s0,685e <USBFSH_CtrlTransfer+0xf8>
    6856:	008a5783          	lhu	a5,8(s4)
    685a:	07c2                	slli	a5,a5,0x10
    685c:	83c1                	srli	a5,a5,0x10
    685e:	8c1d                	sub	s0,s0,a5
    6860:	0442                	slli	s0,s0,0x10
    6862:	8041                	srli	s0,s0,0x10
    6864:	c481                	beqz	s1,686c <USBFSH_CtrlTransfer+0x106>
    6866:	209a                	lhu	a4,0(s1)
    6868:	973e                	add	a4,a4,a5
    686a:	a09a                	sh	a4,0(s1)
    686c:	4701                	li	a4,0
    686e:	01071693          	slli	a3,a4,0x10
    6872:	82c1                	srli	a3,a3,0x10
    6874:	06d79263          	bne	a5,a3,68d8 <USBFSH_CtrlTransfer+0x172>
    6878:	993e                	add	s2,s2,a5
    687a:	008a5783          	lhu	a5,8(s4)
    687e:	07c2                	slli	a5,a5,0x10
    6880:	83c1                	srli	a5,a5,0x10
    6882:	c799                	beqz	a5,6890 <USBFSH_CtrlTransfer+0x12a>
    6884:	008a5783          	lhu	a5,8(s4)
    6888:	00f9f7b3          	and	a5,s3,a5
    688c:	e391                	bnez	a5,6890 <USBFSH_CtrlTransfer+0x12a>
    688e:	fc51                	bnez	s0,682a <USBFSH_CtrlTransfer+0xc4>
    6890:	500007b7          	lui	a5,0x50000
    6894:	02079e23          	sh	zero,60(a5) # 5000003c <_eusrstack+0x2fffb03c>
    6898:	06400513          	li	a0,100
    689c:	594020ef          	jal	ra,8e30 <Delay_Us>
    68a0:	500007b7          	lui	a5,0x50000
    68a4:	3fde                	lhu	a5,60(a5)
    68a6:	09000513          	li	a0,144
    68aa:	07c2                	slli	a5,a5,0x10
    68ac:	83c1                	srli	a5,a5,0x10
    68ae:	e391                	bnez	a5,68b2 <USBFSH_CtrlTransfer+0x14c>
    68b0:	4541                	li	a0,16
    68b2:	6609                	lui	a2,0x2
    68b4:	71060613          	addi	a2,a2,1808 # 2710 <__stack_size+0x1f10>
    68b8:	4591                	li	a1,4
    68ba:	3b65                	jal	6672 <USBFSH_Transact>
    68bc:	ed01                	bnez	a0,68d4 <USBFSH_CtrlTransfer+0x16e>
    68be:	50000737          	lui	a4,0x50000
    68c2:	3f5e                	lhu	a5,60(a4)
    68c4:	07c2                	slli	a5,a5,0x10
    68c6:	83c1                	srli	a5,a5,0x10
    68c8:	c791                	beqz	a5,68d4 <USBFSH_CtrlTransfer+0x16e>
    68ca:	271e                	lhu	a5,8(a4)
    68cc:	07c2                	slli	a5,a5,0x10
    68ce:	83c1                	srli	a5,a5,0x10
    68d0:	c391                	beqz	a5,68d4 <USBFSH_CtrlTransfer+0x16e>
    68d2:	455d                	li	a0,23
    68d4:	86dfe06f          	j	5140 <__riscv_restore_10>
    68d8:	00eb06b3          	add	a3,s6,a4
    68dc:	2290                	lbu	a2,0(a3)
    68de:	00e906b3          	add	a3,s2,a4
    68e2:	0705                	addi	a4,a4,1
    68e4:	a290                	sb	a2,0(a3)
    68e6:	b761                	j	686e <USBFSH_CtrlTransfer+0x108>
    68e8:	00094683          	lbu	a3,0(s2)
    68ec:	00fb0733          	add	a4,s6,a5
    68f0:	0785                	addi	a5,a5,1
    68f2:	07c2                	slli	a5,a5,0x10
    68f4:	a314                	sb	a3,0(a4)
    68f6:	0905                	addi	s2,s2,1
    68f8:	83c1                	srli	a5,a5,0x10
    68fa:	b5e5                	j	67e2 <USBFSH_CtrlTransfer+0x7c>

000068fc <USBFSH_GetDeviceDescr>:
    68fc:	835fe2ef          	jal	t0,5130 <__riscv_save_0>
    6900:	83418413          	addi	s0,gp,-1996 # 200001f4 <SetupGetDevDesc>
    6904:	47a1                	li	a5,8
    6906:	4018                	lw	a4,0(s0)
    6908:	a11c                	sb	a5,0(a0)
    690a:	67c18793          	addi	a5,gp,1660 # 2000103c <USBFS_TX_Buf>
    690e:	c398                	sw	a4,0(a5)
    6910:	4058                	lw	a4,4(s0)
    6912:	84aa                	mv	s1,a0
    6914:	1141                	addi	sp,sp,-16
    6916:	c3d8                	sw	a4,4(a5)
    6918:	2108                	lbu	a0,0(a0)
    691a:	00e10613          	addi	a2,sp,14
    691e:	892e                	mv	s2,a1
    6920:	3599                	jal	6766 <USBFSH_CtrlTransfer>
    6922:	e909                	bnez	a0,6934 <USBFSH_GetDeviceDescr+0x38>
    6924:	00794783          	lbu	a5,7(s2)
    6928:	207a                	lhu	a4,6(s0)
    692a:	a09c                	sb	a5,0(s1)
    692c:	873c                	lhu	a5,14(sp)
    692e:	00e7f363          	bgeu	a5,a4,6934 <USBFSH_GetDeviceDescr+0x38>
    6932:	455d                	li	a0,23
    6934:	0141                	addi	sp,sp,16
    6936:	81ffe06f          	j	5154 <__riscv_restore_0>

0000693a <USBFSH_GetConfigDescr>:
    693a:	fdcfe2ef          	jal	t0,5116 <__riscv_save_4>
    693e:	82c18713          	addi	a4,gp,-2004 # 200001ec <SetupGetCfgDesc>
    6942:	89b2                	mv	s3,a2
    6944:	4310                	lw	a2,0(a4)
    6946:	4358                	lw	a4,4(a4)
    6948:	67c18793          	addi	a5,gp,1660 # 2000103c <USBFS_TX_Buf>
    694c:	1141                	addi	sp,sp,-16
    694e:	c390                	sw	a2,0(a5)
    6950:	c3d8                	sw	a4,4(a5)
    6952:	8636                	mv	a2,a3
    6954:	8a2a                	mv	s4,a0
    6956:	892e                	mv	s2,a1
    6958:	c636                	sw	a3,12(sp)
    695a:	3531                	jal	6766 <USBFSH_CtrlTransfer>
    695c:	e121                	bnez	a0,699c <USBFSH_GetConfigDescr+0x62>
    695e:	46b2                	lw	a3,12(sp)
    6960:	82c18713          	addi	a4,gp,-2004 # 200001ec <SetupGetCfgDesc>
    6964:	2372                	lhu	a2,6(a4)
    6966:	228e                	lhu	a1,0(a3)
    6968:	455d                	li	a0,23
    696a:	02c5e963          	bltu	a1,a2,699c <USBFSH_GetConfigDescr+0x62>
    696e:	00394603          	lbu	a2,3(s2)
    6972:	00294583          	lbu	a1,2(s2)
    6976:	67c18793          	addi	a5,gp,1660 # 2000103c <USBFS_TX_Buf>
    697a:	0622                	slli	a2,a2,0x8
    697c:	8e4d                	or	a2,a2,a1
    697e:	85b2                	mv	a1,a2
    6980:	00c9f363          	bgeu	s3,a2,6986 <USBFSH_GetConfigDescr+0x4c>
    6984:	85ce                	mv	a1,s3
    6986:	4310                	lw	a2,0(a4)
    6988:	4358                	lw	a4,4(a4)
    698a:	a28e                	sh	a1,0(a3)
    698c:	c390                	sw	a2,0(a5)
    698e:	c3d8                	sw	a4,4(a5)
    6990:	229a                	lhu	a4,0(a3)
    6992:	8636                	mv	a2,a3
    6994:	85ca                	mv	a1,s2
    6996:	a3fa                	sh	a4,6(a5)
    6998:	8552                	mv	a0,s4
    699a:	33f1                	jal	6766 <USBFSH_CtrlTransfer>
    699c:	0141                	addi	sp,sp,16
    699e:	facfe06f          	j	514a <__riscv_restore_4>

000069a2 <USBFSH_GetStrDescr>:
    69a2:	f74fe2ef          	jal	t0,5116 <__riscv_save_4>
    69a6:	83c18793          	addi	a5,gp,-1988 # 200001fc <SetupGetStrDesc>
    69aa:	0007aa03          	lw	s4,0(a5) # 50000000 <_eusrstack+0x2fffb000>
    69ae:	0047a983          	lw	s3,4(a5)
    69b2:	67c18413          	addi	s0,gp,1660 # 2000103c <USBFS_TX_Buf>
    69b6:	1141                	addi	sp,sp,-16
    69b8:	84b2                	mv	s1,a2
    69ba:	3005e913          	ori	s2,a1,768
    69be:	01442023          	sw	s4,0(s0)
    69c2:	00e10613          	addi	a2,sp,14
    69c6:	85a6                	mv	a1,s1
    69c8:	8aaa                	mv	s5,a0
    69ca:	01342223          	sw	s3,4(s0)
    69ce:	01241123          	sh	s2,2(s0)
    69d2:	3b51                	jal	6766 <USBFSH_CtrlTransfer>
    69d4:	ed19                	bnez	a0,69f2 <USBFSH_GetStrDescr+0x50>
    69d6:	209c                	lbu	a5,0(s1)
    69d8:	00e10613          	addi	a2,sp,14
    69dc:	01442023          	sw	s4,0(s0)
    69e0:	01342223          	sw	s3,4(s0)
    69e4:	85a6                	mv	a1,s1
    69e6:	8556                	mv	a0,s5
    69e8:	877c                	sh	a5,14(sp)
    69ea:	01241123          	sh	s2,2(s0)
    69ee:	a07e                	sh	a5,6(s0)
    69f0:	3b9d                	jal	6766 <USBFSH_CtrlTransfer>
    69f2:	0141                	addi	sp,sp,16
    69f4:	f56fe06f          	j	514a <__riscv_restore_4>

000069f8 <USBFSH_SetUsbAddress>:
    69f8:	f38fe2ef          	jal	t0,5130 <__riscv_save_0>
    69fc:	84418713          	addi	a4,gp,-1980 # 20000204 <SetupSetAddr>
    6a00:	4314                	lw	a3,0(a4)
    6a02:	4358                	lw	a4,4(a4)
    6a04:	67c18793          	addi	a5,gp,1660 # 2000103c <USBFS_TX_Buf>
    6a08:	c394                	sw	a3,0(a5)
    6a0a:	a3ae                	sh	a1,2(a5)
    6a0c:	84ae                	mv	s1,a1
    6a0e:	c3d8                	sw	a4,4(a5)
    6a10:	4601                	li	a2,0
    6a12:	4581                	li	a1,0
    6a14:	3b89                	jal	6766 <USBFSH_CtrlTransfer>
    6a16:	842a                	mv	s0,a0
    6a18:	e519                	bnez	a0,6a26 <USBFSH_SetUsbAddress+0x2e>
    6a1a:	8526                	mv	a0,s1
    6a1c:	b89ff0ef          	jal	ra,65a4 <USBFSH_SetSelfAddr>
    6a20:	4515                	li	a0,5
    6a22:	444020ef          	jal	ra,8e66 <Delay_Ms>
    6a26:	8522                	mv	a0,s0
    6a28:	f2cfe06f          	j	5154 <__riscv_restore_0>

00006a2c <USBFSH_SetUsbConfig>:
    6a2c:	f04fe2ef          	jal	t0,5130 <__riscv_save_0>
    6a30:	84c18713          	addi	a4,gp,-1972 # 2000020c <SetupSetConfig>
    6a34:	4314                	lw	a3,0(a4)
    6a36:	4358                	lw	a4,4(a4)
    6a38:	67c18793          	addi	a5,gp,1660 # 2000103c <USBFS_TX_Buf>
    6a3c:	c394                	sw	a3,0(a5)
    6a3e:	a3ae                	sh	a1,2(a5)
    6a40:	c3d8                	sw	a4,4(a5)
    6a42:	4601                	li	a2,0
    6a44:	4581                	li	a1,0
    6a46:	3305                	jal	6766 <USBFSH_CtrlTransfer>
    6a48:	f0cfe06f          	j	5154 <__riscv_restore_0>

00006a4c <USBFSH_ClearEndpStall>:
    6a4c:	ee4fe2ef          	jal	t0,5130 <__riscv_save_0>
    6a50:	82418713          	addi	a4,gp,-2012 # 200001e4 <SetupClearEndpStall>
    6a54:	4314                	lw	a3,0(a4)
    6a56:	4358                	lw	a4,4(a4)
    6a58:	67c18793          	addi	a5,gp,1660 # 2000103c <USBFS_TX_Buf>
    6a5c:	c3d8                	sw	a4,4(a5)
    6a5e:	a3ce                	sh	a1,4(a5)
    6a60:	c394                	sw	a3,0(a5)
    6a62:	4601                	li	a2,0
    6a64:	4581                	li	a1,0
    6a66:	3301                	jal	6766 <USBFSH_CtrlTransfer>
    6a68:	eecfe06f          	j	5154 <__riscv_restore_0>

00006a6c <USBFSH_GetEndpData>:
    6a6c:	ec4fe2ef          	jal	t0,5130 <__riscv_save_0>
    6a70:	842e                	mv	s0,a1
    6a72:	218c                	lbu	a1,0(a1)
    6a74:	1141                	addi	sp,sp,-16
    6a76:	8932                	mv	s2,a2
    6a78:	09056513          	ori	a0,a0,144
    6a7c:	4601                	li	a2,0
    6a7e:	c636                	sw	a3,12(sp)
    6a80:	bf3ff0ef          	jal	ra,6672 <USBFSH_Transact>
    6a84:	84aa                	mv	s1,a0
    6a86:	46b2                	lw	a3,12(sp)
    6a88:	e105                	bnez	a0,6aa8 <USBFSH_GetEndpData+0x3c>
    6a8a:	500007b7          	lui	a5,0x50000
    6a8e:	2792                	lhu	a2,8(a5)
    6a90:	63c18593          	addi	a1,gp,1596 # 20000ffc <USBFS_RX_Buf>
    6a94:	0642                	slli	a2,a2,0x10
    6a96:	8241                	srli	a2,a2,0x10
    6a98:	a292                	sh	a2,0(a3)
    6a9a:	854a                	mv	a0,s2
    6a9c:	4da020ef          	jal	ra,8f76 <memcpy>
    6aa0:	201c                	lbu	a5,0(s0)
    6aa2:	0047c793          	xori	a5,a5,4
    6aa6:	a01c                	sb	a5,0(s0)
    6aa8:	8526                	mv	a0,s1
    6aaa:	0141                	addi	sp,sp,16
    6aac:	ea8fe06f          	j	5154 <__riscv_restore_0>

00006ab0 <USBFSH_SendEndpData>:
    6ab0:	e80fe2ef          	jal	t0,5130 <__riscv_save_0>
    6ab4:	84aa                	mv	s1,a0
    6ab6:	1141                	addi	sp,sp,-16
    6ab8:	842e                	mv	s0,a1
    6aba:	67c18513          	addi	a0,gp,1660 # 2000103c <USBFS_TX_Buf>
    6abe:	85b2                	mv	a1,a2
    6ac0:	8636                	mv	a2,a3
    6ac2:	c636                	sw	a3,12(sp)
    6ac4:	4b2020ef          	jal	ra,8f76 <memcpy>
    6ac8:	46b2                	lw	a3,12(sp)
    6aca:	500007b7          	lui	a5,0x50000
    6ace:	4601                	li	a2,0
    6ad0:	bfd6                	sh	a3,60(a5)
    6ad2:	200c                	lbu	a1,0(s0)
    6ad4:	0104e513          	ori	a0,s1,16
    6ad8:	b9bff0ef          	jal	ra,6672 <USBFSH_Transact>
    6adc:	e509                	bnez	a0,6ae6 <USBFSH_SendEndpData+0x36>
    6ade:	201c                	lbu	a5,0(s0)
    6ae0:	0047c793          	xori	a5,a5,4
    6ae4:	a01c                	sb	a5,0(s0)
    6ae6:	0141                	addi	sp,sp,16
    6ae8:	e6cfe06f          	j	5154 <__riscv_restore_0>

00006aec <HID_GetHidDesr>:
    6aec:	e44fe2ef          	jal	t0,5130 <__riscv_save_0>
    6af0:	85418713          	addi	a4,gp,-1964 # 20000214 <SetupGetHidDes>
    6af4:	8832                	mv	a6,a2
    6af6:	4310                	lw	a2,0(a4)
    6af8:	4358                	lw	a4,4(a4)
    6afa:	66c1ae23          	sw	a2,1660(gp) # 2000103c <USBFS_TX_Buf>
    6afe:	67c18793          	addi	a5,gp,1660 # 2000103c <USBFS_TX_Buf>
    6b02:	c3d8                	sw	a4,4(a5)
    6b04:	a3ce                	sh	a1,4(a5)
    6b06:	229a                	lhu	a4,0(a3)
    6b08:	8636                	mv	a2,a3
    6b0a:	85c2                	mv	a1,a6
    6b0c:	a3fa                	sh	a4,6(a5)
    6b0e:	c59ff0ef          	jal	ra,6766 <USBFSH_CtrlTransfer>
    6b12:	e42fe06f          	j	5154 <__riscv_restore_0>

00006b16 <HID_SetReport>:
    6b16:	e1afe2ef          	jal	t0,5130 <__riscv_save_0>
    6b1a:	85c18713          	addi	a4,gp,-1956 # 2000021c <SetupSetReport>
    6b1e:	8832                	mv	a6,a2
    6b20:	4310                	lw	a2,0(a4)
    6b22:	4358                	lw	a4,4(a4)
    6b24:	66c1ae23          	sw	a2,1660(gp) # 2000103c <USBFS_TX_Buf>
    6b28:	67c18793          	addi	a5,gp,1660 # 2000103c <USBFS_TX_Buf>
    6b2c:	c3d8                	sw	a4,4(a5)
    6b2e:	a3ce                	sh	a1,4(a5)
    6b30:	8636                	mv	a2,a3
    6b32:	85c2                	mv	a1,a6
    6b34:	c33ff0ef          	jal	ra,6766 <USBFSH_CtrlTransfer>
    6b38:	e1cfe06f          	j	5154 <__riscv_restore_0>

00006b3c <HID_SetIdle>:
    6b3c:	df4fe2ef          	jal	t0,5130 <__riscv_save_0>
    6b40:	86418713          	addi	a4,gp,-1948 # 20000224 <SetupSetidle>
    6b44:	00072803          	lw	a6,0(a4) # 50000000 <_eusrstack+0x2fffb000>
    6b48:	4358                	lw	a4,4(a4)
    6b4a:	6701ae23          	sw	a6,1660(gp) # 2000103c <USBFS_TX_Buf>
    6b4e:	0622                	slli	a2,a2,0x8
    6b50:	67c18793          	addi	a5,gp,1660 # 2000103c <USBFS_TX_Buf>
    6b54:	8ed1                	or	a3,a3,a2
    6b56:	c3d8                	sw	a4,4(a5)
    6b58:	a3ce                	sh	a1,4(a5)
    6b5a:	a3b6                	sh	a3,2(a5)
    6b5c:	4601                	li	a2,0
    6b5e:	4581                	li	a1,0
    6b60:	c07ff0ef          	jal	ra,6766 <USBFSH_CtrlTransfer>
    6b64:	df0fe06f          	j	5154 <__riscv_restore_0>

00006b68 <HUB_GetPortStatus>:
    6b68:	dc8fe2ef          	jal	t0,5130 <__riscv_save_0>
    6b6c:	87c18713          	addi	a4,gp,-1924 # 2000023c <GetPortStatus>
    6b70:	86b2                	mv	a3,a2
    6b72:	4310                	lw	a2,0(a4)
    6b74:	4358                	lw	a4,4(a4)
    6b76:	66c1ae23          	sw	a2,1660(gp) # 2000103c <USBFS_TX_Buf>
    6b7a:	67c18793          	addi	a5,gp,1660 # 2000103c <USBFS_TX_Buf>
    6b7e:	1141                	addi	sp,sp,-16
    6b80:	c3d8                	sw	a4,4(a5)
    6b82:	a3ce                	sh	a1,4(a5)
    6b84:	00e10613          	addi	a2,sp,14
    6b88:	85b6                	mv	a1,a3
    6b8a:	bddff0ef          	jal	ra,6766 <USBFSH_CtrlTransfer>
    6b8e:	0141                	addi	sp,sp,16
    6b90:	dc4fe06f          	j	5154 <__riscv_restore_0>

00006b94 <HUB_ClearPortFeature>:
    6b94:	d9cfe2ef          	jal	t0,5130 <__riscv_save_0>
    6b98:	86c18713          	addi	a4,gp,-1940 # 2000022c <ClearPortFeature>
    6b9c:	4314                	lw	a3,0(a4)
    6b9e:	4358                	lw	a4,4(a4)
    6ba0:	66d1ae23          	sw	a3,1660(gp) # 2000103c <USBFS_TX_Buf>
    6ba4:	67c18793          	addi	a5,gp,1660 # 2000103c <USBFS_TX_Buf>
    6ba8:	c3d8                	sw	a4,4(a5)
    6baa:	a3b2                	sh	a2,2(a5)
    6bac:	a3ce                	sh	a1,4(a5)
    6bae:	4601                	li	a2,0
    6bb0:	4581                	li	a1,0
    6bb2:	bb5ff0ef          	jal	ra,6766 <USBFSH_CtrlTransfer>
    6bb6:	d9efe06f          	j	5154 <__riscv_restore_0>

00006bba <HUB_SetPortFeature>:
    6bba:	d76fe2ef          	jal	t0,5130 <__riscv_save_0>
    6bbe:	88418713          	addi	a4,gp,-1916 # 20000244 <SetPortFeature>
    6bc2:	4314                	lw	a3,0(a4)
    6bc4:	4358                	lw	a4,4(a4)
    6bc6:	66d1ae23          	sw	a3,1660(gp) # 2000103c <USBFS_TX_Buf>
    6bca:	67c18793          	addi	a5,gp,1660 # 2000103c <USBFS_TX_Buf>
    6bce:	c3d8                	sw	a4,4(a5)
    6bd0:	a3b2                	sh	a2,2(a5)
    6bd2:	a3ce                	sh	a1,4(a5)
    6bd4:	4601                	li	a2,0
    6bd6:	4581                	li	a1,0
    6bd8:	b8fff0ef          	jal	ra,6766 <USBFSH_CtrlTransfer>
    6bdc:	d78fe06f          	j	5154 <__riscv_restore_0>

00006be0 <HUB_GetClassDevDescr>:
    6be0:	d36fe2ef          	jal	t0,5116 <__riscv_save_4>
    6be4:	87418793          	addi	a5,gp,-1932 # 20000234 <GetHubDescr>
    6be8:	4398                	lw	a4,0(a5)
    6bea:	43dc                	lw	a5,4(a5)
    6bec:	66e1ae23          	sw	a4,1660(gp) # 2000103c <USBFS_TX_Buf>
    6bf0:	67c18413          	addi	s0,gp,1660 # 2000103c <USBFS_TX_Buf>
    6bf4:	89aa                	mv	s3,a0
    6bf6:	84ae                	mv	s1,a1
    6bf8:	8932                	mv	s2,a2
    6bfa:	c05c                	sw	a5,4(s0)
    6bfc:	b6bff0ef          	jal	ra,6766 <USBFSH_CtrlTransfer>
    6c00:	e911                	bnez	a0,6c14 <HUB_GetClassDevDescr+0x34>
    6c02:	209c                	lbu	a5,0(s1)
    6c04:	864a                	mv	a2,s2
    6c06:	85a6                	mv	a1,s1
    6c08:	00f91023          	sh	a5,0(s2)
    6c0c:	854e                	mv	a0,s3
    6c0e:	a07e                	sh	a5,6(s0)
    6c10:	b57ff0ef          	jal	ra,6766 <USBFSH_CtrlTransfer>
    6c14:	d36fe06f          	j	514a <__riscv_restore_4>

00006c18 <I2C_init>:
    6c18:	d18fe2ef          	jal	t0,5130 <__riscv_save_0>
    6c1c:	1101                	addi	sp,sp,-32
    6c1e:	4585                	li	a1,1
    6c20:	00400537          	lui	a0,0x400
    6c24:	058020ef          	jal	ra,8c7c <RCC_APB1PeriphClockCmd>
    6c28:	4585                	li	a1,1
    6c2a:	4521                	li	a0,8
    6c2c:	032020ef          	jal	ra,8c5e <RCC_APB2PeriphClockCmd>
    6c30:	47f1                	li	a5,28
    6c32:	c63e                	sw	a5,12(sp)
    6c34:	6785                	lui	a5,0x1
    6c36:	c0078793          	addi	a5,a5,-1024 # c00 <__stack_size+0x400>
    6c3a:	40011537          	lui	a0,0x40011
    6c3e:	827c                	sh	a5,4(sp)
    6c40:	004c                	addi	a1,sp,4
    6c42:	478d                	li	a5,3
    6c44:	c0050513          	addi	a0,a0,-1024 # 40010c00 <_eusrstack+0x2000bc00>
    6c48:	c43e                	sw	a5,8(sp)
    6c4a:	3c9010ef          	jal	ra,8812 <GPIO_Init>
    6c4e:	000627b7          	lui	a5,0x62
    6c52:	a8078793          	addi	a5,a5,-1408 # 61a80 <_data_lma+0x55d4c>
    6c56:	c83e                	sw	a5,16(sp)
    6c58:	bfff07b7          	lui	a5,0xbfff0
    6c5c:	40006437          	lui	s0,0x40006
    6c60:	ca3e                	sw	a5,20(sp)
    6c62:	040007b7          	lui	a5,0x4000
    6c66:	cc3e                	sw	a5,24(sp)
    6c68:	080c                	addi	a1,sp,16
    6c6a:	6791                	lui	a5,0x4
    6c6c:	80040513          	addi	a0,s0,-2048 # 40005800 <_eusrstack+0x20000800>
    6c70:	86fc                	sh	a5,28(sp)
    6c72:	4e1010ef          	jal	ra,8952 <I2C_Init>
    6c76:	80040513          	addi	a0,s0,-2048
    6c7a:	4585                	li	a1,1
    6c7c:	5cf010ef          	jal	ra,8a4a <I2C_Cmd>
    6c80:	4585                	li	a1,1
    6c82:	80040513          	addi	a0,s0,-2048
    6c86:	611010ef          	jal	ra,8a96 <I2C_AcknowledgeConfig>
    6c8a:	6105                	addi	sp,sp,32
    6c8c:	cc8fe06f          	j	5154 <__riscv_restore_0>

00006c90 <I2C_WRITE_ONE_BYTE>:
    6c90:	c86fe2ef          	jal	t0,5116 <__riscv_save_4>
    6c94:	40006437          	lui	s0,0x40006
    6c98:	89aa                	mv	s3,a0
    6c9a:	892e                	mv	s2,a1
    6c9c:	80040493          	addi	s1,s0,-2048 # 40005800 <_eusrstack+0x20000800>
    6ca0:	000205b7          	lui	a1,0x20
    6ca4:	8526                	mv	a0,s1
    6ca6:	637010ef          	jal	ra,8adc <I2C_GetFlagStatus>
    6caa:	f97d                	bnez	a0,6ca0 <I2C_WRITE_ONE_BYTE+0x10>
    6cac:	80040513          	addi	a0,s0,-2048
    6cb0:	4585                	li	a1,1
    6cb2:	00030437          	lui	s0,0x30
    6cb6:	400064b7          	lui	s1,0x40006
    6cba:	5a9010ef          	jal	ra,8a62 <I2C_GenerateSTART>
    6cbe:	0405                	addi	s0,s0,1
    6cc0:	80048a13          	addi	s4,s1,-2048 # 40005800 <_eusrstack+0x20000800>
    6cc4:	85a2                	mv	a1,s0
    6cc6:	8552                	mv	a0,s4
    6cc8:	5ff010ef          	jal	ra,8ac6 <I2C_CheckEvent>
    6ccc:	dd65                	beqz	a0,6cc4 <I2C_WRITE_ONE_BYTE+0x34>
    6cce:	80048513          	addi	a0,s1,-2048
    6cd2:	4601                	li	a2,0
    6cd4:	07800593          	li	a1,120
    6cd8:	00070437          	lui	s0,0x70
    6cdc:	400064b7          	lui	s1,0x40006
    6ce0:	5d5010ef          	jal	ra,8ab4 <I2C_Send7bitAddress>
    6ce4:	08240413          	addi	s0,s0,130 # 70082 <_data_lma+0x6434e>
    6ce8:	80048a13          	addi	s4,s1,-2048 # 40005800 <_eusrstack+0x20000800>
    6cec:	85a2                	mv	a1,s0
    6cee:	8552                	mv	a0,s4
    6cf0:	5d7010ef          	jal	ra,8ac6 <I2C_CheckEvent>
    6cf4:	dd65                	beqz	a0,6cec <I2C_WRITE_ONE_BYTE+0x5c>
    6cf6:	0ff9f593          	andi	a1,s3,255
    6cfa:	80048513          	addi	a0,s1,-2048
    6cfe:	00070437          	lui	s0,0x70
    6d02:	400064b7          	lui	s1,0x40006
    6d06:	5ab010ef          	jal	ra,8ab0 <I2C_SendData>
    6d0a:	08440413          	addi	s0,s0,132 # 70084 <_data_lma+0x64350>
    6d0e:	80048993          	addi	s3,s1,-2048 # 40005800 <_eusrstack+0x20000800>
    6d12:	85a2                	mv	a1,s0
    6d14:	854e                	mv	a0,s3
    6d16:	5b1010ef          	jal	ra,8ac6 <I2C_CheckEvent>
    6d1a:	dd65                	beqz	a0,6d12 <I2C_WRITE_ONE_BYTE+0x82>
    6d1c:	85ca                	mv	a1,s2
    6d1e:	80048513          	addi	a0,s1,-2048
    6d22:	00070437          	lui	s0,0x70
    6d26:	400064b7          	lui	s1,0x40006
    6d2a:	587010ef          	jal	ra,8ab0 <I2C_SendData>
    6d2e:	08440413          	addi	s0,s0,132 # 70084 <_data_lma+0x64350>
    6d32:	80048913          	addi	s2,s1,-2048 # 40005800 <_eusrstack+0x20000800>
    6d36:	85a2                	mv	a1,s0
    6d38:	854a                	mv	a0,s2
    6d3a:	58d010ef          	jal	ra,8ac6 <I2C_CheckEvent>
    6d3e:	dd65                	beqz	a0,6d36 <I2C_WRITE_ONE_BYTE+0xa6>
    6d40:	4585                	li	a1,1
    6d42:	80048513          	addi	a0,s1,-2048
    6d46:	537010ef          	jal	ra,8a7c <I2C_GenerateSTOP>
    6d4a:	c00fe06f          	j	514a <__riscv_restore_4>

00006d4e <i2c_transmit>:
    6d4e:	bc8fe2ef          	jal	t0,5116 <__riscv_save_4>
    6d52:	400064b7          	lui	s1,0x40006
    6d56:	8a2a                	mv	s4,a0
    6d58:	842e                	mv	s0,a1
    6d5a:	8932                	mv	s2,a2
    6d5c:	80048993          	addi	s3,s1,-2048 # 40005800 <_eusrstack+0x20000800>
    6d60:	000205b7          	lui	a1,0x20
    6d64:	854e                	mv	a0,s3
    6d66:	577010ef          	jal	ra,8adc <I2C_GetFlagStatus>
    6d6a:	f97d                	bnez	a0,6d60 <i2c_transmit+0x12>
    6d6c:	80048513          	addi	a0,s1,-2048
    6d70:	4585                	li	a1,1
    6d72:	000304b7          	lui	s1,0x30
    6d76:	400069b7          	lui	s3,0x40006
    6d7a:	4e9010ef          	jal	ra,8a62 <I2C_GenerateSTART>
    6d7e:	0485                	addi	s1,s1,1
    6d80:	80098a93          	addi	s5,s3,-2048 # 40005800 <_eusrstack+0x20000800>
    6d84:	85a6                	mv	a1,s1
    6d86:	8556                	mv	a0,s5
    6d88:	53f010ef          	jal	ra,8ac6 <I2C_CheckEvent>
    6d8c:	dd65                	beqz	a0,6d84 <i2c_transmit+0x36>
    6d8e:	80098513          	addi	a0,s3,-2048
    6d92:	4601                	li	a2,0
    6d94:	85d2                	mv	a1,s4
    6d96:	000709b7          	lui	s3,0x70
    6d9a:	400064b7          	lui	s1,0x40006
    6d9e:	517010ef          	jal	ra,8ab4 <I2C_Send7bitAddress>
    6da2:	08298993          	addi	s3,s3,130 # 70082 <_data_lma+0x6434e>
    6da6:	80048493          	addi	s1,s1,-2048 # 40005800 <_eusrstack+0x20000800>
    6daa:	85ce                	mv	a1,s3
    6dac:	8526                	mv	a0,s1
    6dae:	519010ef          	jal	ra,8ac6 <I2C_CheckEvent>
    6db2:	dd65                	beqz	a0,6daa <i2c_transmit+0x5c>
    6db4:	400064b7          	lui	s1,0x40006
    6db8:	000709b7          	lui	s3,0x70
    6dbc:	9922                	add	s2,s2,s0
    6dbe:	80048493          	addi	s1,s1,-2048 # 40005800 <_eusrstack+0x20000800>
    6dc2:	08498993          	addi	s3,s3,132 # 70084 <_data_lma+0x64350>
    6dc6:	01241b63          	bne	s0,s2,6ddc <i2c_transmit+0x8e>
    6dca:	40006537          	lui	a0,0x40006
    6dce:	4585                	li	a1,1
    6dd0:	80050513          	addi	a0,a0,-2048 # 40005800 <_eusrstack+0x20000800>
    6dd4:	4a9010ef          	jal	ra,8a7c <I2C_GenerateSTOP>
    6dd8:	b72fe06f          	j	514a <__riscv_restore_4>
    6ddc:	200c                	lbu	a1,0(s0)
    6dde:	8526                	mv	a0,s1
    6de0:	4d1010ef          	jal	ra,8ab0 <I2C_SendData>
    6de4:	85ce                	mv	a1,s3
    6de6:	8526                	mv	a0,s1
    6de8:	4df010ef          	jal	ra,8ac6 <I2C_CheckEvent>
    6dec:	dd65                	beqz	a0,6de4 <i2c_transmit+0x96>
    6dee:	0405                	addi	s0,s0,1
    6df0:	bfd9                	j	6dc6 <i2c_transmit+0x78>

00006df2 <ssd1306_I2C_WriteMulti>:
    6df2:	b3efe2ef          	jal	t0,5130 <__riscv_save_0>
    6df6:	7111                	addi	sp,sp,-256
    6df8:	804c                	sb	a1,0(sp)
    6dfa:	4781                	li	a5,0
    6dfc:	00d7e963          	bltu	a5,a3,6e0e <ssd1306_I2C_WriteMulti+0x1c>
    6e00:	858a                	mv	a1,sp
    6e02:	00168613          	addi	a2,a3,1
    6e06:	37a1                	jal	6d4e <i2c_transmit>
    6e08:	6111                	addi	sp,sp,256
    6e0a:	b4afe06f          	j	5154 <__riscv_restore_0>
    6e0e:	00f605b3          	add	a1,a2,a5
    6e12:	218c                	lbu	a1,0(a1)
    6e14:	0218                	addi	a4,sp,256
    6e16:	973e                	add	a4,a4,a5
    6e18:	0785                	addi	a5,a5,1
    6e1a:	f0b700a3          	sb	a1,-255(a4)
    6e1e:	0ff7f793          	andi	a5,a5,255
    6e22:	bfe9                	j	6dfc <ssd1306_I2C_WriteMulti+0xa>

00006e24 <SSD1306_UpdateScreen>:
    6e24:	b0cfe2ef          	jal	t0,5130 <__riscv_save_0>
    6e28:	6bc18493          	addi	s1,gp,1724 # 2000107c <SSD1306_Buffer>
    6e2c:	0b000413          	li	s0,176
    6e30:	0b800913          	li	s2,184
    6e34:	85a2                	mv	a1,s0
    6e36:	4501                	li	a0,0
    6e38:	3da1                	jal	6c90 <I2C_WRITE_ONE_BYTE>
    6e3a:	4581                	li	a1,0
    6e3c:	4501                	li	a0,0
    6e3e:	3d89                	jal	6c90 <I2C_WRITE_ONE_BYTE>
    6e40:	45c1                	li	a1,16
    6e42:	4501                	li	a0,0
    6e44:	35b1                	jal	6c90 <I2C_WRITE_ONE_BYTE>
    6e46:	0405                	addi	s0,s0,1
    6e48:	8626                	mv	a2,s1
    6e4a:	08000693          	li	a3,128
    6e4e:	04000593          	li	a1,64
    6e52:	07800513          	li	a0,120
    6e56:	0ff47413          	andi	s0,s0,255
    6e5a:	3f61                	jal	6df2 <ssd1306_I2C_WriteMulti>
    6e5c:	08048493          	addi	s1,s1,128
    6e60:	fd241ae3          	bne	s0,s2,6e34 <SSD1306_UpdateScreen+0x10>
    6e64:	af0fe06f          	j	5154 <__riscv_restore_0>

00006e68 <SSD1306_Fill>:
    6e68:	ac8fe2ef          	jal	t0,5130 <__riscv_save_0>
    6e6c:	0ff00593          	li	a1,255
    6e70:	e111                	bnez	a0,6e74 <SSD1306_Fill+0xc>
    6e72:	4581                	li	a1,0
    6e74:	40000613          	li	a2,1024
    6e78:	6bc18513          	addi	a0,gp,1724 # 2000107c <SSD1306_Buffer>
    6e7c:	ae4fe0ef          	jal	ra,5160 <memset>
    6e80:	ad4fe06f          	j	5154 <__riscv_restore_0>

00006e84 <SSD1306_DrawPixel>:
    6e84:	07f00793          	li	a5,127
    6e88:	02a7ee63          	bltu	a5,a0,6ec4 <SSD1306_DrawPixel+0x40>
    6e8c:	03f00793          	li	a5,63
    6e90:	02b7ea63          	bltu	a5,a1,6ec4 <SSD1306_DrawPixel+0x40>
    6e94:	8941c783          	lbu	a5,-1900(gp) # 20000254 <_edata+0x4>
    6e98:	c399                	beqz	a5,6e9e <SSD1306_DrawPixel+0x1a>
    6e9a:	00163613          	seqz	a2,a2
    6e9e:	0035d793          	srli	a5,a1,0x3
    6ea2:	079e                	slli	a5,a5,0x7
    6ea4:	97aa                	add	a5,a5,a0
    6ea6:	899d                	andi	a1,a1,7
    6ea8:	4705                	li	a4,1
    6eaa:	6bc18513          	addi	a0,gp,1724 # 2000107c <SSD1306_Buffer>
    6eae:	00b715b3          	sll	a1,a4,a1
    6eb2:	953e                	add	a0,a0,a5
    6eb4:	05e2                	slli	a1,a1,0x18
    6eb6:	00050783          	lb	a5,0(a0)
    6eba:	85e1                	srai	a1,a1,0x18
    6ebc:	00e61563          	bne	a2,a4,6ec6 <SSD1306_DrawPixel+0x42>
    6ec0:	8ddd                	or	a1,a1,a5
    6ec2:	a10c                	sb	a1,0(a0)
    6ec4:	8082                	ret
    6ec6:	fff5c593          	not	a1,a1
    6eca:	8dfd                	and	a1,a1,a5
    6ecc:	bfdd                	j	6ec2 <SSD1306_DrawPixel+0x3e>

00006ece <SSD1306_GotoXY>:
    6ece:	89018793          	addi	a5,gp,-1904 # 20000250 <_edata>
    6ed2:	a38a                	sh	a0,0(a5)
    6ed4:	a3ae                	sh	a1,2(a5)
    6ed6:	8082                	ret

00006ed8 <SSD1306_Putc>:
    6ed8:	a30fe2ef          	jal	t0,5108 <__riscv_save_10>
    6edc:	2198                	lbu	a4,0(a1)
    6ede:	8901d783          	lhu	a5,-1904(gp) # 20000250 <_edata>
    6ee2:	97ba                	add	a5,a5,a4
    6ee4:	07f00713          	li	a4,127
    6ee8:	06f74e63          	blt	a4,a5,6f64 <SSD1306_Putc+0x8c>
    6eec:	89018413          	addi	s0,gp,-1904 # 20000250 <_edata>
    6ef0:	3198                	lbu	a4,1(a1)
    6ef2:	203e                	lhu	a5,2(s0)
    6ef4:	84ae                	mv	s1,a1
    6ef6:	97ba                	add	a5,a5,a4
    6ef8:	03f00713          	li	a4,63
    6efc:	06f74463          	blt	a4,a5,6f64 <SSD1306_Putc+0x8c>
    6f00:	8c2a                	mv	s8,a0
    6f02:	8932                	mv	s2,a2
    6f04:	4b01                	li	s6,0
    6f06:	fe050993          	addi	s3,a0,-32
    6f0a:	00163a13          	seqz	s4,a2
    6f0e:	309c                	lbu	a5,1(s1)
    6f10:	00fb6963          	bltu	s6,a5,6f22 <SSD1306_Putc+0x4a>
    6f14:	201e                	lhu	a5,0(s0)
    6f16:	2098                	lbu	a4,0(s1)
    6f18:	97ba                	add	a5,a5,a4
    6f1a:	a01e                	sh	a5,0(s0)
    6f1c:	8562                	mv	a0,s8
    6f1e:	a22fe06f          	j	5140 <__riscv_restore_10>
    6f22:	02f987b3          	mul	a5,s3,a5
    6f26:	40d8                	lw	a4,4(s1)
    6f28:	4b81                	li	s7,0
    6f2a:	97da                	add	a5,a5,s6
    6f2c:	0786                	slli	a5,a5,0x1
    6f2e:	97ba                	add	a5,a5,a4
    6f30:	0007da83          	lhu	s5,0(a5) # 4000 <__stack_size+0x3800>
    6f34:	209c                	lbu	a5,0(s1)
    6f36:	200a                	lhu	a0,0(s0)
    6f38:	00fbe463          	bltu	s7,a5,6f40 <SSD1306_Putc+0x68>
    6f3c:	0b05                	addi	s6,s6,1
    6f3e:	bfc1                	j	6f0e <SSD1306_Putc+0x36>
    6f40:	202e                	lhu	a1,2(s0)
    6f42:	955e                	add	a0,a0,s7
    6f44:	017a97b3          	sll	a5,s5,s7
    6f48:	95da                	add	a1,a1,s6
    6f4a:	0542                	slli	a0,a0,0x10
    6f4c:	05c2                	slli	a1,a1,0x10
    6f4e:	01079713          	slli	a4,a5,0x10
    6f52:	8141                	srli	a0,a0,0x10
    6f54:	81c1                	srli	a1,a1,0x10
    6f56:	864a                	mv	a2,s2
    6f58:	00074363          	bltz	a4,6f5e <SSD1306_Putc+0x86>
    6f5c:	8652                	mv	a2,s4
    6f5e:	371d                	jal	6e84 <SSD1306_DrawPixel>
    6f60:	0b85                	addi	s7,s7,1
    6f62:	bfc9                	j	6f34 <SSD1306_Putc+0x5c>
    6f64:	4c01                	li	s8,0
    6f66:	bf5d                	j	6f1c <SSD1306_Putc+0x44>

00006f68 <SSD1306_Puts>:
    6f68:	9c8fe2ef          	jal	t0,5130 <__riscv_save_0>
    6f6c:	842a                	mv	s0,a0
    6f6e:	84ae                	mv	s1,a1
    6f70:	8932                	mv	s2,a2
    6f72:	00040783          	lb	a5,0(s0)
    6f76:	e781                	bnez	a5,6f7e <SSD1306_Puts+0x16>
    6f78:	853e                	mv	a0,a5
    6f7a:	9dafe06f          	j	5154 <__riscv_restore_0>
    6f7e:	853e                	mv	a0,a5
    6f80:	864a                	mv	a2,s2
    6f82:	85a6                	mv	a1,s1
    6f84:	3f91                	jal	6ed8 <SSD1306_Putc>
    6f86:	00040783          	lb	a5,0(s0)
    6f8a:	fef517e3          	bne	a0,a5,6f78 <SSD1306_Puts+0x10>
    6f8e:	0405                	addi	s0,s0,1
    6f90:	b7cd                	j	6f72 <SSD1306_Puts+0xa>

00006f92 <SSD1306_DrawLine>:
    6f92:	976fe2ef          	jal	t0,5108 <__riscv_save_10>
    6f96:	07f00793          	li	a5,127
    6f9a:	8aba                	mv	s5,a4
    6f9c:	07f00413          	li	s0,127
    6fa0:	00a7e363          	bltu	a5,a0,6fa6 <SSD1306_DrawLine+0x14>
    6fa4:	842a                	mv	s0,a0
    6fa6:	0442                	slli	s0,s0,0x10
    6fa8:	07f00793          	li	a5,127
    6fac:	8041                	srli	s0,s0,0x10
    6fae:	8b32                	mv	s6,a2
    6fb0:	00c7f463          	bgeu	a5,a2,6fb8 <SSD1306_DrawLine+0x26>
    6fb4:	07f00b13          	li	s6,127
    6fb8:	0b42                	slli	s6,s6,0x10
    6fba:	03f00793          	li	a5,63
    6fbe:	010b5b13          	srli	s6,s6,0x10
    6fc2:	84ae                	mv	s1,a1
    6fc4:	00b7f463          	bgeu	a5,a1,6fcc <SSD1306_DrawLine+0x3a>
    6fc8:	03f00493          	li	s1,63
    6fcc:	04c2                	slli	s1,s1,0x10
    6fce:	03f00793          	li	a5,63
    6fd2:	80c1                	srli	s1,s1,0x10
    6fd4:	8bb6                	mv	s7,a3
    6fd6:	00d7f463          	bgeu	a5,a3,6fde <SSD1306_DrawLine+0x4c>
    6fda:	03f00b93          	li	s7,63
    6fde:	0bc2                	slli	s7,s7,0x10
    6fe0:	010bdb93          	srli	s7,s7,0x10
    6fe4:	408b09b3          	sub	s3,s6,s0
    6fe8:	01646463          	bltu	s0,s6,6ff0 <SSD1306_DrawLine+0x5e>
    6fec:	416409b3          	sub	s3,s0,s6
    6ff0:	09c2                	slli	s3,s3,0x10
    6ff2:	4109d993          	srai	s3,s3,0x10
    6ff6:	0574f563          	bgeu	s1,s7,7040 <SSD1306_DrawLine+0xae>
    6ffa:	409b8a33          	sub	s4,s7,s1
    6ffe:	0a42                	slli	s4,s4,0x10
    7000:	410a5a13          	srai	s4,s4,0x10
    7004:	5cfd                	li	s9,-1
    7006:	01647363          	bgeu	s0,s6,700c <SSD1306_DrawLine+0x7a>
    700a:	4c85                	li	s9,1
    700c:	4c05                	li	s8,1
    700e:	4909                	li	s2,2
    7010:	053a5363          	bge	s4,s3,7056 <SSD1306_DrawLine+0xc4>
    7014:	0329c933          	div	s2,s3,s2
    7018:	04099f63          	bnez	s3,7076 <SSD1306_DrawLine+0xe4>
    701c:	009bf563          	bgeu	s7,s1,7026 <SSD1306_DrawLine+0x94>
    7020:	87a6                	mv	a5,s1
    7022:	84de                	mv	s1,s7
    7024:	8bbe                	mv	s7,a5
    7026:	8522                	mv	a0,s0
    7028:	008b7363          	bgeu	s6,s0,702e <SSD1306_DrawLine+0x9c>
    702c:	855a                	mv	a0,s6
    702e:	01051413          	slli	s0,a0,0x10
    7032:	8041                	srli	s0,s0,0x10
    7034:	04c2                	slli	s1,s1,0x10
    7036:	84c1                	srai	s1,s1,0x10
    7038:	029bd763          	bge	s7,s1,7066 <SSD1306_DrawLine+0xd4>
    703c:	904fe06f          	j	5140 <__riscv_restore_10>
    7040:	41748a33          	sub	s4,s1,s7
    7044:	0a42                	slli	s4,s4,0x10
    7046:	410a5a13          	srai	s4,s4,0x10
    704a:	4c85                	li	s9,1
    704c:	01646363          	bltu	s0,s6,7052 <SSD1306_DrawLine+0xc0>
    7050:	5cfd                	li	s9,-1
    7052:	5c7d                	li	s8,-1
    7054:	bf6d                	j	700e <SSD1306_DrawLine+0x7c>
    7056:	032a4933          	div	s2,s4,s2
    705a:	41200933          	neg	s2,s2
    705e:	0942                	slli	s2,s2,0x10
    7060:	41095913          	srai	s2,s2,0x10
    7064:	bf55                	j	7018 <SSD1306_DrawLine+0x86>
    7066:	04c2                	slli	s1,s1,0x10
    7068:	80c1                	srli	s1,s1,0x10
    706a:	85a6                	mv	a1,s1
    706c:	8656                	mv	a2,s5
    706e:	8522                	mv	a0,s0
    7070:	3d11                	jal	6e84 <SSD1306_DrawPixel>
    7072:	0485                	addi	s1,s1,1
    7074:	b7c1                	j	7034 <SSD1306_DrawLine+0xa2>
    7076:	41300d33          	neg	s10,s3
    707a:	020a1b63          	bnez	s4,70b0 <SSD1306_DrawLine+0x11e>
    707e:	85de                	mv	a1,s7
    7080:	0174f363          	bgeu	s1,s7,7086 <SSD1306_DrawLine+0xf4>
    7084:	85a6                	mv	a1,s1
    7086:	01059493          	slli	s1,a1,0x10
    708a:	80c1                	srli	s1,s1,0x10
    708c:	008b7563          	bgeu	s6,s0,7096 <SSD1306_DrawLine+0x104>
    7090:	87a2                	mv	a5,s0
    7092:	845a                	mv	s0,s6
    7094:	8b3e                	mv	s6,a5
    7096:	0442                	slli	s0,s0,0x10
    7098:	8441                	srai	s0,s0,0x10
    709a:	fa8b41e3          	blt	s6,s0,703c <SSD1306_DrawLine+0xaa>
    709e:	0442                	slli	s0,s0,0x10
    70a0:	8041                	srli	s0,s0,0x10
    70a2:	8522                	mv	a0,s0
    70a4:	8656                	mv	a2,s5
    70a6:	85a6                	mv	a1,s1
    70a8:	3bf1                	jal	6e84 <SSD1306_DrawPixel>
    70aa:	0405                	addi	s0,s0,1
    70ac:	b7ed                	j	7096 <SSD1306_DrawLine+0x104>
    70ae:	893e                	mv	s2,a5
    70b0:	8656                	mv	a2,s5
    70b2:	85a6                	mv	a1,s1
    70b4:	8522                	mv	a0,s0
    70b6:	dcfff0ef          	jal	ra,6e84 <SSD1306_DrawPixel>
    70ba:	01641463          	bne	s0,s6,70c2 <SSD1306_DrawLine+0x130>
    70be:	f7748fe3          	beq	s1,s7,703c <SSD1306_DrawLine+0xaa>
    70c2:	87ca                	mv	a5,s2
    70c4:	012d5963          	bge	s10,s2,70d6 <SSD1306_DrawLine+0x144>
    70c8:	414907b3          	sub	a5,s2,s4
    70cc:	9466                	add	s0,s0,s9
    70ce:	07c2                	slli	a5,a5,0x10
    70d0:	0442                	slli	s0,s0,0x10
    70d2:	87c1                	srai	a5,a5,0x10
    70d4:	8041                	srli	s0,s0,0x10
    70d6:	fd495ce3          	bge	s2,s4,70ae <SSD1306_DrawLine+0x11c>
    70da:	97ce                	add	a5,a5,s3
    70dc:	94e2                	add	s1,s1,s8
    70de:	07c2                	slli	a5,a5,0x10
    70e0:	04c2                	slli	s1,s1,0x10
    70e2:	87c1                	srai	a5,a5,0x10
    70e4:	80c1                	srli	s1,s1,0x10
    70e6:	b7e1                	j	70ae <SSD1306_DrawLine+0x11c>

000070e8 <SSD1306_Init>:
    70e8:	848fe2ef          	jal	t0,5130 <__riscv_save_0>
    70ec:	b2dff0ef          	jal	ra,6c18 <I2C_init>
    70f0:	06400513          	li	a0,100
    70f4:	573010ef          	jal	ra,8e66 <Delay_Ms>
    70f8:	0ae00593          	li	a1,174
    70fc:	4501                	li	a0,0
    70fe:	b93ff0ef          	jal	ra,6c90 <I2C_WRITE_ONE_BYTE>
    7102:	02000593          	li	a1,32
    7106:	4501                	li	a0,0
    7108:	b89ff0ef          	jal	ra,6c90 <I2C_WRITE_ONE_BYTE>
    710c:	45c1                	li	a1,16
    710e:	4501                	li	a0,0
    7110:	b81ff0ef          	jal	ra,6c90 <I2C_WRITE_ONE_BYTE>
    7114:	0b000593          	li	a1,176
    7118:	4501                	li	a0,0
    711a:	b77ff0ef          	jal	ra,6c90 <I2C_WRITE_ONE_BYTE>
    711e:	0c800593          	li	a1,200
    7122:	4501                	li	a0,0
    7124:	b6dff0ef          	jal	ra,6c90 <I2C_WRITE_ONE_BYTE>
    7128:	4581                	li	a1,0
    712a:	4501                	li	a0,0
    712c:	b65ff0ef          	jal	ra,6c90 <I2C_WRITE_ONE_BYTE>
    7130:	45c1                	li	a1,16
    7132:	4501                	li	a0,0
    7134:	b5dff0ef          	jal	ra,6c90 <I2C_WRITE_ONE_BYTE>
    7138:	04000593          	li	a1,64
    713c:	4501                	li	a0,0
    713e:	b53ff0ef          	jal	ra,6c90 <I2C_WRITE_ONE_BYTE>
    7142:	08100593          	li	a1,129
    7146:	4501                	li	a0,0
    7148:	b49ff0ef          	jal	ra,6c90 <I2C_WRITE_ONE_BYTE>
    714c:	0ff00593          	li	a1,255
    7150:	4501                	li	a0,0
    7152:	b3fff0ef          	jal	ra,6c90 <I2C_WRITE_ONE_BYTE>
    7156:	0a100593          	li	a1,161
    715a:	4501                	li	a0,0
    715c:	b35ff0ef          	jal	ra,6c90 <I2C_WRITE_ONE_BYTE>
    7160:	0a600593          	li	a1,166
    7164:	4501                	li	a0,0
    7166:	b2bff0ef          	jal	ra,6c90 <I2C_WRITE_ONE_BYTE>
    716a:	0a800593          	li	a1,168
    716e:	4501                	li	a0,0
    7170:	b21ff0ef          	jal	ra,6c90 <I2C_WRITE_ONE_BYTE>
    7174:	03f00593          	li	a1,63
    7178:	4501                	li	a0,0
    717a:	b17ff0ef          	jal	ra,6c90 <I2C_WRITE_ONE_BYTE>
    717e:	0a400593          	li	a1,164
    7182:	4501                	li	a0,0
    7184:	b0dff0ef          	jal	ra,6c90 <I2C_WRITE_ONE_BYTE>
    7188:	0d300593          	li	a1,211
    718c:	4501                	li	a0,0
    718e:	b03ff0ef          	jal	ra,6c90 <I2C_WRITE_ONE_BYTE>
    7192:	4581                	li	a1,0
    7194:	4501                	li	a0,0
    7196:	afbff0ef          	jal	ra,6c90 <I2C_WRITE_ONE_BYTE>
    719a:	0d500593          	li	a1,213
    719e:	4501                	li	a0,0
    71a0:	af1ff0ef          	jal	ra,6c90 <I2C_WRITE_ONE_BYTE>
    71a4:	0f000593          	li	a1,240
    71a8:	4501                	li	a0,0
    71aa:	ae7ff0ef          	jal	ra,6c90 <I2C_WRITE_ONE_BYTE>
    71ae:	0d900593          	li	a1,217
    71b2:	4501                	li	a0,0
    71b4:	addff0ef          	jal	ra,6c90 <I2C_WRITE_ONE_BYTE>
    71b8:	02200593          	li	a1,34
    71bc:	4501                	li	a0,0
    71be:	ad3ff0ef          	jal	ra,6c90 <I2C_WRITE_ONE_BYTE>
    71c2:	0da00593          	li	a1,218
    71c6:	4501                	li	a0,0
    71c8:	ac9ff0ef          	jal	ra,6c90 <I2C_WRITE_ONE_BYTE>
    71cc:	45c9                	li	a1,18
    71ce:	4501                	li	a0,0
    71d0:	ac1ff0ef          	jal	ra,6c90 <I2C_WRITE_ONE_BYTE>
    71d4:	0db00593          	li	a1,219
    71d8:	4501                	li	a0,0
    71da:	ab7ff0ef          	jal	ra,6c90 <I2C_WRITE_ONE_BYTE>
    71de:	02000593          	li	a1,32
    71e2:	4501                	li	a0,0
    71e4:	aadff0ef          	jal	ra,6c90 <I2C_WRITE_ONE_BYTE>
    71e8:	08d00593          	li	a1,141
    71ec:	4501                	li	a0,0
    71ee:	aa3ff0ef          	jal	ra,6c90 <I2C_WRITE_ONE_BYTE>
    71f2:	45d1                	li	a1,20
    71f4:	4501                	li	a0,0
    71f6:	a9bff0ef          	jal	ra,6c90 <I2C_WRITE_ONE_BYTE>
    71fa:	0af00593          	li	a1,175
    71fe:	4501                	li	a0,0
    7200:	a91ff0ef          	jal	ra,6c90 <I2C_WRITE_ONE_BYTE>
    7204:	4501                	li	a0,0
    7206:	c63ff0ef          	jal	ra,6e68 <SSD1306_Fill>
    720a:	c1bff0ef          	jal	ra,6e24 <SSD1306_UpdateScreen>
    720e:	89018793          	addi	a5,gp,-1904 # 20000250 <_edata>
    7212:	4705                	li	a4,1
    7214:	0007a023          	sw	zero,0(a5)
    7218:	b3d8                	sb	a4,5(a5)
    721a:	f3bfd06f          	j	5154 <__riscv_restore_0>

0000721e <NMI_Handler>:
    721e:	a001                	j	721e <NMI_Handler>

00007220 <HardFault_Handler>:
    7220:	a001                	j	7220 <HardFault_Handler>

00007222 <InitGPIOs>:
    7222:	f0ffd2ef          	jal	t0,5130 <__riscv_save_0>
    7226:	1141                	addi	sp,sp,-16
    7228:	4585                	li	a1,1
    722a:	4511                	li	a0,4
    722c:	233010ef          	jal	ra,8c5e <RCC_APB2PeriphClockCmd>
    7230:	4585                	li	a1,1
    7232:	4521                	li	a0,8
    7234:	22b010ef          	jal	ra,8c5e <RCC_APB2PeriphClockCmd>
    7238:	40011437          	lui	s0,0x40011
    723c:	448d                	li	s1,3
    723e:	4941                	li	s2,16
    7240:	4789                	li	a5,2
    7242:	004c                	addi	a1,sp,4
    7244:	80040513          	addi	a0,s0,-2048 # 40010800 <_eusrstack+0x2000b800>
    7248:	c64a                	sw	s2,12(sp)
    724a:	827c                	sh	a5,4(sp)
    724c:	c426                	sw	s1,8(sp)
    724e:	5c4010ef          	jal	ra,8812 <GPIO_Init>
    7252:	6785                	lui	a5,0x1
    7254:	20078793          	addi	a5,a5,512 # 1200 <__stack_size+0xa00>
    7258:	004c                	addi	a1,sp,4
    725a:	c0040513          	addi	a0,s0,-1024
    725e:	c64a                	sw	s2,12(sp)
    7260:	827c                	sh	a5,4(sp)
    7262:	c426                	sw	s1,8(sp)
    7264:	5ae010ef          	jal	ra,8812 <GPIO_Init>
    7268:	4791                	li	a5,4
    726a:	c63e                	sw	a5,12(sp)
    726c:	004c                	addi	a1,sp,4
    726e:	6799                	lui	a5,0x6
    7270:	c0040513          	addi	a0,s0,-1024
    7274:	827c                	sh	a5,4(sp)
    7276:	c426                	sw	s1,8(sp)
    7278:	59a010ef          	jal	ra,8812 <GPIO_Init>
    727c:	0141                	addi	sp,sp,16
    727e:	ed7fd06f          	j	5154 <__riscv_restore_0>

00007282 <WriteConfig>:
    7282:	eaffd2ef          	jal	t0,5130 <__riscv_save_0>
    7286:	3c2010ef          	jal	ra,8648 <FLASH_Unlock>
    728a:	03100513          	li	a0,49
    728e:	3e2010ef          	jal	ra,8670 <FLASH_ClearFlag>
    7292:	0800c537          	lui	a0,0x800c
    7296:	41e010ef          	jal	ra,86b4 <FLASH_ErasePage>
    729a:	89818793          	addi	a5,gp,-1896 # 20000258 <config>
    729e:	fab00693          	li	a3,-85
    72a2:	b3b4                	sb	a3,3(a5)
    72a4:	8991c583          	lbu	a1,-1895(gp) # 20000259 <config+0x1>
    72a8:	8981c783          	lbu	a5,-1896(gp) # 20000258 <config>
    72ac:	0800c537          	lui	a0,0x800c
    72b0:	05a2                	slli	a1,a1,0x8
    72b2:	8ddd                	or	a1,a1,a5
    72b4:	89a1c783          	lbu	a5,-1894(gp) # 2000025a <config+0x2>
    72b8:	20001437          	lui	s0,0x20001
    72bc:	0800c4b7          	lui	s1,0x800c
    72c0:	07c2                	slli	a5,a5,0x10
    72c2:	8fcd                	or	a5,a5,a1
    72c4:	89b1c583          	lbu	a1,-1893(gp) # 2000025b <config+0x3>
    72c8:	05e2                	slli	a1,a1,0x18
    72ca:	8ddd                	or	a1,a1,a5
    72cc:	424010ef          	jal	ra,86f0 <FLASH_ProgramWord>
    72d0:	67d44583          	lbu	a1,1661(s0) # 2000167d <msg+0x1>
    72d4:	67c44783          	lbu	a5,1660(s0)
    72d8:	00448513          	addi	a0,s1,4 # 800c004 <_data_lma+0x80002d0>
    72dc:	05a2                	slli	a1,a1,0x8
    72de:	8ddd                	or	a1,a1,a5
    72e0:	67e44783          	lbu	a5,1662(s0)
    72e4:	07c2                	slli	a5,a5,0x10
    72e6:	8fcd                	or	a5,a5,a1
    72e8:	67f44583          	lbu	a1,1663(s0)
    72ec:	67c40413          	addi	s0,s0,1660
    72f0:	05e2                	slli	a1,a1,0x18
    72f2:	8ddd                	or	a1,a1,a5
    72f4:	3fc010ef          	jal	ra,86f0 <FLASH_ProgramWord>
    72f8:	304c                	lbu	a1,5(s0)
    72fa:	205c                	lbu	a5,4(s0)
    72fc:	00848513          	addi	a0,s1,8
    7300:	05a2                	slli	a1,a1,0x8
    7302:	8ddd                	or	a1,a1,a5
    7304:	207c                	lbu	a5,6(s0)
    7306:	07c2                	slli	a5,a5,0x10
    7308:	8fcd                	or	a5,a5,a1
    730a:	306c                	lbu	a1,7(s0)
    730c:	05e2                	slli	a1,a1,0x18
    730e:	8ddd                	or	a1,a1,a5
    7310:	3e0010ef          	jal	ra,86f0 <FLASH_ProgramWord>
    7314:	340c                	lbu	a1,9(s0)
    7316:	241c                	lbu	a5,8(s0)
    7318:	00c48513          	addi	a0,s1,12
    731c:	05a2                	slli	a1,a1,0x8
    731e:	8ddd                	or	a1,a1,a5
    7320:	243c                	lbu	a5,10(s0)
    7322:	07c2                	slli	a5,a5,0x10
    7324:	8fcd                	or	a5,a5,a1
    7326:	342c                	lbu	a1,11(s0)
    7328:	05e2                	slli	a1,a1,0x18
    732a:	8ddd                	or	a1,a1,a5
    732c:	3c4010ef          	jal	ra,86f0 <FLASH_ProgramWord>
    7330:	332010ef          	jal	ra,8662 <FLASH_Lock>
    7334:	e21fd06f          	j	5154 <__riscv_restore_0>

00007338 <ReadConfig>:
    7338:	df9fd2ef          	jal	t0,5130 <__riscv_save_0>
    733c:	0800c737          	lui	a4,0x800c
    7340:	332c                	lbu	a1,3(a4)
    7342:	0ab00613          	li	a2,171
    7346:	89818793          	addi	a5,gp,-1896 # 20000258 <config>
    734a:	02c58863          	beq	a1,a2,737a <ReadConfig+0x42>
    734e:	fab00713          	li	a4,-85
    7352:	b3b8                	sb	a4,3(a5)
    7354:	4751                	li	a4,20
    7356:	000780a3          	sb	zero,1(a5) # 6001 <USBH_EnumHidDevice+0x5f>
    735a:	88018c23          	sb	zero,-1896(gp) # 20000258 <config>
    735e:	a3b8                	sb	a4,2(a5)
    7360:	370d                	jal	7282 <WriteConfig>
    7362:	0800c5b7          	lui	a1,0x800c
    7366:	20001537          	lui	a0,0x20001
    736a:	4631                	li	a2,12
    736c:	0591                	addi	a1,a1,4
    736e:	67c50513          	addi	a0,a0,1660 # 2000167c <msg>
    7372:	405010ef          	jal	ra,8f76 <memcpy>
    7376:	ddffd06f          	j	5154 <__riscv_restore_0>
    737a:	3310                	lbu	a2,1(a4)
    737c:	b390                	sb	a2,1(a5)
    737e:	2310                	lbu	a2,0(a4)
    7380:	88c18c23          	sb	a2,-1896(gp) # 20000258 <config>
    7384:	00270703          	lb	a4,2(a4) # 800c002 <_data_lma+0x80002ce>
    7388:	a3b8                	sb	a4,2(a5)
    738a:	bfe1                	j	7362 <ReadConfig+0x2a>

0000738c <ReadSavedMsg>:
    738c:	da5fd2ef          	jal	t0,5130 <__riscv_save_0>
    7390:	478d                	li	a5,3
    7392:	04a7eb63          	bltu	a5,a0,73e8 <ReadSavedMsg+0x5c>
    7396:	000405b7          	lui	a1,0x40
    739a:	06858593          	addi	a1,a1,104 # 40068 <_data_lma+0x34334>
    739e:	200017b7          	lui	a5,0x20001
    73a2:	67c78793          	addi	a5,a5,1660 # 2000167c <msg>
    73a6:	95aa                	add	a1,a1,a0
    73a8:	953e                	add	a0,a0,a5
    73aa:	2118                	lbu	a4,0(a0)
    73ac:	0cd00793          	li	a5,205
    73b0:	05a6                	slli	a1,a1,0x9
    73b2:	200014b7          	lui	s1,0x20001
    73b6:	04f71463          	bne	a4,a5,73fe <ReadSavedMsg+0x72>
    73ba:	1fc5a403          	lw	s0,508(a1)
    73be:	47c48513          	addi	a0,s1,1148 # 2000147c <inputBuff>
    73c2:	8622                	mv	a2,s0
    73c4:	8881ae23          	sw	s0,-1892(gp) # 2000025c <inputBuffSize>
    73c8:	3af010ef          	jal	ra,8f76 <memcpy>
    73cc:	47c48913          	addi	s2,s1,1148
    73d0:	8991c783          	lbu	a5,-1895(gp) # 20000259 <config+0x1>
    73d4:	944a                	add	s0,s0,s2
    73d6:	00040023          	sb	zero,0(s0)
    73da:	e789                	bnez	a5,73e4 <ReadSavedMsg+0x58>
    73dc:	8a01a623          	sw	zero,-1876(gp) # 2000026c <sendCount>
    73e0:	165000ef          	jal	ra,7d44 <starSending>
    73e4:	d71fd06f          	j	5154 <__riscv_restore_0>
    73e8:	479d                	li	a5,7
    73ea:	000405b7          	lui	a1,0x40
    73ee:	00a7e563          	bltu	a5,a0,73f8 <ReadSavedMsg+0x6c>
    73f2:	06c58593          	addi	a1,a1,108 # 4006c <_data_lma+0x34338>
    73f6:	b765                	j	739e <ReadSavedMsg+0x12>
    73f8:	07058593          	addi	a1,a1,112
    73fc:	b74d                	j	739e <ReadSavedMsg+0x12>
    73fe:	0000c5b7          	lui	a1,0xc
    7402:	bbc58593          	addi	a1,a1,-1092 # bbbc <Font7x10+0x7c0>
    7406:	47c48513          	addi	a0,s1,1148
    740a:	585010ef          	jal	ra,918e <strcpy>
    740e:	47c48513          	addi	a0,s1,1148
    7412:	58d010ef          	jal	ra,919e <strlen>
    7416:	88a1ae23          	sw	a0,-1892(gp) # 2000025c <inputBuffSize>
    741a:	b7e9                	j	73e4 <ReadSavedMsg+0x58>

0000741c <WriteMsg>:
    741c:	cfbfd2ef          	jal	t0,5116 <__riscv_save_4>
    7420:	842a                	mv	s0,a0
    7422:	40001537          	lui	a0,0x40001
    7426:	4785                	li	a5,1
    7428:	80010113          	addi	sp,sp,-2048
    742c:	4585                	li	a1,1
    742e:	80050513          	addi	a0,a0,-2048 # 40000800 <_eusrstack+0x1fffb800>
    7432:	8af18423          	sb	a5,-1880(gp) # 20000268 <saving>
    7436:	0cf010ef          	jal	ra,8d04 <TIM_Cmd>
    743a:	e000e7b7          	lui	a5,0xe000e
    743e:	6711                	lui	a4,0x4
    7440:	10e7a223          	sw	a4,260(a5) # e000e104 <_eusrstack+0xc0009104>
    7444:	478d                	li	a5,3
    7446:	0800d9b7          	lui	s3,0x800d
    744a:	0087f963          	bgeu	a5,s0,745c <WriteMsg+0x40>
    744e:	479d                	li	a5,7
    7450:	0800e9b7          	lui	s3,0x800e
    7454:	0087f463          	bgeu	a5,s0,745c <WriteMsg+0x40>
    7458:	0800f9b7          	lui	s3,0x800f
    745c:	6605                	lui	a2,0x1
    745e:	85ce                	mv	a1,s3
    7460:	80060613          	addi	a2,a2,-2048 # 800 <__stack_size>
    7464:	850a                	mv	a0,sp
    7466:	311010ef          	jal	ra,8f76 <memcpy>
    746a:	1de010ef          	jal	ra,8648 <FLASH_Unlock>
    746e:	03100513          	li	a0,49
    7472:	1fe010ef          	jal	ra,8670 <FLASH_ClearFlag>
    7476:	854e                	mv	a0,s3
    7478:	23c010ef          	jal	ra,86b4 <FLASH_ErasePage>
    747c:	470d                	li	a4,3
    747e:	200015b7          	lui	a1,0x20001
    7482:	06876a63          	bltu	a4,s0,74f6 <WriteMsg+0xda>
    7486:	89c1aa03          	lw	s4,-1892(gp) # 2000025c <inputBuffSize>
    748a:	00941493          	slli	s1,s0,0x9
    748e:	8652                	mv	a2,s4
    7490:	00910533          	add	a0,sp,s1
    7494:	47c58593          	addi	a1,a1,1148 # 2000147c <inputBuff>
    7498:	2df010ef          	jal	ra,8f76 <memcpy>
    749c:	6785                	lui	a5,0x1
    749e:	80078793          	addi	a5,a5,-2048 # 800 <__stack_size>
    74a2:	978a                	add	a5,a5,sp
    74a4:	94be                	add	s1,s1,a5
    74a6:	6605                	lui	a2,0x1
    74a8:	80060613          	addi	a2,a2,-2048 # 800 <__stack_size>
    74ac:	858a                	mv	a1,sp
    74ae:	9f44ae23          	sw	s4,-1540(s1)
    74b2:	854e                	mv	a0,s3
    74b4:	290010ef          	jal	ra,8744 <FLASH_ROM_WRITE>
    74b8:	1aa010ef          	jal	ra,8662 <FLASH_Lock>
    74bc:	200017b7          	lui	a5,0x20001
    74c0:	67c78793          	addi	a5,a5,1660 # 2000167c <msg>
    74c4:	943e                	add	s0,s0,a5
    74c6:	fcd00793          	li	a5,-51
    74ca:	a01c                	sb	a5,0(s0)
    74cc:	db7ff0ef          	jal	ra,7282 <WriteConfig>
    74d0:	40001537          	lui	a0,0x40001
    74d4:	4581                	li	a1,0
    74d6:	80050513          	addi	a0,a0,-2048 # 40000800 <_eusrstack+0x1fffb800>
    74da:	02b010ef          	jal	ra,8d04 <TIM_Cmd>
    74de:	e000e7b7          	lui	a5,0xe000e
    74e2:	6711                	lui	a4,0x4
    74e4:	18e7a223          	sw	a4,388(a5) # e000e184 <_eusrstack+0xc0009184>
    74e8:	8a018423          	sb	zero,-1880(gp) # 20000268 <saving>
    74ec:	7f010113          	addi	sp,sp,2032
    74f0:	0141                	addi	sp,sp,16
    74f2:	c59fd06f          	j	514a <__riscv_restore_4>
    74f6:	89c1aa03          	lw	s4,-1892(gp) # 2000025c <inputBuffSize>
    74fa:	479d                	li	a5,7
    74fc:	ffc40493          	addi	s1,s0,-4
    7500:	0087f463          	bgeu	a5,s0,7508 <WriteMsg+0xec>
    7504:	ff840493          	addi	s1,s0,-8
    7508:	04a6                	slli	s1,s1,0x9
    750a:	b751                	j	748e <WriteMsg+0x72>

0000750c <DispWelcome>:
    750c:	c25fd2ef          	jal	t0,5130 <__riscv_save_0>
    7510:	45a9                	li	a1,10
    7512:	4529                	li	a0,10
    7514:	9bbff0ef          	jal	ra,6ece <SSD1306_GotoXY>
    7518:	20000437          	lui	s0,0x20000
    751c:	0000c537          	lui	a0,0xc
    7520:	4605                	li	a2,1
    7522:	1c440593          	addi	a1,s0,452 # 200001c4 <Font_11x18>
    7526:	b9c50513          	addi	a0,a0,-1124 # bb9c <Font7x10+0x7a0>
    752a:	a3fff0ef          	jal	ra,6f68 <SSD1306_Puts>
    752e:	45f9                	li	a1,30
    7530:	4529                	li	a0,10
    7532:	99dff0ef          	jal	ra,6ece <SSD1306_GotoXY>
    7536:	0000c537          	lui	a0,0xc
    753a:	4605                	li	a2,1
    753c:	1c440593          	addi	a1,s0,452
    7540:	ba050513          	addi	a0,a0,-1120 # bba0 <Font7x10+0x7a4>
    7544:	a25ff0ef          	jal	ra,6f68 <SSD1306_Puts>
    7548:	03200593          	li	a1,50
    754c:	4551                	li	a0,20
    754e:	981ff0ef          	jal	ra,6ece <SSD1306_GotoXY>
    7552:	0000c537          	lui	a0,0xc
    7556:	4605                	li	a2,1
    7558:	80c18593          	addi	a1,gp,-2036 # 200001cc <Font_7x10>
    755c:	bac50513          	addi	a0,a0,-1108 # bbac <Font7x10+0x7b0>
    7560:	a09ff0ef          	jal	ra,6f68 <SSD1306_Puts>
    7564:	8c1ff0ef          	jal	ra,6e24 <SSD1306_UpdateScreen>
    7568:	bedfd06f          	j	5154 <__riscv_restore_0>

0000756c <Disp>:
    756c:	babfd2ef          	jal	t0,5116 <__riscv_save_4>
    7570:	7179                	addi	sp,sp,-48
    7572:	4501                	li	a0,0
    7574:	8f5ff0ef          	jal	ra,6e68 <SSD1306_Fill>
    7578:	4581                	li	a1,0
    757a:	4501                	li	a0,0
    757c:	953ff0ef          	jal	ra,6ece <SSD1306_GotoXY>
    7580:	89818793          	addi	a5,gp,-1896 # 20000258 <config>
    7584:	00278603          	lb	a2,2(a5)
    7588:	0000c5b7          	lui	a1,0xc
    758c:	b6858593          	addi	a1,a1,-1176 # bb68 <Font7x10+0x76c>
    7590:	0868                	addi	a0,sp,28
    7592:	3b7010ef          	jal	ra,9148 <siprintf>
    7596:	4605                	li	a2,1
    7598:	80c18593          	addi	a1,gp,-2036 # 200001cc <Font_7x10>
    759c:	0868                	addi	a0,sp,28
    759e:	9cbff0ef          	jal	ra,6f68 <SSD1306_Puts>
    75a2:	8981c783          	lbu	a5,-1896(gp) # 20000258 <config>
    75a6:	89818493          	addi	s1,gp,-1896 # 20000258 <config>
    75aa:	cf99                	beqz	a5,75c8 <Disp+0x5c>
    75ac:	4581                	li	a1,0
    75ae:	07100513          	li	a0,113
    75b2:	91dff0ef          	jal	ra,6ece <SSD1306_GotoXY>
    75b6:	0000c537          	lui	a0,0xc
    75ba:	4605                	li	a2,1
    75bc:	80c18593          	addi	a1,gp,-2036 # 200001cc <Font_7x10>
    75c0:	b7050513          	addi	a0,a0,-1168 # bb70 <Font7x10+0x774>
    75c4:	9a5ff0ef          	jal	ra,6f68 <SSD1306_Puts>
    75c8:	4581                	li	a1,0
    75ca:	02a00513          	li	a0,42
    75ce:	901ff0ef          	jal	ra,6ece <SSD1306_GotoXY>
    75d2:	8ac1a603          	lw	a2,-1876(gp) # 2000026c <sendCount>
    75d6:	0000c5b7          	lui	a1,0xc
    75da:	b7458593          	addi	a1,a1,-1164 # bb74 <Font7x10+0x778>
    75de:	0868                	addi	a0,sp,28
    75e0:	369010ef          	jal	ra,9148 <siprintf>
    75e4:	4605                	li	a2,1
    75e6:	80c18593          	addi	a1,gp,-2036 # 200001cc <Font_7x10>
    75ea:	0868                	addi	a0,sp,28
    75ec:	97dff0ef          	jal	ra,6f68 <SSD1306_Puts>
    75f0:	4581                	li	a1,0
    75f2:	04d00513          	li	a0,77
    75f6:	8d9ff0ef          	jal	ra,6ece <SSD1306_GotoXY>
    75fa:	8b01c783          	lbu	a5,-1872(gp) # 20000270 <stge>
    75fe:	4705                	li	a4,1
    7600:	0000c5b7          	lui	a1,0xc
    7604:	10e79863          	bne	a5,a4,7714 <Disp+0x1a8>
    7608:	3098                	lbu	a4,1(s1)
    760a:	10f71563          	bne	a4,a5,7714 <Disp+0x1a8>
    760e:	8a41a603          	lw	a2,-1884(gp) # 20000264 <outputBuffSize>
    7612:	b7c58593          	addi	a1,a1,-1156 # bb7c <Font7x10+0x780>
    7616:	0868                	addi	a0,sp,28
    7618:	331010ef          	jal	ra,9148 <siprintf>
    761c:	4605                	li	a2,1
    761e:	80c18593          	addi	a1,gp,-2036 # 200001cc <Font_7x10>
    7622:	0868                	addi	a0,sp,28
    7624:	945ff0ef          	jal	ra,6f68 <SSD1306_Puts>
    7628:	8a01c783          	lbu	a5,-1888(gp) # 20000260 <keyboard_in>
    762c:	cf99                	beqz	a5,764a <Disp+0xde>
    762e:	4581                	li	a1,0
    7630:	07800513          	li	a0,120
    7634:	89bff0ef          	jal	ra,6ece <SSD1306_GotoXY>
    7638:	0000c537          	lui	a0,0xc
    763c:	4605                	li	a2,1
    763e:	80c18593          	addi	a1,gp,-2036 # 200001cc <Font_7x10>
    7642:	b8450513          	addi	a0,a0,-1148 # bb84 <Font7x10+0x788>
    7646:	923ff0ef          	jal	ra,6f68 <SSD1306_Puts>
    764a:	309c                	lbu	a5,1(s1)
    764c:	0000c937          	lui	s2,0xc
    7650:	200014b7          	lui	s1,0x20001
    7654:	4705                	li	a4,1
    7656:	20078063          	beqz	a5,7856 <Disp+0x2ea>
    765a:	04000693          	li	a3,64
    765e:	04000613          	li	a2,64
    7662:	45a9                	li	a1,10
    7664:	04000513          	li	a0,64
    7668:	92bff0ef          	jal	ra,6f92 <SSD1306_DrawLine>
    766c:	4705                	li	a4,1
    766e:	04000693          	li	a3,64
    7672:	03f00613          	li	a2,63
    7676:	45a9                	li	a1,10
    7678:	03f00513          	li	a0,63
    767c:	917ff0ef          	jal	ra,6f92 <SSD1306_DrawLine>
    7680:	4705                	li	a4,1
    7682:	46a9                	li	a3,10
    7684:	08000613          	li	a2,128
    7688:	45a9                	li	a1,10
    768a:	4501                	li	a0,0
    768c:	907ff0ef          	jal	ra,6f92 <SSD1306_DrawLine>
    7690:	45ad                	li	a1,11
    7692:	4501                	li	a0,0
    7694:	83bff0ef          	jal	ra,6ece <SSD1306_GotoXY>
    7698:	4601                	li	a2,0
    769a:	80c18593          	addi	a1,gp,-2036 # 200001cc <Font_7x10>
    769e:	b8890513          	addi	a0,s2,-1144 # bb88 <Font7x10+0x78c>
    76a2:	8c7ff0ef          	jal	ra,6f68 <SSD1306_Puts>
    76a6:	47c48513          	addi	a0,s1,1148 # 2000147c <inputBuff>
    76aa:	2f5010ef          	jal	ra,919e <strlen>
    76ae:	4925                	li	s2,9
    76b0:	06a96563          	bltu	s2,a0,771a <Disp+0x1ae>
    76b4:	45d9                	li	a1,22
    76b6:	4501                	li	a0,0
    76b8:	817ff0ef          	jal	ra,6ece <SSD1306_GotoXY>
    76bc:	4605                	li	a2,1
    76be:	80c18593          	addi	a1,gp,-2036 # 200001cc <Font_7x10>
    76c2:	47c48513          	addi	a0,s1,1148
    76c6:	8a3ff0ef          	jal	ra,6f68 <SSD1306_Puts>
    76ca:	45ad                	li	a1,11
    76cc:	04000513          	li	a0,64
    76d0:	ffeff0ef          	jal	ra,6ece <SSD1306_GotoXY>
    76d4:	0000c537          	lui	a0,0xc
    76d8:	4601                	li	a2,0
    76da:	80c18593          	addi	a1,gp,-2036 # 200001cc <Font_7x10>
    76de:	b9050513          	addi	a0,a0,-1136 # bb90 <Font7x10+0x794>
    76e2:	887ff0ef          	jal	ra,6f68 <SSD1306_Puts>
    76e6:	200014b7          	lui	s1,0x20001
    76ea:	68848513          	addi	a0,s1,1672 # 20001688 <outputBuff>
    76ee:	2b1010ef          	jal	ra,919e <strlen>
    76f2:	47a5                	li	a5,9
    76f4:	8a26                	mv	s4,s1
    76f6:	0ea7eb63          	bltu	a5,a0,77ec <Disp+0x280>
    76fa:	45d9                	li	a1,22
    76fc:	04000513          	li	a0,64
    7700:	fceff0ef          	jal	ra,6ece <SSD1306_GotoXY>
    7704:	4605                	li	a2,1
    7706:	80c18593          	addi	a1,gp,-2036 # 200001cc <Font_7x10>
    770a:	68848513          	addi	a0,s1,1672
    770e:	85bff0ef          	jal	ra,6f68 <SSD1306_Puts>
    7712:	a22d                	j	783c <Disp+0x2d0>
    7714:	89c1a603          	lw	a2,-1892(gp) # 2000025c <inputBuffSize>
    7718:	bded                	j	7612 <Disp+0xa6>
    771a:	02300793          	li	a5,35
    771e:	06a7e263          	bltu	a5,a0,7782 <Disp+0x216>
    7722:	47c48913          	addi	s2,s1,1148
    7726:	4981                	li	s3,0
    7728:	4a25                	li	s4,9
    772a:	4aa9                	li	s5,10
    772c:	854a                	mv	a0,s2
    772e:	271010ef          	jal	ra,919e <strlen>
    7732:	04aa6063          	bltu	s4,a0,7772 <Disp+0x206>
    7736:	85ca                	mv	a1,s2
    7738:	0868                	addi	a0,sp,28
    773a:	255010ef          	jal	ra,918e <strcpy>
    773e:	035985b3          	mul	a1,s3,s5
    7742:	4501                	li	a0,0
    7744:	0985                	addi	s3,s3,1
    7746:	0925                	addi	s2,s2,9
    7748:	05d9                	addi	a1,a1,22
    774a:	05c2                	slli	a1,a1,0x10
    774c:	81c1                	srli	a1,a1,0x10
    774e:	f80ff0ef          	jal	ra,6ece <SSD1306_GotoXY>
    7752:	4605                	li	a2,1
    7754:	80c18593          	addi	a1,gp,-2036 # 200001cc <Font_7x10>
    7758:	0868                	addi	a0,sp,28
    775a:	80fff0ef          	jal	ra,6f68 <SSD1306_Puts>
    775e:	47c48513          	addi	a0,s1,1148
    7762:	23d010ef          	jal	ra,919e <strlen>
    7766:	03455533          	divu	a0,a0,s4
    776a:	0505                	addi	a0,a0,1
    776c:	fca9e0e3          	bltu	s3,a0,772c <Disp+0x1c0>
    7770:	bfa9                	j	76ca <Disp+0x15e>
    7772:	4625                	li	a2,9
    7774:	85ca                	mv	a1,s2
    7776:	0868                	addi	a0,sp,28
    7778:	7fe010ef          	jal	ra,8f76 <memcpy>
    777c:	020102a3          	sb	zero,37(sp)
    7780:	bf7d                	j	773e <Disp+0x1d2>
    7782:	03255533          	divu	a0,a0,s2
    7786:	49d9                	li	s3,22
    7788:	4a25                	li	s4,9
    778a:	ffd50913          	addi	s2,a0,-3
    778e:	47c48513          	addi	a0,s1,1148
    7792:	20d010ef          	jal	ra,919e <strlen>
    7796:	03455533          	divu	a0,a0,s4
    779a:	0505                	addi	a0,a0,1
    779c:	f2a977e3          	bgeu	s2,a0,76ca <Disp+0x15e>
    77a0:	034905b3          	mul	a1,s2,s4
    77a4:	47c48793          	addi	a5,s1,1148
    77a8:	95be                	add	a1,a1,a5
    77aa:	852e                	mv	a0,a1
    77ac:	c62e                	sw	a1,12(sp)
    77ae:	1f1010ef          	jal	ra,919e <strlen>
    77b2:	45b2                	lw	a1,12(sp)
    77b4:	02aa6563          	bltu	s4,a0,77de <Disp+0x272>
    77b8:	0868                	addi	a0,sp,28
    77ba:	1d5010ef          	jal	ra,918e <strcpy>
    77be:	85ce                	mv	a1,s3
    77c0:	4501                	li	a0,0
    77c2:	f0cff0ef          	jal	ra,6ece <SSD1306_GotoXY>
    77c6:	09a9                	addi	s3,s3,10
    77c8:	4605                	li	a2,1
    77ca:	80c18593          	addi	a1,gp,-2036 # 200001cc <Font_7x10>
    77ce:	0868                	addi	a0,sp,28
    77d0:	09c2                	slli	s3,s3,0x10
    77d2:	f96ff0ef          	jal	ra,6f68 <SSD1306_Puts>
    77d6:	0905                	addi	s2,s2,1
    77d8:	0109d993          	srli	s3,s3,0x10
    77dc:	bf4d                	j	778e <Disp+0x222>
    77de:	4625                	li	a2,9
    77e0:	0868                	addi	a0,sp,28
    77e2:	794010ef          	jal	ra,8f76 <memcpy>
    77e6:	020102a3          	sb	zero,37(sp)
    77ea:	bfd1                	j	77be <Disp+0x252>
    77ec:	68848493          	addi	s1,s1,1672
    77f0:	4901                	li	s2,0
    77f2:	49a5                	li	s3,9
    77f4:	4aa9                	li	s5,10
    77f6:	8526                	mv	a0,s1
    77f8:	1a7010ef          	jal	ra,919e <strlen>
    77fc:	04a9e563          	bltu	s3,a0,7846 <Disp+0x2da>
    7800:	85a6                	mv	a1,s1
    7802:	0868                	addi	a0,sp,28
    7804:	18b010ef          	jal	ra,918e <strcpy>
    7808:	035905b3          	mul	a1,s2,s5
    780c:	04000513          	li	a0,64
    7810:	0905                	addi	s2,s2,1
    7812:	04a5                	addi	s1,s1,9
    7814:	05d9                	addi	a1,a1,22
    7816:	05c2                	slli	a1,a1,0x10
    7818:	81c1                	srli	a1,a1,0x10
    781a:	eb4ff0ef          	jal	ra,6ece <SSD1306_GotoXY>
    781e:	4605                	li	a2,1
    7820:	80c18593          	addi	a1,gp,-2036 # 200001cc <Font_7x10>
    7824:	0868                	addi	a0,sp,28
    7826:	f42ff0ef          	jal	ra,6f68 <SSD1306_Puts>
    782a:	688a0513          	addi	a0,s4,1672
    782e:	171010ef          	jal	ra,919e <strlen>
    7832:	03355533          	divu	a0,a0,s3
    7836:	0505                	addi	a0,a0,1
    7838:	faa96fe3          	bltu	s2,a0,77f6 <Disp+0x28a>
    783c:	de8ff0ef          	jal	ra,6e24 <SSD1306_UpdateScreen>
    7840:	6145                	addi	sp,sp,48
    7842:	909fd06f          	j	514a <__riscv_restore_4>
    7846:	4625                	li	a2,9
    7848:	85a6                	mv	a1,s1
    784a:	0868                	addi	a0,sp,28
    784c:	72a010ef          	jal	ra,8f76 <memcpy>
    7850:	020102a3          	sb	zero,37(sp)
    7854:	bf55                	j	7808 <Disp+0x29c>
    7856:	46a9                	li	a3,10
    7858:	08000613          	li	a2,128
    785c:	45a9                	li	a1,10
    785e:	4501                	li	a0,0
    7860:	f32ff0ef          	jal	ra,6f92 <SSD1306_DrawLine>
    7864:	45ad                	li	a1,11
    7866:	4501                	li	a0,0
    7868:	e66ff0ef          	jal	ra,6ece <SSD1306_GotoXY>
    786c:	4601                	li	a2,0
    786e:	80c18593          	addi	a1,gp,-2036 # 200001cc <Font_7x10>
    7872:	b8890513          	addi	a0,s2,-1144
    7876:	ef2ff0ef          	jal	ra,6f68 <SSD1306_Puts>
    787a:	47c48513          	addi	a0,s1,1148
    787e:	121010ef          	jal	ra,919e <strlen>
    7882:	4949                	li	s2,18
    7884:	00a96c63          	bltu	s2,a0,789c <Disp+0x330>
    7888:	45d9                	li	a1,22
    788a:	4501                	li	a0,0
    788c:	e42ff0ef          	jal	ra,6ece <SSD1306_GotoXY>
    7890:	4605                	li	a2,1
    7892:	80c18593          	addi	a1,gp,-2036 # 200001cc <Font_7x10>
    7896:	47c48513          	addi	a0,s1,1148
    789a:	bd95                	j	770e <Disp+0x1a2>
    789c:	04800793          	li	a5,72
    78a0:	06a7e263          	bltu	a5,a0,7904 <Disp+0x398>
    78a4:	47c48913          	addi	s2,s1,1148
    78a8:	4981                	li	s3,0
    78aa:	4a49                	li	s4,18
    78ac:	4aa9                	li	s5,10
    78ae:	854a                	mv	a0,s2
    78b0:	0ef010ef          	jal	ra,919e <strlen>
    78b4:	04aa6063          	bltu	s4,a0,78f4 <Disp+0x388>
    78b8:	85ca                	mv	a1,s2
    78ba:	0868                	addi	a0,sp,28
    78bc:	0d3010ef          	jal	ra,918e <strcpy>
    78c0:	035985b3          	mul	a1,s3,s5
    78c4:	4501                	li	a0,0
    78c6:	0985                	addi	s3,s3,1
    78c8:	0949                	addi	s2,s2,18
    78ca:	05d9                	addi	a1,a1,22
    78cc:	05c2                	slli	a1,a1,0x10
    78ce:	81c1                	srli	a1,a1,0x10
    78d0:	dfeff0ef          	jal	ra,6ece <SSD1306_GotoXY>
    78d4:	4605                	li	a2,1
    78d6:	80c18593          	addi	a1,gp,-2036 # 200001cc <Font_7x10>
    78da:	0868                	addi	a0,sp,28
    78dc:	e8cff0ef          	jal	ra,6f68 <SSD1306_Puts>
    78e0:	47c48513          	addi	a0,s1,1148
    78e4:	0bb010ef          	jal	ra,919e <strlen>
    78e8:	03455533          	divu	a0,a0,s4
    78ec:	0505                	addi	a0,a0,1
    78ee:	fca9e0e3          	bltu	s3,a0,78ae <Disp+0x342>
    78f2:	b7a9                	j	783c <Disp+0x2d0>
    78f4:	4649                	li	a2,18
    78f6:	85ca                	mv	a1,s2
    78f8:	0868                	addi	a0,sp,28
    78fa:	67c010ef          	jal	ra,8f76 <memcpy>
    78fe:	02010723          	sb	zero,46(sp)
    7902:	bf7d                	j	78c0 <Disp+0x354>
    7904:	03255533          	divu	a0,a0,s2
    7908:	49d9                	li	s3,22
    790a:	4a49                	li	s4,18
    790c:	ffd50913          	addi	s2,a0,-3
    7910:	47c48513          	addi	a0,s1,1148
    7914:	08b010ef          	jal	ra,919e <strlen>
    7918:	03455533          	divu	a0,a0,s4
    791c:	0505                	addi	a0,a0,1
    791e:	f0a97fe3          	bgeu	s2,a0,783c <Disp+0x2d0>
    7922:	034905b3          	mul	a1,s2,s4
    7926:	47c48793          	addi	a5,s1,1148
    792a:	95be                	add	a1,a1,a5
    792c:	852e                	mv	a0,a1
    792e:	c62e                	sw	a1,12(sp)
    7930:	06f010ef          	jal	ra,919e <strlen>
    7934:	45b2                	lw	a1,12(sp)
    7936:	02aa6563          	bltu	s4,a0,7960 <Disp+0x3f4>
    793a:	0868                	addi	a0,sp,28
    793c:	053010ef          	jal	ra,918e <strcpy>
    7940:	85ce                	mv	a1,s3
    7942:	4501                	li	a0,0
    7944:	d8aff0ef          	jal	ra,6ece <SSD1306_GotoXY>
    7948:	09a9                	addi	s3,s3,10
    794a:	4605                	li	a2,1
    794c:	80c18593          	addi	a1,gp,-2036 # 200001cc <Font_7x10>
    7950:	0868                	addi	a0,sp,28
    7952:	09c2                	slli	s3,s3,0x10
    7954:	e14ff0ef          	jal	ra,6f68 <SSD1306_Puts>
    7958:	0905                	addi	s2,s2,1
    795a:	0109d993          	srli	s3,s3,0x10
    795e:	bf4d                	j	7910 <Disp+0x3a4>
    7960:	4649                	li	a2,18
    7962:	0868                	addi	a0,sp,28
    7964:	612010ef          	jal	ra,8f76 <memcpy>
    7968:	02010723          	sb	zero,46(sp)
    796c:	bfd1                	j	7940 <Disp+0x3d4>

0000796e <TIM4_Init>:
    796e:	fc2fd2ef          	jal	t0,5130 <__riscv_save_0>
    7972:	1101                	addi	sp,sp,-32
    7974:	84aa                	mv	s1,a0
    7976:	842e                	mv	s0,a1
    7978:	4511                	li	a0,4
    797a:	4585                	li	a1,1
    797c:	ca02                	sw	zero,20(sp)
    797e:	cc02                	sw	zero,24(sp)
    7980:	00011e23          	sh	zero,28(sp)
    7984:	c602                	sw	zero,12(sp)
    7986:	c802                	sw	zero,16(sp)
    7988:	2f4010ef          	jal	ra,8c7c <RCC_APB1PeriphClockCmd>
    798c:	82e0                	sh	s0,20(sp)
    798e:	40001437          	lui	s0,0x40001
    7992:	084c                	addi	a1,sp,20
    7994:	80040513          	addi	a0,s0,-2048 # 40000800 <_eusrstack+0x1fffb800>
    7998:	84e4                	sh	s1,24(sp)
    799a:	00011d23          	sh	zero,26(sp)
    799e:	00011b23          	sh	zero,22(sp)
    79a2:	2f8010ef          	jal	ra,8c9a <TIM_TimeBaseInit>
    79a6:	4605                	li	a2,1
    79a8:	4585                	li	a1,1
    79aa:	80040513          	addi	a0,s0,-2048
    79ae:	36e010ef          	jal	ra,8d1c <TIM_ITConfig>
    79b2:	32e00793          	li	a5,814
    79b6:	867c                	sh	a5,12(sp)
    79b8:	4789                	li	a5,2
    79ba:	875c                	sb	a5,14(sp)
    79bc:	0068                	addi	a0,sp,12
    79be:	4785                	li	a5,1
    79c0:	c83e                	sw	a5,16(sp)
    79c2:	152010ef          	jal	ra,8b14 <NVIC_Init>
    79c6:	6105                	addi	sp,sp,32
    79c8:	f8cfd06f          	j	5154 <__riscv_restore_0>

000079cc <main>:
    79cc:	f3cfd2ef          	jal	t0,5108 <__riscv_save_10>
    79d0:	4505                	li	a0,1
    79d2:	13c010ef          	jal	ra,8b0e <NVIC_PriorityGroupConfig>
    79d6:	34f000ef          	jal	ra,8524 <SystemCoreClockUpdate>
    79da:	430010ef          	jal	ra,8e0a <Delay_Init>
    79de:	6571                	lui	a0,0x1c
    79e0:	20050513          	addi	a0,a0,512 # 1c200 <_data_lma+0x104cc>
    79e4:	4b8010ef          	jal	ra,8e9c <USART_Printf_Init>
    79e8:	8141a583          	lw	a1,-2028(gp) # 200001d4 <SystemCoreClock>
    79ec:	0000c537          	lui	a0,0xc
    79f0:	bcc50513          	addi	a0,a0,-1076 # bbcc <Font7x10+0x7d0>
    79f4:	634010ef          	jal	ra,9028 <iprintf>
    79f8:	447000ef          	jal	ra,863e <DBGMCU_GetCHIPID>
    79fc:	85aa                	mv	a1,a0
    79fe:	0000c537          	lui	a0,0xc
    7a02:	bdc50513          	addi	a0,a0,-1060 # bbdc <Font7x10+0x7e0>
    7a06:	622010ef          	jal	ra,9028 <iprintf>
    7a0a:	0000c537          	lui	a0,0xc
    7a0e:	bec50513          	addi	a0,a0,-1044 # bbec <Font7x10+0x7f0>
    7a12:	72a010ef          	jal	ra,913c <puts>
    7a16:	8141a783          	lw	a5,-2028(gp) # 200001d4 <SystemCoreClock>
    7a1a:	03c00593          	li	a1,60
    7a1e:	6485                	lui	s1,0x1
    7a20:	02f585b3          	mul	a1,a1,a5
    7a24:	000f47b7          	lui	a5,0xf4
    7a28:	24078793          	addi	a5,a5,576 # f4240 <_data_lma+0xe850c>
    7a2c:	f9f48513          	addi	a0,s1,-97 # f9f <__stack_size+0x79f>
    7a30:	02f5d5b3          	divu	a1,a1,a5
    7a34:	15fd                	addi	a1,a1,-1
    7a36:	05c2                	slli	a1,a1,0x10
    7a38:	81c1                	srli	a1,a1,0x10
    7a3a:	2a79                	jal	7bd8 <TIM2_Init>
    7a3c:	8141a583          	lw	a1,-2028(gp) # 200001d4 <SystemCoreClock>
    7a40:	3e800793          	li	a5,1000
    7a44:	4525                	li	a0,9
    7a46:	02f5d5b3          	divu	a1,a1,a5
    7a4a:	40011437          	lui	s0,0x40011
    7a4e:	c0040413          	addi	s0,s0,-1024 # 40010c00 <_eusrstack+0x2000bc00>
    7a52:	15fd                	addi	a1,a1,-1
    7a54:	05c2                	slli	a1,a1,0x10
    7a56:	81c1                	srli	a1,a1,0x10
    7a58:	fb0fd0ef          	jal	ra,5208 <TIM3_Init>
    7a5c:	0000c537          	lui	a0,0xc
    7a60:	c1450513          	addi	a0,a0,-1004 # bc14 <Font7x10+0x818>
    7a64:	6d8010ef          	jal	ra,913c <puts>
    7a68:	fbaff0ef          	jal	ra,7222 <InitGPIOs>
    7a6c:	3e700593          	li	a1,999
    7a70:	f9f48513          	addi	a0,s1,-97
    7a74:	efbff0ef          	jal	ra,796e <TIM4_Init>
    7a78:	e70ff0ef          	jal	ra,70e8 <SSD1306_Init>
    7a7c:	a5dfe0ef          	jal	ra,64d8 <USBFS_RCC_Init>
    7a80:	4505                	li	a0,1
    7a82:	a99fe0ef          	jal	ra,651a <USBFS_Host_Init>
    7a86:	467d                	li	a2,31
    7a88:	4581                	li	a1,0
    7a8a:	61c18513          	addi	a0,gp,1564 # 20000fdc <RootHubDev>
    7a8e:	ed2fd0ef          	jal	ra,5160 <memset>
    7a92:	20000537          	lui	a0,0x20000
    7a96:	53200613          	li	a2,1330
    7a9a:	4581                	li	a1,0
    7a9c:	6a850513          	addi	a0,a0,1704 # 200006a8 <HostCtl>
    7aa0:	ec0fd0ef          	jal	ra,5160 <memset>
    7aa4:	895ff0ef          	jal	ra,7338 <ReadConfig>
    7aa8:	a65ff0ef          	jal	ra,750c <DispWelcome>
    7aac:	5dc00513          	li	a0,1500
    7ab0:	3b6010ef          	jal	ra,8e66 <Delay_Ms>
    7ab4:	89818b93          	addi	s7,gp,-1896 # 20000258 <config>
    7ab8:	6589                	lui	a1,0x2
    7aba:	8522                	mv	a0,s0
    7abc:	649000ef          	jal	ra,8904 <GPIO_ReadInputDataBit>
    7ac0:	8b118913          	addi	s2,gp,-1871 # 20000271 <key1>
    7ac4:	6591                	lui	a1,0x4
    7ac6:	00a90023          	sb	a0,0(s2)
    7aca:	8522                	mv	a0,s0
    7acc:	639000ef          	jal	ra,8904 <GPIO_ReadInputDataBit>
    7ad0:	8aa189a3          	sb	a0,-1869(gp) # 20000273 <key2>
    7ad4:	d74fe0ef          	jal	ra,6048 <USBH_MainDeal>
    7ad8:	a95ff0ef          	jal	ra,756c <Disp>
    7adc:	00094703          	lbu	a4,0(s2)
    7ae0:	4785                	li	a5,1
    7ae2:	8b118c13          	addi	s8,gp,-1871 # 20000271 <key1>
    7ae6:	8b318993          	addi	s3,gp,-1869 # 20000273 <key2>
    7aea:	8b218a13          	addi	s4,gp,-1870 # 20000272 <key1old>
    7aee:	00f71d63          	bne	a4,a5,7b08 <main+0x13c>
    7af2:	000a4783          	lbu	a5,0(s4)
    7af6:	eb89                	bnez	a5,7b08 <main+0x13c>
    7af8:	8981c703          	lbu	a4,-1896(gp) # 20000258 <config>
    7afc:	4785                	li	a5,1
    7afe:	8f99                	sub	a5,a5,a4
    7b00:	88f18c23          	sb	a5,-1896(gp) # 20000258 <config>
    7b04:	f7eff0ef          	jal	ra,7282 <WriteConfig>
    7b08:	0009c703          	lbu	a4,0(s3) # 800f000 <_data_lma+0x80032cc>
    7b0c:	4785                	li	a5,1
    7b0e:	8b418913          	addi	s2,gp,-1868 # 20000274 <key2old>
    7b12:	04f71663          	bne	a4,a5,7b5e <main+0x192>
    7b16:	00094783          	lbu	a5,0(s2)
    7b1a:	e3b1                	bnez	a5,7b5e <main+0x192>
    7b1c:	001bc703          	lbu	a4,1(s7)
    7b20:	4785                	li	a5,1
    7b22:	8f99                	sub	a5,a5,a4
    7b24:	00fb80a3          	sb	a5,1(s7)
    7b28:	2c91                	jal	7d7c <endSending>
    7b2a:	20001537          	lui	a0,0x20001
    7b2e:	20000613          	li	a2,512
    7b32:	4581                	li	a1,0
    7b34:	47c50513          	addi	a0,a0,1148 # 2000147c <inputBuff>
    7b38:	8801ae23          	sw	zero,-1892(gp) # 2000025c <inputBuffSize>
    7b3c:	e24fd0ef          	jal	ra,5160 <memset>
    7b40:	20001537          	lui	a0,0x20001
    7b44:	20000613          	li	a2,512
    7b48:	4581                	li	a1,0
    7b4a:	68850513          	addi	a0,a0,1672 # 20001688 <outputBuff>
    7b4e:	8a01a223          	sw	zero,-1884(gp) # 20000264 <outputBuffSize>
    7b52:	e0efd0ef          	jal	ra,5160 <memset>
    7b56:	8a01a623          	sw	zero,-1876(gp) # 2000026c <sendCount>
    7b5a:	f28ff0ef          	jal	ra,7282 <WriteConfig>
    7b5e:	8a01c783          	lbu	a5,-1888(gp) # 20000260 <keyboard_in>
    7b62:	4605                	li	a2,1
    7b64:	e391                	bnez	a5,7b68 <main+0x19c>
    7b66:	4601                	li	a2,0
    7b68:	6585                	lui	a1,0x1
    7b6a:	8522                	mv	a0,s0
    7b6c:	5cd000ef          	jal	ra,8938 <GPIO_WriteBit>
    7b70:	8981c783          	lbu	a5,-1896(gp) # 20000258 <config>
    7b74:	e799                	bnez	a5,7b82 <main+0x1b6>
    7b76:	4601                	li	a2,0
    7b78:	20000593          	li	a1,512
    7b7c:	8522                	mv	a0,s0
    7b7e:	5bb000ef          	jal	ra,8938 <GPIO_WriteBit>
    7b82:	000c4783          	lbu	a5,0(s8)
    7b86:	00fa0023          	sb	a5,0(s4)
    7b8a:	0009c783          	lbu	a5,0(s3)
    7b8e:	00f90023          	sb	a5,0(s2)
    7b92:	b71d                	j	7ab8 <main+0xec>

00007b94 <TIM4_IRQHandler>:
    7b94:	1141                	addi	sp,sp,-16
    7b96:	c622                	sw	s0,12(sp)
    7b98:	40001437          	lui	s0,0x40001
    7b9c:	4585                	li	a1,1
    7b9e:	80040513          	addi	a0,s0,-2048 # 40000800 <_eusrstack+0x1fffb800>
    7ba2:	18c010ef          	jal	ra,8d2e <TIM_GetITStatus>
    7ba6:	c50d                	beqz	a0,7bd0 <TIM4_IRQHandler+0x3c>
    7ba8:	80040513          	addi	a0,s0,-2048
    7bac:	4585                	li	a1,1
    7bae:	198010ef          	jal	ra,8d46 <TIM_ClearITPendingBit>
    7bb2:	40011437          	lui	s0,0x40011
    7bb6:	6585                	lui	a1,0x1
    7bb8:	c0040513          	addi	a0,s0,-1024 # 40010c00 <_eusrstack+0x2000bc00>
    7bbc:	563000ef          	jal	ra,891e <GPIO_ReadOutputDataBit>
    7bc0:	4601                	li	a2,0
    7bc2:	e111                	bnez	a0,7bc6 <TIM4_IRQHandler+0x32>
    7bc4:	4605                	li	a2,1
    7bc6:	6585                	lui	a1,0x1
    7bc8:	c0040513          	addi	a0,s0,-1024
    7bcc:	56d000ef          	jal	ra,8938 <GPIO_WriteBit>
    7bd0:	4432                	lw	s0,12(sp)
    7bd2:	0141                	addi	sp,sp,16
    7bd4:	30200073          	mret

00007bd8 <TIM2_Init>:
    7bd8:	d58fd2ef          	jal	t0,5130 <__riscv_save_0>
    7bdc:	1101                	addi	sp,sp,-32
    7bde:	842e                	mv	s0,a1
    7be0:	84aa                	mv	s1,a0
    7be2:	4585                	li	a1,1
    7be4:	4505                	li	a0,1
    7be6:	ca02                	sw	zero,20(sp)
    7be8:	cc02                	sw	zero,24(sp)
    7bea:	00011e23          	sh	zero,28(sp)
    7bee:	c602                	sw	zero,12(sp)
    7bf0:	c802                	sw	zero,16(sp)
    7bf2:	08a010ef          	jal	ra,8c7c <RCC_APB1PeriphClockCmd>
    7bf6:	084c                	addi	a1,sp,20
    7bf8:	40000537          	lui	a0,0x40000
    7bfc:	84e4                	sh	s1,24(sp)
    7bfe:	82e0                	sh	s0,20(sp)
    7c00:	00011d23          	sh	zero,26(sp)
    7c04:	00011b23          	sh	zero,22(sp)
    7c08:	092010ef          	jal	ra,8c9a <TIM_TimeBaseInit>
    7c0c:	4605                	li	a2,1
    7c0e:	4585                	li	a1,1
    7c10:	40000537          	lui	a0,0x40000
    7c14:	108010ef          	jal	ra,8d1c <TIM_ITConfig>
    7c18:	12c00793          	li	a5,300
    7c1c:	867c                	sh	a5,12(sp)
    7c1e:	4789                	li	a5,2
    7c20:	875c                	sb	a5,14(sp)
    7c22:	0068                	addi	a0,sp,12
    7c24:	4785                	li	a5,1
    7c26:	c83e                	sw	a5,16(sp)
    7c28:	6ed000ef          	jal	ra,8b14 <NVIC_Init>
    7c2c:	6105                	addi	sp,sp,32
    7c2e:	d26fd06f          	j	5154 <__riscv_restore_0>

00007c32 <TIM2_ChangBase>:
    7c32:	cfefd2ef          	jal	t0,5130 <__riscv_save_0>
    7c36:	8b01c703          	lbu	a4,-1872(gp) # 20000270 <stge>
    7c3a:	1141                	addi	sp,sp,-16
    7c3c:	892a                	mv	s2,a0
    7c3e:	84ae                	mv	s1,a1
    7c40:	843e                	mv	s0,a5
    7c42:	cb19                	beqz	a4,7c58 <TIM2_ChangBase+0x26>
    7c44:	e000e7b7          	lui	a5,0xe000e
    7c48:	6705                	lui	a4,0x1
    7c4a:	18e7a223          	sw	a4,388(a5) # e000e184 <_eusrstack+0xc0009184>
    7c4e:	4581                	li	a1,0
    7c50:	40000537          	lui	a0,0x40000
    7c54:	0b0010ef          	jal	ra,8d04 <TIM_Cmd>
    7c58:	004c                	addi	a1,sp,4
    7c5a:	40000537          	lui	a0,0x40000
    7c5e:	00011323          	sh	zero,6(sp)
    7c62:	00011523          	sh	zero,10(sp)
    7c66:	00011623          	sh	zero,12(sp)
    7c6a:	01211423          	sh	s2,8(sp)
    7c6e:	8264                	sh	s1,4(sp)
    7c70:	02a010ef          	jal	ra,8c9a <TIM_TimeBaseInit>
    7c74:	8b01c783          	lbu	a5,-1872(gp) # 20000270 <stge>
    7c78:	cb99                	beqz	a5,7c8e <TIM2_ChangBase+0x5c>
    7c7a:	4585                	li	a1,1
    7c7c:	40000537          	lui	a0,0x40000
    7c80:	084010ef          	jal	ra,8d04 <TIM_Cmd>
    7c84:	e000e7b7          	lui	a5,0xe000e
    7c88:	6705                	lui	a4,0x1
    7c8a:	10e7a223          	sw	a4,260(a5) # e000e104 <_eusrstack+0xc0009104>
    7c8e:	0141                	addi	sp,sp,16
    7c90:	cc4fd06f          	j	5154 <__riscv_restore_0>

00007c94 <add_wpm>:
    7c94:	c9cfd2ef          	jal	t0,5130 <__riscv_save_0>
    7c98:	89818713          	addi	a4,gp,-1896 # 20000258 <config>
    7c9c:	2338                	lbu	a4,2(a4)
    7c9e:	89818793          	addi	a5,gp,-1896 # 20000258 <config>
    7ca2:	953a                	add	a0,a0,a4
    7ca4:	0562                	slli	a0,a0,0x18
    7ca6:	8561                	srai	a0,a0,0x18
    7ca8:	06300713          	li	a4,99
    7cac:	02a74e63          	blt	a4,a0,7ce8 <add_wpm+0x54>
    7cb0:	a3a8                	sb	a0,2(a5)
    7cb2:	8141a703          	lw	a4,-2028(gp) # 200001d4 <SystemCoreClock>
    7cb6:	00278783          	lb	a5,2(a5)
    7cba:	03c00593          	li	a1,60
    7cbe:	02e585b3          	mul	a1,a1,a4
    7cc2:	6731                	lui	a4,0xc
    7cc4:	35070713          	addi	a4,a4,848 # c350 <_data_lma+0x61c>
    7cc8:	6505                	lui	a0,0x1
    7cca:	f9f50513          	addi	a0,a0,-97 # f9f <__stack_size+0x79f>
    7cce:	02e787b3          	mul	a5,a5,a4
    7cd2:	02f5d5b3          	divu	a1,a1,a5
    7cd6:	15fd                	addi	a1,a1,-1
    7cd8:	05c2                	slli	a1,a1,0x10
    7cda:	81c1                	srli	a1,a1,0x10
    7cdc:	f57ff0ef          	jal	ra,7c32 <TIM2_ChangBase>
    7ce0:	da2ff0ef          	jal	ra,7282 <WriteConfig>
    7ce4:	c70fd06f          	j	5154 <__riscv_restore_0>
    7ce8:	a3b8                	sb	a4,2(a5)
    7cea:	b7e1                	j	7cb2 <add_wpm+0x1e>

00007cec <sub_wpm>:
    7cec:	c44fd2ef          	jal	t0,5130 <__riscv_save_0>
    7cf0:	89818713          	addi	a4,gp,-1896 # 20000258 <config>
    7cf4:	2338                	lbu	a4,2(a4)
    7cf6:	89818793          	addi	a5,gp,-1896 # 20000258 <config>
    7cfa:	40a70533          	sub	a0,a4,a0
    7cfe:	0562                	slli	a0,a0,0x18
    7d00:	8561                	srai	a0,a0,0x18
    7d02:	02a05e63          	blez	a0,7d3e <sub_wpm+0x52>
    7d06:	a3a8                	sb	a0,2(a5)
    7d08:	8141a703          	lw	a4,-2028(gp) # 200001d4 <SystemCoreClock>
    7d0c:	00278783          	lb	a5,2(a5)
    7d10:	03c00593          	li	a1,60
    7d14:	02e585b3          	mul	a1,a1,a4
    7d18:	6731                	lui	a4,0xc
    7d1a:	35070713          	addi	a4,a4,848 # c350 <_data_lma+0x61c>
    7d1e:	6505                	lui	a0,0x1
    7d20:	f9f50513          	addi	a0,a0,-97 # f9f <__stack_size+0x79f>
    7d24:	02e787b3          	mul	a5,a5,a4
    7d28:	02f5d5b3          	divu	a1,a1,a5
    7d2c:	15fd                	addi	a1,a1,-1
    7d2e:	05c2                	slli	a1,a1,0x10
    7d30:	81c1                	srli	a1,a1,0x10
    7d32:	f01ff0ef          	jal	ra,7c32 <TIM2_ChangBase>
    7d36:	d4cff0ef          	jal	ra,7282 <WriteConfig>
    7d3a:	c1afd06f          	j	5154 <__riscv_restore_0>
    7d3e:	4705                	li	a4,1
    7d40:	a3b8                	sb	a4,2(a5)
    7d42:	b7d9                	j	7d08 <sub_wpm+0x1c>

00007d44 <starSending>:
    7d44:	8b01c783          	lbu	a5,-1872(gp) # 20000270 <stge>
    7d48:	eb8d                	bnez	a5,7d7a <starSending+0x36>
    7d4a:	be6fd2ef          	jal	t0,5130 <__riscv_save_0>
    7d4e:	4785                	li	a5,1
    7d50:	8af18823          	sb	a5,-1872(gp) # 20000270 <stge>
    7d54:	88f18b23          	sb	a5,-1898(gp) # 20000256 <bufCovnMark>
    7d58:	8991c783          	lbu	a5,-1895(gp) # 20000259 <config+0x1>
    7d5c:	c399                	beqz	a5,7d62 <starSending+0x1e>
    7d5e:	8a01a623          	sw	zero,-1876(gp) # 2000026c <sendCount>
    7d62:	4585                	li	a1,1
    7d64:	40000537          	lui	a0,0x40000
    7d68:	79d000ef          	jal	ra,8d04 <TIM_Cmd>
    7d6c:	e000e7b7          	lui	a5,0xe000e
    7d70:	6705                	lui	a4,0x1
    7d72:	10e7a223          	sw	a4,260(a5) # e000e104 <_eusrstack+0xc0009104>
    7d76:	bdefd06f          	j	5154 <__riscv_restore_0>
    7d7a:	8082                	ret

00007d7c <endSending>:
    7d7c:	8b01c703          	lbu	a4,-1872(gp) # 20000270 <stge>
    7d80:	c321                	beqz	a4,7dc0 <endSending+0x44>
    7d82:	baefd2ef          	jal	t0,5130 <__riscv_save_0>
    7d86:	6705                	lui	a4,0x1
    7d88:	8a018823          	sb	zero,-1872(gp) # 20000270 <stge>
    7d8c:	e000e7b7          	lui	a5,0xe000e
    7d90:	18e7a223          	sw	a4,388(a5) # e000e184 <_eusrstack+0xc0009184>
    7d94:	4581                	li	a1,0
    7d96:	40000537          	lui	a0,0x40000
    7d9a:	76b000ef          	jal	ra,8d04 <TIM_Cmd>
    7d9e:	40011437          	lui	s0,0x40011
    7da2:	80040513          	addi	a0,s0,-2048 # 40010800 <_eusrstack+0x2000b800>
    7da6:	4601                	li	a2,0
    7da8:	4589                	li	a1,2
    7daa:	38f000ef          	jal	ra,8938 <GPIO_WriteBit>
    7dae:	4601                	li	a2,0
    7db0:	20000593          	li	a1,512
    7db4:	c0040513          	addi	a0,s0,-1024
    7db8:	381000ef          	jal	ra,8938 <GPIO_WriteBit>
    7dbc:	b98fd06f          	j	5154 <__riscv_restore_0>
    7dc0:	8082                	ret

00007dc2 <bufCovn>:
    7dc2:	f9f50693          	addi	a3,a0,-97 # 3fffff9f <_eusrstack+0x1fffaf9f>
    7dc6:	20002737          	lui	a4,0x20002
    7dca:	0ff6f613          	andi	a2,a3,255
    7dce:	47e5                	li	a5,25
    7dd0:	88870713          	addi	a4,a4,-1912 # 20001888 <sendbuf>
    7dd4:	06c7eb63          	bltu	a5,a2,7e4a <bufCovn+0x88>
    7dd8:	00169793          	slli	a5,a3,0x1
    7ddc:	200006b7          	lui	a3,0x20000
    7de0:	0e068693          	addi	a3,a3,224 # 200000e0 <morse_code_map>
    7de4:	96be                	add	a3,a3,a5
    7de6:	0006c303          	lbu	t1,0(a3)
    7dea:	4781                	li	a5,0
    7dec:	4801                	li	a6,0
    7dee:	4e1d                	li	t3,7
    7df0:	4885                	li	a7,1
    7df2:	00178613          	addi	a2,a5,1
    7df6:	00684963          	blt	a6,t1,7e08 <bufCovn+0x46>
    7dfa:	973e                	add	a4,a4,a5
    7dfc:	00070023          	sb	zero,0(a4)
    7e00:	0785                	addi	a5,a5,1
    7e02:	8af1ae23          	sw	a5,-1860(gp) # 2000027c <sendBufLen>
    7e06:	8082                	ret
    7e08:	3288                	lbu	a0,1(a3)
    7e0a:	410e0eb3          	sub	t4,t3,a6
    7e0e:	00278593          	addi	a1,a5,2
    7e12:	41d55533          	sra	a0,a0,t4
    7e16:	8905                	andi	a0,a0,1
    7e18:	c115                	beqz	a0,7e3c <bufCovn+0x7a>
    7e1a:	95ba                	add	a1,a1,a4
    7e1c:	01158023          	sb	a7,0(a1) # 1000 <__stack_size+0x800>
    7e20:	963a                	add	a2,a2,a4
    7e22:	01160023          	sb	a7,0(a2)
    7e26:	00f70633          	add	a2,a4,a5
    7e2a:	01160023          	sb	a7,0(a2)
    7e2e:	000601a3          	sb	zero,3(a2)
    7e32:	00478593          	addi	a1,a5,4
    7e36:	0805                	addi	a6,a6,1
    7e38:	87ae                	mv	a5,a1
    7e3a:	bf65                	j	7df2 <bufCovn+0x30>
    7e3c:	97ba                	add	a5,a5,a4
    7e3e:	01178023          	sb	a7,0(a5)
    7e42:	963a                	add	a2,a2,a4
    7e44:	00060023          	sb	zero,0(a2)
    7e48:	b7fd                	j	7e36 <bufCovn+0x74>
    7e4a:	fbf50693          	addi	a3,a0,-65
    7e4e:	0ff6f613          	andi	a2,a3,255
    7e52:	06c7e463          	bltu	a5,a2,7eba <bufCovn+0xf8>
    7e56:	00169793          	slli	a5,a3,0x1
    7e5a:	200006b7          	lui	a3,0x20000
    7e5e:	0e068693          	addi	a3,a3,224 # 200000e0 <morse_code_map>
    7e62:	96be                	add	a3,a3,a5
    7e64:	0006c303          	lbu	t1,0(a3)
    7e68:	4781                	li	a5,0
    7e6a:	4801                	li	a6,0
    7e6c:	4e1d                	li	t3,7
    7e6e:	4885                	li	a7,1
    7e70:	00178613          	addi	a2,a5,1
    7e74:	f86853e3          	bge	a6,t1,7dfa <bufCovn+0x38>
    7e78:	3288                	lbu	a0,1(a3)
    7e7a:	410e0eb3          	sub	t4,t3,a6
    7e7e:	00278593          	addi	a1,a5,2
    7e82:	41d55533          	sra	a0,a0,t4
    7e86:	8905                	andi	a0,a0,1
    7e88:	c115                	beqz	a0,7eac <bufCovn+0xea>
    7e8a:	95ba                	add	a1,a1,a4
    7e8c:	01158023          	sb	a7,0(a1)
    7e90:	963a                	add	a2,a2,a4
    7e92:	01160023          	sb	a7,0(a2)
    7e96:	00f70633          	add	a2,a4,a5
    7e9a:	01160023          	sb	a7,0(a2)
    7e9e:	000601a3          	sb	zero,3(a2)
    7ea2:	00478593          	addi	a1,a5,4
    7ea6:	0805                	addi	a6,a6,1
    7ea8:	87ae                	mv	a5,a1
    7eaa:	b7d9                	j	7e70 <bufCovn+0xae>
    7eac:	97ba                	add	a5,a5,a4
    7eae:	01178023          	sb	a7,0(a5)
    7eb2:	963a                	add	a2,a2,a4
    7eb4:	00060023          	sb	zero,0(a2)
    7eb8:	b7fd                	j	7ea6 <bufCovn+0xe4>
    7eba:	fd050793          	addi	a5,a0,-48
    7ebe:	0ff7f793          	andi	a5,a5,255
    7ec2:	46a5                	li	a3,9
    7ec4:	06f6e963          	bltu	a3,a5,7f36 <bufCovn+0x174>
    7ec8:	fea50793          	addi	a5,a0,-22
    7ecc:	200006b7          	lui	a3,0x20000
    7ed0:	0e068693          	addi	a3,a3,224 # 200000e0 <morse_code_map>
    7ed4:	0786                	slli	a5,a5,0x1
    7ed6:	fb650513          	addi	a0,a0,-74
    7eda:	97b6                	add	a5,a5,a3
    7edc:	0506                	slli	a0,a0,0x1
    7ede:	0007c303          	lbu	t1,0(a5)
    7ee2:	4801                	li	a6,0
    7ee4:	4781                	li	a5,0
    7ee6:	9536                	add	a0,a0,a3
    7ee8:	4e1d                	li	t3,7
    7eea:	4885                	li	a7,1
    7eec:	00178693          	addi	a3,a5,1
    7ef0:	f06855e3          	bge	a6,t1,7dfa <bufCovn+0x38>
    7ef4:	310c                	lbu	a1,1(a0)
    7ef6:	410e0eb3          	sub	t4,t3,a6
    7efa:	00278613          	addi	a2,a5,2
    7efe:	41d5d5b3          	sra	a1,a1,t4
    7f02:	8985                	andi	a1,a1,1
    7f04:	c195                	beqz	a1,7f28 <bufCovn+0x166>
    7f06:	963a                	add	a2,a2,a4
    7f08:	01160023          	sb	a7,0(a2)
    7f0c:	96ba                	add	a3,a3,a4
    7f0e:	01168023          	sb	a7,0(a3)
    7f12:	00f706b3          	add	a3,a4,a5
    7f16:	01168023          	sb	a7,0(a3)
    7f1a:	000681a3          	sb	zero,3(a3)
    7f1e:	00478613          	addi	a2,a5,4
    7f22:	0805                	addi	a6,a6,1
    7f24:	87b2                	mv	a5,a2
    7f26:	b7d9                	j	7eec <bufCovn+0x12a>
    7f28:	97ba                	add	a5,a5,a4
    7f2a:	01178023          	sb	a7,0(a5)
    7f2e:	96ba                	add	a3,a3,a4
    7f30:	00068023          	sb	zero,0(a3)
    7f34:	b7fd                	j	7f22 <bufCovn+0x160>
    7f36:	02000793          	li	a5,32
    7f3a:	00f51663          	bne	a0,a5,7f46 <bufCovn+0x184>
    7f3e:	00071023          	sh	zero,0(a4)
    7f42:	4789                	li	a5,2
    7f44:	bd5d                	j	7dfa <bufCovn+0x38>
    7f46:	fdf50513          	addi	a0,a0,-33
    7f4a:	0ff57513          	andi	a0,a0,255
    7f4e:	47f9                	li	a5,30
    7f50:	3ea7e063          	bltu	a5,a0,8330 <bufCovn+0x56e>
    7f54:	67b1                	lui	a5,0xc
    7f56:	c1c78793          	addi	a5,a5,-996 # bc1c <Font7x10+0x820>
    7f5a:	050a                	slli	a0,a0,0x2
    7f5c:	953e                	add	a0,a0,a5
    7f5e:	411c                	lw	a5,0(a0)
    7f60:	8782                	jr	a5
    7f62:	200007b7          	lui	a5,0x20000
    7f66:	0e078793          	addi	a5,a5,224 # 200000e0 <morse_code_map>
    7f6a:	0487c883          	lbu	a7,72(a5)
    7f6e:	0497c303          	lbu	t1,73(a5)
    7f72:	4501                	li	a0,0
    7f74:	4781                	li	a5,0
    7f76:	4e1d                	li	t3,7
    7f78:	4805                	li	a6,1
    7f7a:	00178693          	addi	a3,a5,1
    7f7e:	e7155ee3          	bge	a0,a7,7dfa <bufCovn+0x38>
    7f82:	40ae05b3          	sub	a1,t3,a0
    7f86:	40b355b3          	sra	a1,t1,a1
    7f8a:	8985                	andi	a1,a1,1
    7f8c:	00278613          	addi	a2,a5,2
    7f90:	30058a63          	beqz	a1,82a4 <bufCovn+0x4e2>
    7f94:	963a                	add	a2,a2,a4
    7f96:	01060023          	sb	a6,0(a2)
    7f9a:	96ba                	add	a3,a3,a4
    7f9c:	01068023          	sb	a6,0(a3)
    7fa0:	00f706b3          	add	a3,a4,a5
    7fa4:	01068023          	sb	a6,0(a3)
    7fa8:	000681a3          	sb	zero,3(a3)
    7fac:	00478613          	addi	a2,a5,4
    7fb0:	0505                	addi	a0,a0,1
    7fb2:	87b2                	mv	a5,a2
    7fb4:	b7d9                	j	7f7a <bufCovn+0x1b8>
    7fb6:	200007b7          	lui	a5,0x20000
    7fba:	0e078793          	addi	a5,a5,224 # 200000e0 <morse_code_map>
    7fbe:	05a7c883          	lbu	a7,90(a5)
    7fc2:	05b7c303          	lbu	t1,91(a5)
    7fc6:	4501                	li	a0,0
    7fc8:	4781                	li	a5,0
    7fca:	4e1d                	li	t3,7
    7fcc:	4805                	li	a6,1
    7fce:	00178693          	addi	a3,a5,1
    7fd2:	e31554e3          	bge	a0,a7,7dfa <bufCovn+0x38>
    7fd6:	40ae05b3          	sub	a1,t3,a0
    7fda:	40b355b3          	sra	a1,t1,a1
    7fde:	8985                	andi	a1,a1,1
    7fe0:	00278613          	addi	a2,a5,2
    7fe4:	32058f63          	beqz	a1,8322 <bufCovn+0x560>
    7fe8:	963a                	add	a2,a2,a4
    7fea:	01060023          	sb	a6,0(a2)
    7fee:	96ba                	add	a3,a3,a4
    7ff0:	01068023          	sb	a6,0(a3)
    7ff4:	00f706b3          	add	a3,a4,a5
    7ff8:	01068023          	sb	a6,0(a3)
    7ffc:	000681a3          	sb	zero,3(a3)
    8000:	00478613          	addi	a2,a5,4
    8004:	0505                	addi	a0,a0,1
    8006:	87b2                	mv	a5,a2
    8008:	b7d9                	j	7fce <bufCovn+0x20c>
    800a:	200007b7          	lui	a5,0x20000
    800e:	0e078793          	addi	a5,a5,224 # 200000e0 <morse_code_map>
    8012:	0507c883          	lbu	a7,80(a5)
    8016:	0517c303          	lbu	t1,81(a5)
    801a:	4501                	li	a0,0
    801c:	4781                	li	a5,0
    801e:	4e1d                	li	t3,7
    8020:	4805                	li	a6,1
    8022:	00178693          	addi	a3,a5,1
    8026:	dd155ae3          	bge	a0,a7,7dfa <bufCovn+0x38>
    802a:	40ae05b3          	sub	a1,t3,a0
    802e:	40b355b3          	sra	a1,t1,a1
    8032:	8985                	andi	a1,a1,1
    8034:	00278613          	addi	a2,a5,2
    8038:	2a058263          	beqz	a1,82dc <bufCovn+0x51a>
    803c:	963a                	add	a2,a2,a4
    803e:	01060023          	sb	a6,0(a2)
    8042:	96ba                	add	a3,a3,a4
    8044:	01068023          	sb	a6,0(a3)
    8048:	00f706b3          	add	a3,a4,a5
    804c:	01068023          	sb	a6,0(a3)
    8050:	000681a3          	sb	zero,3(a3)
    8054:	00478613          	addi	a2,a5,4
    8058:	0505                	addi	a0,a0,1
    805a:	87b2                	mv	a5,a2
    805c:	b7d9                	j	8022 <bufCovn+0x260>
    805e:	200007b7          	lui	a5,0x20000
    8062:	0e078793          	addi	a5,a5,224 # 200000e0 <morse_code_map>
    8066:	0527c883          	lbu	a7,82(a5)
    806a:	0537c303          	lbu	t1,83(a5)
    806e:	4501                	li	a0,0
    8070:	4781                	li	a5,0
    8072:	4e1d                	li	t3,7
    8074:	4805                	li	a6,1
    8076:	00178693          	addi	a3,a5,1
    807a:	d91550e3          	bge	a0,a7,7dfa <bufCovn+0x38>
    807e:	40ae05b3          	sub	a1,t3,a0
    8082:	40b355b3          	sra	a1,t1,a1
    8086:	8985                	andi	a1,a1,1
    8088:	00278613          	addi	a2,a5,2
    808c:	24058f63          	beqz	a1,82ea <bufCovn+0x528>
    8090:	963a                	add	a2,a2,a4
    8092:	01060023          	sb	a6,0(a2)
    8096:	96ba                	add	a3,a3,a4
    8098:	01068023          	sb	a6,0(a3)
    809c:	00f706b3          	add	a3,a4,a5
    80a0:	01068023          	sb	a6,0(a3)
    80a4:	000681a3          	sb	zero,3(a3)
    80a8:	00478613          	addi	a2,a5,4
    80ac:	0505                	addi	a0,a0,1
    80ae:	87b2                	mv	a5,a2
    80b0:	b7d9                	j	8076 <bufCovn+0x2b4>
    80b2:	200007b7          	lui	a5,0x20000
    80b6:	0e078793          	addi	a5,a5,224 # 200000e0 <morse_code_map>
    80ba:	0587c883          	lbu	a7,88(a5)
    80be:	0597c303          	lbu	t1,89(a5)
    80c2:	4501                	li	a0,0
    80c4:	4781                	li	a5,0
    80c6:	4e1d                	li	t3,7
    80c8:	4805                	li	a6,1
    80ca:	00178693          	addi	a3,a5,1
    80ce:	d31556e3          	bge	a0,a7,7dfa <bufCovn+0x38>
    80d2:	40ae05b3          	sub	a1,t3,a0
    80d6:	40b355b3          	sra	a1,t1,a1
    80da:	8985                	andi	a1,a1,1
    80dc:	00278613          	addi	a2,a5,2
    80e0:	22058a63          	beqz	a1,8314 <bufCovn+0x552>
    80e4:	963a                	add	a2,a2,a4
    80e6:	01060023          	sb	a6,0(a2)
    80ea:	96ba                	add	a3,a3,a4
    80ec:	01068023          	sb	a6,0(a3)
    80f0:	00f706b3          	add	a3,a4,a5
    80f4:	01068023          	sb	a6,0(a3)
    80f8:	000681a3          	sb	zero,3(a3)
    80fc:	00478613          	addi	a2,a5,4
    8100:	0505                	addi	a0,a0,1
    8102:	87b2                	mv	a5,a2
    8104:	b7d9                	j	80ca <bufCovn+0x308>
    8106:	200007b7          	lui	a5,0x20000
    810a:	0e078793          	addi	a5,a5,224 # 200000e0 <morse_code_map>
    810e:	04c7c883          	lbu	a7,76(a5)
    8112:	04d7c303          	lbu	t1,77(a5)
    8116:	4501                	li	a0,0
    8118:	4781                	li	a5,0
    811a:	4e1d                	li	t3,7
    811c:	4805                	li	a6,1
    811e:	00178693          	addi	a3,a5,1
    8122:	cd155ce3          	bge	a0,a7,7dfa <bufCovn+0x38>
    8126:	40ae05b3          	sub	a1,t3,a0
    812a:	40b355b3          	sra	a1,t1,a1
    812e:	8985                	andi	a1,a1,1
    8130:	00278613          	addi	a2,a5,2
    8134:	18058663          	beqz	a1,82c0 <bufCovn+0x4fe>
    8138:	963a                	add	a2,a2,a4
    813a:	01060023          	sb	a6,0(a2)
    813e:	96ba                	add	a3,a3,a4
    8140:	01068023          	sb	a6,0(a3)
    8144:	00f706b3          	add	a3,a4,a5
    8148:	01068023          	sb	a6,0(a3)
    814c:	000681a3          	sb	zero,3(a3)
    8150:	00478613          	addi	a2,a5,4
    8154:	0505                	addi	a0,a0,1
    8156:	87b2                	mv	a5,a2
    8158:	b7d9                	j	811e <bufCovn+0x35c>
    815a:	200007b7          	lui	a5,0x20000
    815e:	0e078793          	addi	a5,a5,224 # 200000e0 <morse_code_map>
    8162:	0567c883          	lbu	a7,86(a5)
    8166:	0577c303          	lbu	t1,87(a5)
    816a:	4501                	li	a0,0
    816c:	4781                	li	a5,0
    816e:	4e1d                	li	t3,7
    8170:	4805                	li	a6,1
    8172:	00178693          	addi	a3,a5,1
    8176:	c91552e3          	bge	a0,a7,7dfa <bufCovn+0x38>
    817a:	40ae05b3          	sub	a1,t3,a0
    817e:	40b355b3          	sra	a1,t1,a1
    8182:	8985                	andi	a1,a1,1
    8184:	00278613          	addi	a2,a5,2
    8188:	16058f63          	beqz	a1,8306 <bufCovn+0x544>
    818c:	963a                	add	a2,a2,a4
    818e:	01060023          	sb	a6,0(a2)
    8192:	96ba                	add	a3,a3,a4
    8194:	01068023          	sb	a6,0(a3)
    8198:	00f706b3          	add	a3,a4,a5
    819c:	01068023          	sb	a6,0(a3)
    81a0:	000681a3          	sb	zero,3(a3)
    81a4:	00478613          	addi	a2,a5,4
    81a8:	0505                	addi	a0,a0,1
    81aa:	87b2                	mv	a5,a2
    81ac:	b7d9                	j	8172 <bufCovn+0x3b0>
    81ae:	200007b7          	lui	a5,0x20000
    81b2:	0e078793          	addi	a5,a5,224 # 200000e0 <morse_code_map>
    81b6:	04e7c883          	lbu	a7,78(a5)
    81ba:	04f7c303          	lbu	t1,79(a5)
    81be:	4501                	li	a0,0
    81c0:	4781                	li	a5,0
    81c2:	4e1d                	li	t3,7
    81c4:	4805                	li	a6,1
    81c6:	00178693          	addi	a3,a5,1
    81ca:	c31558e3          	bge	a0,a7,7dfa <bufCovn+0x38>
    81ce:	40ae05b3          	sub	a1,t3,a0
    81d2:	40b355b3          	sra	a1,t1,a1
    81d6:	8985                	andi	a1,a1,1
    81d8:	00278613          	addi	a2,a5,2
    81dc:	c9ed                	beqz	a1,82ce <bufCovn+0x50c>
    81de:	963a                	add	a2,a2,a4
    81e0:	01060023          	sb	a6,0(a2)
    81e4:	96ba                	add	a3,a3,a4
    81e6:	01068023          	sb	a6,0(a3)
    81ea:	00f706b3          	add	a3,a4,a5
    81ee:	01068023          	sb	a6,0(a3)
    81f2:	000681a3          	sb	zero,3(a3)
    81f6:	00478613          	addi	a2,a5,4
    81fa:	0505                	addi	a0,a0,1
    81fc:	87b2                	mv	a5,a2
    81fe:	b7e1                	j	81c6 <bufCovn+0x404>
    8200:	200007b7          	lui	a5,0x20000
    8204:	0e078793          	addi	a5,a5,224 # 200000e0 <morse_code_map>
    8208:	0547c883          	lbu	a7,84(a5)
    820c:	0557c303          	lbu	t1,85(a5)
    8210:	4501                	li	a0,0
    8212:	4781                	li	a5,0
    8214:	4e1d                	li	t3,7
    8216:	4805                	li	a6,1
    8218:	00178693          	addi	a3,a5,1
    821c:	bd155fe3          	bge	a0,a7,7dfa <bufCovn+0x38>
    8220:	40ae05b3          	sub	a1,t3,a0
    8224:	40b355b3          	sra	a1,t1,a1
    8228:	8985                	andi	a1,a1,1
    822a:	00278613          	addi	a2,a5,2
    822e:	c5e9                	beqz	a1,82f8 <bufCovn+0x536>
    8230:	963a                	add	a2,a2,a4
    8232:	01060023          	sb	a6,0(a2)
    8236:	96ba                	add	a3,a3,a4
    8238:	01068023          	sb	a6,0(a3)
    823c:	00f706b3          	add	a3,a4,a5
    8240:	01068023          	sb	a6,0(a3)
    8244:	000681a3          	sb	zero,3(a3)
    8248:	00478613          	addi	a2,a5,4
    824c:	0505                	addi	a0,a0,1
    824e:	87b2                	mv	a5,a2
    8250:	b7e1                	j	8218 <bufCovn+0x456>
    8252:	200007b7          	lui	a5,0x20000
    8256:	0e078793          	addi	a5,a5,224 # 200000e0 <morse_code_map>
    825a:	04a7c883          	lbu	a7,74(a5)
    825e:	04b7c303          	lbu	t1,75(a5)
    8262:	4501                	li	a0,0
    8264:	4781                	li	a5,0
    8266:	4e1d                	li	t3,7
    8268:	4805                	li	a6,1
    826a:	00178693          	addi	a3,a5,1
    826e:	b91556e3          	bge	a0,a7,7dfa <bufCovn+0x38>
    8272:	40ae05b3          	sub	a1,t3,a0
    8276:	40b355b3          	sra	a1,t1,a1
    827a:	8985                	andi	a1,a1,1
    827c:	00278613          	addi	a2,a5,2
    8280:	c98d                	beqz	a1,82b2 <bufCovn+0x4f0>
    8282:	963a                	add	a2,a2,a4
    8284:	01060023          	sb	a6,0(a2)
    8288:	96ba                	add	a3,a3,a4
    828a:	01068023          	sb	a6,0(a3)
    828e:	00f706b3          	add	a3,a4,a5
    8292:	01068023          	sb	a6,0(a3)
    8296:	000681a3          	sb	zero,3(a3)
    829a:	00478613          	addi	a2,a5,4
    829e:	0505                	addi	a0,a0,1
    82a0:	87b2                	mv	a5,a2
    82a2:	b7e1                	j	826a <bufCovn+0x4a8>
    82a4:	97ba                	add	a5,a5,a4
    82a6:	01078023          	sb	a6,0(a5)
    82aa:	96ba                	add	a3,a3,a4
    82ac:	00068023          	sb	zero,0(a3)
    82b0:	b301                	j	7fb0 <bufCovn+0x1ee>
    82b2:	97ba                	add	a5,a5,a4
    82b4:	01078023          	sb	a6,0(a5)
    82b8:	96ba                	add	a3,a3,a4
    82ba:	00068023          	sb	zero,0(a3)
    82be:	b7c5                	j	829e <bufCovn+0x4dc>
    82c0:	97ba                	add	a5,a5,a4
    82c2:	01078023          	sb	a6,0(a5)
    82c6:	96ba                	add	a3,a3,a4
    82c8:	00068023          	sb	zero,0(a3)
    82cc:	b561                	j	8154 <bufCovn+0x392>
    82ce:	97ba                	add	a5,a5,a4
    82d0:	01078023          	sb	a6,0(a5)
    82d4:	96ba                	add	a3,a3,a4
    82d6:	00068023          	sb	zero,0(a3)
    82da:	b705                	j	81fa <bufCovn+0x438>
    82dc:	97ba                	add	a5,a5,a4
    82de:	01078023          	sb	a6,0(a5)
    82e2:	96ba                	add	a3,a3,a4
    82e4:	00068023          	sb	zero,0(a3)
    82e8:	bb85                	j	8058 <bufCovn+0x296>
    82ea:	97ba                	add	a5,a5,a4
    82ec:	01078023          	sb	a6,0(a5)
    82f0:	96ba                	add	a3,a3,a4
    82f2:	00068023          	sb	zero,0(a3)
    82f6:	bb5d                	j	80ac <bufCovn+0x2ea>
    82f8:	97ba                	add	a5,a5,a4
    82fa:	01078023          	sb	a6,0(a5)
    82fe:	96ba                	add	a3,a3,a4
    8300:	00068023          	sb	zero,0(a3)
    8304:	b7a1                	j	824c <bufCovn+0x48a>
    8306:	97ba                	add	a5,a5,a4
    8308:	01078023          	sb	a6,0(a5)
    830c:	96ba                	add	a3,a3,a4
    830e:	00068023          	sb	zero,0(a3)
    8312:	bd59                	j	81a8 <bufCovn+0x3e6>
    8314:	97ba                	add	a5,a5,a4
    8316:	01078023          	sb	a6,0(a5)
    831a:	96ba                	add	a3,a3,a4
    831c:	00068023          	sb	zero,0(a3)
    8320:	b3c5                	j	8100 <bufCovn+0x33e>
    8322:	97ba                	add	a5,a5,a4
    8324:	01078023          	sb	a6,0(a5)
    8328:	96ba                	add	a3,a3,a4
    832a:	00068023          	sb	zero,0(a3)
    832e:	b9d9                	j	8004 <bufCovn+0x242>
    8330:	4781                	li	a5,0
    8332:	b4e1                	j	7dfa <bufCovn+0x38>

00008334 <TIM2_IRQHandler>:
    8334:	1141                	addi	sp,sp,-16
    8336:	4585                	li	a1,1
    8338:	40000537          	lui	a0,0x40000
    833c:	c622                	sw	s0,12(sp)
    833e:	c426                	sw	s1,8(sp)
    8340:	c24a                	sw	s2,4(sp)
    8342:	1ed000ef          	jal	ra,8d2e <TIM_GetITStatus>
    8346:	c159                	beqz	a0,83cc <TIM2_IRQHandler+0x98>
    8348:	4585                	li	a1,1
    834a:	40000537          	lui	a0,0x40000
    834e:	1f9000ef          	jal	ra,8d46 <TIM_ClearITPendingBit>
    8352:	8961c783          	lbu	a5,-1898(gp) # 20000256 <bufCovnMark>
    8356:	c795                	beqz	a5,8382 <TIM2_IRQHandler+0x4e>
    8358:	89818713          	addi	a4,gp,-1896 # 20000258 <config>
    835c:	3318                	lbu	a4,1(a4)
    835e:	8ac1a783          	lw	a5,-1876(gp) # 2000026c <sendCount>
    8362:	cb3d                	beqz	a4,83d8 <TIM2_IRQHandler+0xa4>
    8364:	20001737          	lui	a4,0x20001
    8368:	68870713          	addi	a4,a4,1672 # 20001688 <outputBuff>
    836c:	97ba                	add	a5,a5,a4
    836e:	2388                	lbu	a0,0(a5)
    8370:	a53ff0ef          	jal	ra,7dc2 <bufCovn>
    8374:	8ac1a783          	lw	a5,-1876(gp) # 2000026c <sendCount>
    8378:	88018b23          	sb	zero,-1898(gp) # 20000256 <bufCovnMark>
    837c:	0785                	addi	a5,a5,1
    837e:	8af1a623          	sw	a5,-1876(gp) # 2000026c <sendCount>
    8382:	8b818713          	addi	a4,gp,-1864 # 20000278 <count.4751>
    8386:	4314                	lw	a3,0(a4)
    8388:	8bc1a783          	lw	a5,-1860(gp) # 2000027c <sendBufLen>
    838c:	8b818913          	addi	s2,gp,-1864 # 20000278 <count.4751>
    8390:	06f6f563          	bgeu	a3,a5,83fa <TIM2_IRQHandler+0xc6>
    8394:	200027b7          	lui	a5,0x20002
    8398:	88878793          	addi	a5,a5,-1912 # 20001888 <sendbuf>
    839c:	97b6                	add	a5,a5,a3
    839e:	239c                	lbu	a5,0(a5)
    83a0:	c3a9                	beqz	a5,83e2 <TIM2_IRQHandler+0xae>
    83a2:	400114b7          	lui	s1,0x40011
    83a6:	4605                	li	a2,1
    83a8:	4589                	li	a1,2
    83aa:	80048513          	addi	a0,s1,-2048 # 40010800 <_eusrstack+0x2000b800>
    83ae:	2369                	jal	8938 <GPIO_WriteBit>
    83b0:	8981c783          	lbu	a5,-1896(gp) # 20000258 <config>
    83b4:	c799                	beqz	a5,83c2 <TIM2_IRQHandler+0x8e>
    83b6:	4605                	li	a2,1
    83b8:	20000593          	li	a1,512
    83bc:	c0048513          	addi	a0,s1,-1024
    83c0:	2ba5                	jal	8938 <GPIO_WriteBit>
    83c2:	00092783          	lw	a5,0(s2)
    83c6:	0785                	addi	a5,a5,1
    83c8:	00f92023          	sw	a5,0(s2)
    83cc:	4432                	lw	s0,12(sp)
    83ce:	44a2                	lw	s1,8(sp)
    83d0:	4912                	lw	s2,4(sp)
    83d2:	0141                	addi	sp,sp,16
    83d4:	30200073          	mret
    83d8:	20001737          	lui	a4,0x20001
    83dc:	47c70713          	addi	a4,a4,1148 # 2000147c <inputBuff>
    83e0:	b771                	j	836c <TIM2_IRQHandler+0x38>
    83e2:	400114b7          	lui	s1,0x40011
    83e6:	4601                	li	a2,0
    83e8:	4589                	li	a1,2
    83ea:	80048513          	addi	a0,s1,-2048 # 40010800 <_eusrstack+0x2000b800>
    83ee:	23a9                	jal	8938 <GPIO_WriteBit>
    83f0:	8981c783          	lbu	a5,-1896(gp) # 20000258 <config>
    83f4:	d7f9                	beqz	a5,83c2 <TIM2_IRQHandler+0x8e>
    83f6:	4601                	li	a2,0
    83f8:	b7c1                	j	83b8 <TIM2_IRQHandler+0x84>
    83fa:	89818413          	addi	s0,gp,-1896 # 20000258 <config>
    83fe:	00072023          	sw	zero,0(a4)
    8402:	3018                	lbu	a4,1(s0)
    8404:	8ac1a783          	lw	a5,-1876(gp) # 2000026c <sendCount>
    8408:	c705                	beqz	a4,8430 <TIM2_IRQHandler+0xfc>
    840a:	8a41a603          	lw	a2,-1884(gp) # 20000264 <outputBuffSize>
    840e:	00c7f663          	bgeu	a5,a2,841a <TIM2_IRQHandler+0xe6>
    8412:	4785                	li	a5,1
    8414:	88f18b23          	sb	a5,-1898(gp) # 20000256 <bufCovnMark>
    8418:	bf55                	j	83cc <TIM2_IRQHandler+0x98>
    841a:	200017b7          	lui	a5,0x20001
    841e:	8a01a623          	sw	zero,-1876(gp) # 2000026c <sendCount>
    8422:	68078423          	sb	zero,1672(a5) # 20001688 <outputBuff>
    8426:	8a01a223          	sw	zero,-1884(gp) # 20000264 <outputBuffSize>
    842a:	953ff0ef          	jal	ra,7d7c <endSending>
    842e:	bf79                	j	83cc <TIM2_IRQHandler+0x98>
    8430:	89c1a703          	lw	a4,-1892(gp) # 2000025c <inputBuffSize>
    8434:	fce7efe3          	bltu	a5,a4,8412 <TIM2_IRQHandler+0xde>
    8438:	bfcd                	j	842a <TIM2_IRQHandler+0xf6>

0000843a <SystemInit>:
    843a:	400217b7          	lui	a5,0x40021
    843e:	4398                	lw	a4,0(a5)
    8440:	f0ff06b7          	lui	a3,0xf0ff0
    8444:	1141                	addi	sp,sp,-16
    8446:	00176713          	ori	a4,a4,1
    844a:	c398                	sw	a4,0(a5)
    844c:	43d8                	lw	a4,4(a5)
    844e:	00020637          	lui	a2,0x20
    8452:	8f75                	and	a4,a4,a3
    8454:	c3d8                	sw	a4,4(a5)
    8456:	4398                	lw	a4,0(a5)
    8458:	fef706b7          	lui	a3,0xfef70
    845c:	16fd                	addi	a3,a3,-1
    845e:	8f75                	and	a4,a4,a3
    8460:	c398                	sw	a4,0(a5)
    8462:	4398                	lw	a4,0(a5)
    8464:	fffc06b7          	lui	a3,0xfffc0
    8468:	16fd                	addi	a3,a3,-1
    846a:	8f75                	and	a4,a4,a3
    846c:	c398                	sw	a4,0(a5)
    846e:	43d8                	lw	a4,4(a5)
    8470:	ff0106b7          	lui	a3,0xff010
    8474:	16fd                	addi	a3,a3,-1
    8476:	8f75                	and	a4,a4,a3
    8478:	c3d8                	sw	a4,4(a5)
    847a:	009f0737          	lui	a4,0x9f0
    847e:	c798                	sw	a4,8(a5)
    8480:	c402                	sw	zero,8(sp)
    8482:	c602                	sw	zero,12(sp)
    8484:	4398                	lw	a4,0(a5)
    8486:	66c1                	lui	a3,0x10
    8488:	8f55                	or	a4,a4,a3
    848a:	c398                	sw	a4,0(a5)
    848c:	400216b7          	lui	a3,0x40021
    8490:	6705                	lui	a4,0x1
    8492:	429c                	lw	a5,0(a3)
    8494:	8ff1                	and	a5,a5,a2
    8496:	c63e                	sw	a5,12(sp)
    8498:	47a2                	lw	a5,8(sp)
    849a:	0785                	addi	a5,a5,1
    849c:	c43e                	sw	a5,8(sp)
    849e:	47b2                	lw	a5,12(sp)
    84a0:	e781                	bnez	a5,84a8 <SystemInit+0x6e>
    84a2:	47a2                	lw	a5,8(sp)
    84a4:	fee797e3          	bne	a5,a4,8492 <SystemInit+0x58>
    84a8:	400217b7          	lui	a5,0x40021
    84ac:	439c                	lw	a5,0(a5)
    84ae:	00e79713          	slli	a4,a5,0xe
    84b2:	06075763          	bgez	a4,8520 <SystemInit+0xe6>
    84b6:	4785                	li	a5,1
    84b8:	c63e                	sw	a5,12(sp)
    84ba:	4732                	lw	a4,12(sp)
    84bc:	4785                	li	a5,1
    84be:	04f71f63          	bne	a4,a5,851c <SystemInit+0xe2>
    84c2:	400217b7          	lui	a5,0x40021
    84c6:	43d8                	lw	a4,4(a5)
    84c8:	ffc106b7          	lui	a3,0xffc10
    84cc:	16fd                	addi	a3,a3,-1
    84ce:	c3d8                	sw	a4,4(a5)
    84d0:	43d8                	lw	a4,4(a5)
    84d2:	c3d8                	sw	a4,4(a5)
    84d4:	43d8                	lw	a4,4(a5)
    84d6:	40076713          	ori	a4,a4,1024
    84da:	c3d8                	sw	a4,4(a5)
    84dc:	43d8                	lw	a4,4(a5)
    84de:	8f75                	and	a4,a4,a3
    84e0:	c3d8                	sw	a4,4(a5)
    84e2:	43d8                	lw	a4,4(a5)
    84e4:	002906b7          	lui	a3,0x290
    84e8:	8f55                	or	a4,a4,a3
    84ea:	c3d8                	sw	a4,4(a5)
    84ec:	4398                	lw	a4,0(a5)
    84ee:	010006b7          	lui	a3,0x1000
    84f2:	8f55                	or	a4,a4,a3
    84f4:	c398                	sw	a4,0(a5)
    84f6:	4398                	lw	a4,0(a5)
    84f8:	00671693          	slli	a3,a4,0x6
    84fc:	fe06dde3          	bgez	a3,84f6 <SystemInit+0xbc>
    8500:	43d8                	lw	a4,4(a5)
    8502:	400216b7          	lui	a3,0x40021
    8506:	9b71                	andi	a4,a4,-4
    8508:	c3d8                	sw	a4,4(a5)
    850a:	43d8                	lw	a4,4(a5)
    850c:	00276713          	ori	a4,a4,2
    8510:	c3d8                	sw	a4,4(a5)
    8512:	4721                	li	a4,8
    8514:	42dc                	lw	a5,4(a3)
    8516:	8bb1                	andi	a5,a5,12
    8518:	fee79ee3          	bne	a5,a4,8514 <SystemInit+0xda>
    851c:	0141                	addi	sp,sp,16
    851e:	8082                	ret
    8520:	c602                	sw	zero,12(sp)
    8522:	bf61                	j	84ba <SystemInit+0x80>

00008524 <SystemCoreClockUpdate>:
    8524:	400216b7          	lui	a3,0x40021
    8528:	42dc                	lw	a5,4(a3)
    852a:	4611                	li	a2,4
    852c:	8bb1                	andi	a5,a5,12
    852e:	81418713          	addi	a4,gp,-2028 # 200001d4 <SystemCoreClock>
    8532:	00c78563          	beq	a5,a2,853c <SystemCoreClockUpdate+0x18>
    8536:	4621                	li	a2,8
    8538:	02c78863          	beq	a5,a2,8568 <SystemCoreClockUpdate+0x44>
    853c:	007a17b7          	lui	a5,0x7a1
    8540:	20078793          	addi	a5,a5,512 # 7a1200 <_data_lma+0x7954cc>
    8544:	c31c                	sw	a5,0(a4)
    8546:	400217b7          	lui	a5,0x40021
    854a:	43dc                	lw	a5,4(a5)
    854c:	8391                	srli	a5,a5,0x4
    854e:	00f7f693          	andi	a3,a5,15
    8552:	200007b7          	lui	a5,0x20000
    8556:	13c78793          	addi	a5,a5,316 # 2000013c <AHBPrescTable>
    855a:	97b6                	add	a5,a5,a3
    855c:	2394                	lbu	a3,0(a5)
    855e:	431c                	lw	a5,0(a4)
    8560:	00d7d7b3          	srl	a5,a5,a3
    8564:	c31c                	sw	a5,0(a4)
    8566:	8082                	ret
    8568:	42dc                	lw	a5,4(a3)
    856a:	42d4                	lw	a3,4(a3)
    856c:	6641                	lui	a2,0x10
    856e:	83c9                	srli	a5,a5,0x12
    8570:	8bbd                	andi	a5,a5,15
    8572:	8ef1                	and	a3,a3,a2
    8574:	0789                	addi	a5,a5,2
    8576:	4645                	li	a2,17
    8578:	00c79363          	bne	a5,a2,857e <SystemCoreClockUpdate+0x5a>
    857c:	47c9                	li	a5,18
    857e:	ee81                	bnez	a3,8596 <SystemCoreClockUpdate+0x72>
    8580:	400246b7          	lui	a3,0x40024
    8584:	8006a683          	lw	a3,-2048(a3) # 40023800 <_eusrstack+0x2001e800>
    8588:	8ac1                	andi	a3,a3,16
    858a:	ce89                	beqz	a3,85a4 <SystemCoreClockUpdate+0x80>
    858c:	007a16b7          	lui	a3,0x7a1
    8590:	20068693          	addi	a3,a3,512 # 7a1200 <_data_lma+0x7954cc>
    8594:	a821                	j	85ac <SystemCoreClockUpdate+0x88>
    8596:	400216b7          	lui	a3,0x40021
    859a:	42d4                	lw	a3,4(a3)
    859c:	00e69613          	slli	a2,a3,0xe
    85a0:	fe0656e3          	bgez	a2,858c <SystemCoreClockUpdate+0x68>
    85a4:	003d16b7          	lui	a3,0x3d1
    85a8:	90068693          	addi	a3,a3,-1792 # 3d0900 <_data_lma+0x3c4bcc>
    85ac:	02d787b3          	mul	a5,a5,a3
    85b0:	bf51                	j	8544 <SystemCoreClockUpdate+0x20>

000085b2 <ADC1_2_IRQHandler>:
    85b2:	a001                	j	85b2 <ADC1_2_IRQHandler>

000085b4 <handle_reset>:
    85b4:	1fff8197          	auipc	gp,0x1fff8
    85b8:	40c18193          	addi	gp,gp,1036 # 200009c0 <__global_pointer$>
    85bc:	1fffd117          	auipc	sp,0x1fffd
    85c0:	a4410113          	addi	sp,sp,-1468 # 20005000 <_eusrstack>
    85c4:	00003517          	auipc	a0,0x3
    85c8:	77050513          	addi	a0,a0,1904 # bd34 <_data_lma>
    85cc:	1fff8597          	auipc	a1,0x1fff8
    85d0:	a3458593          	addi	a1,a1,-1484 # 20000000 <_data_vma>
    85d4:	89018613          	addi	a2,gp,-1904 # 20000250 <_edata>
    85d8:	00c5fa63          	bgeu	a1,a2,85ec <handle_reset+0x38>
    85dc:	00052283          	lw	t0,0(a0)
    85e0:	0055a023          	sw	t0,0(a1)
    85e4:	0511                	addi	a0,a0,4
    85e6:	0591                	addi	a1,a1,4
    85e8:	fec5eae3          	bltu	a1,a2,85dc <handle_reset+0x28>
    85ec:	89018513          	addi	a0,gp,-1904 # 20000250 <_edata>
    85f0:	1fff9597          	auipc	a1,0x1fff9
    85f4:	2b858593          	addi	a1,a1,696 # 200018a8 <_ebss>
    85f8:	00b57763          	bgeu	a0,a1,8606 <handle_reset+0x52>
    85fc:	00052023          	sw	zero,0(a0)
    8600:	0511                	addi	a0,a0,4
    8602:	feb56de3          	bltu	a0,a1,85fc <handle_reset+0x48>
    8606:	42fd                	li	t0,31
    8608:	bc029073          	csrw	0xbc0,t0
    860c:	428d                	li	t0,3
    860e:	80429073          	csrw	0x804,t0
    8612:	08800293          	li	t0,136
    8616:	30029073          	csrw	mstatus,t0
    861a:	ffffd297          	auipc	t0,0xffffd
    861e:	9ea28293          	addi	t0,t0,-1558 # 5004 <_einit>
    8622:	0032e293          	ori	t0,t0,3
    8626:	30529073          	csrw	mtvec,t0
    862a:	e11ff0ef          	jal	ra,843a <SystemInit>
    862e:	fffff297          	auipc	t0,0xfffff
    8632:	39e28293          	addi	t0,t0,926 # 79cc <main>
    8636:	34129073          	csrw	mepc,t0
    863a:	30200073          	mret

0000863e <DBGMCU_GetCHIPID>:
    863e:	1ffff7b7          	lui	a5,0x1ffff
    8642:	7047a503          	lw	a0,1796(a5) # 1ffff704 <_data_lma+0x1fff39d0>
    8646:	8082                	ret

00008648 <FLASH_Unlock>:
    8648:	456707b7          	lui	a5,0x45670
    864c:	40022737          	lui	a4,0x40022
    8650:	12378793          	addi	a5,a5,291 # 45670123 <_eusrstack+0x2566b123>
    8654:	c35c                	sw	a5,4(a4)
    8656:	cdef97b7          	lui	a5,0xcdef9
    865a:	9ab78793          	addi	a5,a5,-1621 # cdef89ab <_eusrstack+0xadef39ab>
    865e:	c35c                	sw	a5,4(a4)
    8660:	8082                	ret

00008662 <FLASH_Lock>:
    8662:	40022737          	lui	a4,0x40022
    8666:	4b1c                	lw	a5,16(a4)
    8668:	0807e793          	ori	a5,a5,128
    866c:	cb1c                	sw	a5,16(a4)
    866e:	8082                	ret

00008670 <FLASH_ClearFlag>:
    8670:	400227b7          	lui	a5,0x40022
    8674:	c7c8                	sw	a0,12(a5)
    8676:	8082                	ret

00008678 <FLASH_GetBank1Status>:
    8678:	40022737          	lui	a4,0x40022
    867c:	475c                	lw	a5,12(a4)
    867e:	4505                	li	a0,1
    8680:	8b85                	andi	a5,a5,1
    8682:	e791                	bnez	a5,868e <FLASH_GetBank1Status+0x16>
    8684:	4748                	lw	a0,12(a4)
    8686:	8941                	andi	a0,a0,16
    8688:	00153513          	seqz	a0,a0
    868c:	050d                	addi	a0,a0,3
    868e:	8082                	ret

00008690 <FLASH_WaitForLastOperation>:
    8690:	aa1fc2ef          	jal	t0,5130 <__riscv_save_0>
    8694:	842a                	mv	s0,a0
    8696:	4485                	li	s1,1
    8698:	fe1ff0ef          	jal	ra,8678 <FLASH_GetBank1Status>
    869c:	00951963          	bne	a0,s1,86ae <FLASH_WaitForLastOperation+0x1e>
    86a0:	e019                	bnez	s0,86a6 <FLASH_WaitForLastOperation+0x16>
    86a2:	4515                	li	a0,5
    86a4:	a031                	j	86b0 <FLASH_WaitForLastOperation+0x20>
    86a6:	fd3ff0ef          	jal	ra,8678 <FLASH_GetBank1Status>
    86aa:	147d                	addi	s0,s0,-1
    86ac:	bfc5                	j	869c <FLASH_WaitForLastOperation+0xc>
    86ae:	d875                	beqz	s0,86a2 <FLASH_WaitForLastOperation+0x12>
    86b0:	aa5fc06f          	j	5154 <__riscv_restore_0>

000086b4 <FLASH_ErasePage>:
    86b4:	a7dfc2ef          	jal	t0,5130 <__riscv_save_0>
    86b8:	84aa                	mv	s1,a0
    86ba:	000b0537          	lui	a0,0xb0
    86be:	fd3ff0ef          	jal	ra,8690 <FLASH_WaitForLastOperation>
    86c2:	4791                	li	a5,4
    86c4:	02f51463          	bne	a0,a5,86ec <FLASH_ErasePage+0x38>
    86c8:	40022437          	lui	s0,0x40022
    86cc:	481c                	lw	a5,16(s0)
    86ce:	000b0537          	lui	a0,0xb0
    86d2:	0027e793          	ori	a5,a5,2
    86d6:	c81c                	sw	a5,16(s0)
    86d8:	c844                	sw	s1,20(s0)
    86da:	481c                	lw	a5,16(s0)
    86dc:	0407e793          	ori	a5,a5,64
    86e0:	c81c                	sw	a5,16(s0)
    86e2:	fafff0ef          	jal	ra,8690 <FLASH_WaitForLastOperation>
    86e6:	481c                	lw	a5,16(s0)
    86e8:	9bf5                	andi	a5,a5,-3
    86ea:	c81c                	sw	a5,16(s0)
    86ec:	a69fc06f          	j	5154 <__riscv_restore_0>

000086f0 <FLASH_ProgramWord>:
    86f0:	a27fc2ef          	jal	t0,5116 <__riscv_save_4>
    86f4:	1141                	addi	sp,sp,-16
    86f6:	892a                	mv	s2,a0
    86f8:	6515                	lui	a0,0x5
    86fa:	84ae                	mv	s1,a1
    86fc:	c602                	sw	zero,12(sp)
    86fe:	4991                	li	s3,4
    8700:	f91ff0ef          	jal	ra,8690 <FLASH_WaitForLastOperation>
    8704:	03351d63          	bne	a0,s3,873e <FLASH_ProgramWord+0x4e>
    8708:	40022437          	lui	s0,0x40022
    870c:	481c                	lw	a5,16(s0)
    870e:	6515                	lui	a0,0x5
    8710:	0017e793          	ori	a5,a5,1
    8714:	c81c                	sw	a5,16(s0)
    8716:	01049793          	slli	a5,s1,0x10
    871a:	83c1                	srli	a5,a5,0x10
    871c:	00f91023          	sh	a5,0(s2)
    8720:	f71ff0ef          	jal	ra,8690 <FLASH_WaitForLastOperation>
    8724:	01351a63          	bne	a0,s3,8738 <FLASH_ProgramWord+0x48>
    8728:	0909                	addi	s2,s2,2
    872a:	c64a                	sw	s2,12(sp)
    872c:	47b2                	lw	a5,12(sp)
    872e:	80c1                	srli	s1,s1,0x10
    8730:	6515                	lui	a0,0x5
    8732:	a386                	sh	s1,0(a5)
    8734:	f5dff0ef          	jal	ra,8690 <FLASH_WaitForLastOperation>
    8738:	481c                	lw	a5,16(s0)
    873a:	9bf9                	andi	a5,a5,-2
    873c:	c81c                	sw	a5,16(s0)
    873e:	0141                	addi	sp,sp,16
    8740:	a0bfc06f          	j	514a <__riscv_restore_4>

00008744 <FLASH_ROM_WRITE>:
    8744:	f80007b7          	lui	a5,0xf8000
    8748:	97aa                	add	a5,a5,a0
    874a:	00038737          	lui	a4,0x38
    874e:	0ae7ff63          	bgeu	a5,a4,880c <FLASH_ROM_WRITE+0xc8>
    8752:	00c50733          	add	a4,a0,a2
    8756:	080386b7          	lui	a3,0x8038
    875a:	0fd00793          	li	a5,253
    875e:	0ae6e563          	bltu	a3,a4,8808 <FLASH_ROM_WRITE+0xc4>
    8762:	00c56733          	or	a4,a0,a2
    8766:	0ff77713          	andi	a4,a4,255
    876a:	0fe00793          	li	a5,254
    876e:	ef49                	bnez	a4,8808 <FLASH_ROM_WRITE+0xc4>
    8770:	ce41                	beqz	a2,8808 <FLASH_ROM_WRITE+0xc4>
    8772:	456706b7          	lui	a3,0x45670
    8776:	400227b7          	lui	a5,0x40022
    877a:	12368693          	addi	a3,a3,291 # 45670123 <_eusrstack+0x2566b123>
    877e:	cdef9737          	lui	a4,0xcdef9
    8782:	c3d4                	sw	a3,4(a5)
    8784:	9ab70713          	addi	a4,a4,-1621 # cdef89ab <_eusrstack+0xadef39ab>
    8788:	c3d8                	sw	a4,4(a5)
    878a:	d3d4                	sw	a3,36(a5)
    878c:	76c1                	lui	a3,0xffff0
    878e:	8221                	srli	a2,a2,0x8
    8790:	d3d8                	sw	a4,36(a5)
    8792:	8d89                	sub	a1,a1,a0
    8794:	68c1                	lui	a7,0x10
    8796:	10000313          	li	t1,256
    879a:	00200e37          	lui	t3,0x200
    879e:	16fd                	addi	a3,a3,-1
    87a0:	4b98                	lw	a4,16(a5)
    87a2:	00a58eb3          	add	t4,a1,a0
    87a6:	01176733          	or	a4,a4,a7
    87aa:	cb98                	sw	a4,16(a5)
    87ac:	47d8                	lw	a4,12(a5)
    87ae:	8b05                	andi	a4,a4,1
    87b0:	ff75                	bnez	a4,87ac <FLASH_ROM_WRITE+0x68>
    87b2:	47d8                	lw	a4,12(a5)
    87b4:	8b09                	andi	a4,a4,2
    87b6:	ff75                	bnez	a4,87b2 <FLASH_ROM_WRITE+0x6e>
    87b8:	00ee8833          	add	a6,t4,a4
    87bc:	00082f03          	lw	t5,0(a6)
    87c0:	00e50833          	add	a6,a0,a4
    87c4:	01e82023          	sw	t5,0(a6)
    87c8:	00c7a803          	lw	a6,12(a5) # 4002200c <_eusrstack+0x2001d00c>
    87cc:	00287813          	andi	a6,a6,2
    87d0:	fe081ce3          	bnez	a6,87c8 <FLASH_ROM_WRITE+0x84>
    87d4:	0711                	addi	a4,a4,4
    87d6:	fe6711e3          	bne	a4,t1,87b8 <FLASH_ROM_WRITE+0x74>
    87da:	4b98                	lw	a4,16(a5)
    87dc:	10050513          	addi	a0,a0,256 # 5100 <__riscv_save_12>
    87e0:	01c76733          	or	a4,a4,t3
    87e4:	cb98                	sw	a4,16(a5)
    87e6:	47d8                	lw	a4,12(a5)
    87e8:	8b05                	andi	a4,a4,1
    87ea:	ff75                	bnez	a4,87e6 <FLASH_ROM_WRITE+0xa2>
    87ec:	4b98                	lw	a4,16(a5)
    87ee:	167d                	addi	a2,a2,-1
    87f0:	8f75                	and	a4,a4,a3
    87f2:	cb98                	sw	a4,16(a5)
    87f4:	f655                	bnez	a2,87a0 <FLASH_ROM_WRITE+0x5c>
    87f6:	4b98                	lw	a4,16(a5)
    87f8:	66a1                	lui	a3,0x8
    87fa:	8f55                	or	a4,a4,a3
    87fc:	cb98                	sw	a4,16(a5)
    87fe:	4b98                	lw	a4,16(a5)
    8800:	08076713          	ori	a4,a4,128
    8804:	cb98                	sw	a4,16(a5)
    8806:	4791                	li	a5,4
    8808:	853e                	mv	a0,a5
    880a:	8082                	ret
    880c:	0ff00793          	li	a5,255
    8810:	bfe5                	j	8808 <FLASH_ROM_WRITE+0xc4>

00008812 <GPIO_Init>:
    8812:	459c                	lw	a5,8(a1)
    8814:	0107f713          	andi	a4,a5,16
    8818:	00f7f813          	andi	a6,a5,15
    881c:	c701                	beqz	a4,8824 <GPIO_Init+0x12>
    881e:	41d8                	lw	a4,4(a1)
    8820:	00e86833          	or	a6,a6,a4
    8824:	40022737          	lui	a4,0x40022
    8828:	5b14                	lw	a3,48(a4)
    882a:	0f000737          	lui	a4,0xf000
    882e:	8f75                	and	a4,a4,a3
    8830:	eb4d                	bnez	a4,88e2 <GPIO_Init+0xd0>
    8832:	4685                	li	a3,1
    8834:	8cd18023          	sb	a3,-1856(gp) # 20000280 <MCU_Version>
    8838:	40011737          	lui	a4,0x40011
    883c:	00e51563          	bne	a0,a4,8846 <GPIO_Init+0x34>
    8840:	219a                	lhu	a4,0(a1)
    8842:	8335                	srli	a4,a4,0xd
    8844:	a19a                	sh	a4,0(a1)
    8846:	218e                	lhu	a1,0(a1)
    8848:	0ff5f713          	andi	a4,a1,255
    884c:	c339                	beqz	a4,8892 <GPIO_Init+0x80>
    884e:	4118                	lw	a4,0(a0)
    8850:	4681                	li	a3,0
    8852:	4e85                	li	t4,1
    8854:	4f3d                	li	t5,15
    8856:	02800f93          	li	t6,40
    885a:	04800293          	li	t0,72
    885e:	4e21                	li	t3,8
    8860:	00de9633          	sll	a2,t4,a3
    8864:	00c5f8b3          	and	a7,a1,a2
    8868:	03161163          	bne	a2,a7,888a <GPIO_Init+0x78>
    886c:	00269893          	slli	a7,a3,0x2
    8870:	011f1333          	sll	t1,t5,a7
    8874:	fff34313          	not	t1,t1
    8878:	00e37733          	and	a4,t1,a4
    887c:	011818b3          	sll	a7,a6,a7
    8880:	00e8e733          	or	a4,a7,a4
    8884:	07f79763          	bne	a5,t6,88f2 <GPIO_Init+0xe0>
    8888:	c950                	sw	a2,20(a0)
    888a:	0685                	addi	a3,a3,1
    888c:	fdc69ae3          	bne	a3,t3,8860 <GPIO_Init+0x4e>
    8890:	c118                	sw	a4,0(a0)
    8892:	0ff00713          	li	a4,255
    8896:	04b77563          	bgeu	a4,a1,88e0 <GPIO_Init+0xce>
    889a:	4154                	lw	a3,4(a0)
    889c:	4621                	li	a2,8
    889e:	4e85                	li	t4,1
    88a0:	4f3d                	li	t5,15
    88a2:	02800f93          	li	t6,40
    88a6:	04800293          	li	t0,72
    88aa:	4e41                	li	t3,16
    88ac:	00ce98b3          	sll	a7,t4,a2
    88b0:	0115f733          	and	a4,a1,a7
    88b4:	02e89263          	bne	a7,a4,88d8 <GPIO_Init+0xc6>
    88b8:	00261713          	slli	a4,a2,0x2
    88bc:	1701                	addi	a4,a4,-32
    88be:	00ef1333          	sll	t1,t5,a4
    88c2:	fff34313          	not	t1,t1
    88c6:	00d376b3          	and	a3,t1,a3
    88ca:	00e81733          	sll	a4,a6,a4
    88ce:	8ed9                	or	a3,a3,a4
    88d0:	03f79563          	bne	a5,t6,88fa <GPIO_Init+0xe8>
    88d4:	01152a23          	sw	a7,20(a0)
    88d8:	0605                	addi	a2,a2,1
    88da:	fdc619e3          	bne	a2,t3,88ac <GPIO_Init+0x9a>
    88de:	c154                	sw	a3,4(a0)
    88e0:	8082                	ret
    88e2:	40011737          	lui	a4,0x40011
    88e6:	f6e510e3          	bne	a0,a4,8846 <GPIO_Init+0x34>
    88ea:	8c01c703          	lbu	a4,-1856(gp) # 20000280 <MCU_Version>
    88ee:	df21                	beqz	a4,8846 <GPIO_Init+0x34>
    88f0:	bf81                	j	8840 <GPIO_Init+0x2e>
    88f2:	f8579ce3          	bne	a5,t0,888a <GPIO_Init+0x78>
    88f6:	c910                	sw	a2,16(a0)
    88f8:	bf49                	j	888a <GPIO_Init+0x78>
    88fa:	fc579fe3          	bne	a5,t0,88d8 <GPIO_Init+0xc6>
    88fe:	01152823          	sw	a7,16(a0)
    8902:	bfd9                	j	88d8 <GPIO_Init+0xc6>

00008904 <GPIO_ReadInputDataBit>:
    8904:	400117b7          	lui	a5,0x40011
    8908:	00f51663          	bne	a0,a5,8914 <GPIO_ReadInputDataBit+0x10>
    890c:	8c01c783          	lbu	a5,-1856(gp) # 20000280 <MCU_Version>
    8910:	c391                	beqz	a5,8914 <GPIO_ReadInputDataBit+0x10>
    8912:	81b5                	srli	a1,a1,0xd
    8914:	4508                	lw	a0,8(a0)
    8916:	8d6d                	and	a0,a0,a1
    8918:	00a03533          	snez	a0,a0
    891c:	8082                	ret

0000891e <GPIO_ReadOutputDataBit>:
    891e:	400117b7          	lui	a5,0x40011
    8922:	00f51663          	bne	a0,a5,892e <GPIO_ReadOutputDataBit+0x10>
    8926:	8c01c783          	lbu	a5,-1856(gp) # 20000280 <MCU_Version>
    892a:	c391                	beqz	a5,892e <GPIO_ReadOutputDataBit+0x10>
    892c:	81b5                	srli	a1,a1,0xd
    892e:	4548                	lw	a0,12(a0)
    8930:	8d6d                	and	a0,a0,a1
    8932:	00a03533          	snez	a0,a0
    8936:	8082                	ret

00008938 <GPIO_WriteBit>:
    8938:	400117b7          	lui	a5,0x40011
    893c:	00f51663          	bne	a0,a5,8948 <GPIO_WriteBit+0x10>
    8940:	8c01c783          	lbu	a5,-1856(gp) # 20000280 <MCU_Version>
    8944:	c391                	beqz	a5,8948 <GPIO_WriteBit+0x10>
    8946:	81b5                	srli	a1,a1,0xd
    8948:	c219                	beqz	a2,894e <GPIO_WriteBit+0x16>
    894a:	c90c                	sw	a1,16(a0)
    894c:	8082                	ret
    894e:	c94c                	sw	a1,20(a0)
    8950:	8082                	ret

00008952 <I2C_Init>:
    8952:	fdefc2ef          	jal	t0,5130 <__riscv_save_0>
    8956:	7179                	addi	sp,sp,-48
    8958:	2146                	lhu	s1,4(a0)
    895a:	842a                	mv	s0,a0
    895c:	0868                	addi	a0,sp,28
    895e:	c62e                	sw	a1,12(sp)
    8960:	240d                	jal	8b82 <RCC_GetClocksFreq>
    8962:	5792                	lw	a5,36(sp)
    8964:	000f4737          	lui	a4,0xf4
    8968:	24070713          	addi	a4,a4,576 # f4240 <_data_lma+0xe850c>
    896c:	02e7d733          	divu	a4,a5,a4
    8970:	04c2                	slli	s1,s1,0x10
    8972:	80c1                	srli	s1,s1,0x10
    8974:	fc04f493          	andi	s1,s1,-64
    8978:	04c2                	slli	s1,s1,0x10
    897a:	039386b7          	lui	a3,0x3938
    897e:	80c1                	srli	s1,s1,0x10
    8980:	6ff68693          	addi	a3,a3,1791 # 39386ff <_data_lma+0x392c9cb>
    8984:	45b2                	lw	a1,12(sp)
    8986:	0742                	slli	a4,a4,0x10
    8988:	8341                	srli	a4,a4,0x10
    898a:	8cd9                	or	s1,s1,a4
    898c:	00f6f463          	bgeu	a3,a5,8994 <I2C_Init+0x42>
    8990:	03c00713          	li	a4,60
    8994:	a046                	sh	s1,4(s0)
    8996:	2016                	lhu	a3,0(s0)
    8998:	6661                	lui	a2,0x18
    899a:	6a060613          	addi	a2,a2,1696 # 186a0 <_data_lma+0xc96c>
    899e:	06c2                	slli	a3,a3,0x10
    89a0:	82c1                	srli	a3,a3,0x10
    89a2:	9af9                	andi	a3,a3,-2
    89a4:	06c2                	slli	a3,a3,0x10
    89a6:	82c1                	srli	a3,a3,0x10
    89a8:	a016                	sh	a3,0(s0)
    89aa:	4194                	lw	a3,0(a1)
    89ac:	04d66963          	bltu	a2,a3,89fe <I2C_Init+0xac>
    89b0:	0686                	slli	a3,a3,0x1
    89b2:	02d7d7b3          	divu	a5,a5,a3
    89b6:	4611                	li	a2,4
    89b8:	01079693          	slli	a3,a5,0x10
    89bc:	82c1                	srli	a3,a3,0x10
    89be:	87b6                	mv	a5,a3
    89c0:	00c6f363          	bgeu	a3,a2,89c6 <I2C_Init+0x74>
    89c4:	4791                	li	a5,4
    89c6:	07c2                	slli	a5,a5,0x10
    89c8:	83c1                	srli	a5,a5,0x10
    89ca:	0705                	addi	a4,a4,1
    89cc:	0742                	slli	a4,a4,0x10
    89ce:	8341                	srli	a4,a4,0x10
    89d0:	b01a                	sh	a4,32(s0)
    89d2:	ac5e                	sh	a5,28(s0)
    89d4:	201e                	lhu	a5,0(s0)
    89d6:	21da                	lhu	a4,4(a1)
    89d8:	25b6                	lhu	a3,10(a1)
    89da:	0017e793          	ori	a5,a5,1
    89de:	a01e                	sh	a5,0(s0)
    89e0:	201e                	lhu	a5,0(s0)
    89e2:	8f55                	or	a4,a4,a3
    89e4:	07c2                	slli	a5,a5,0x10
    89e6:	83c1                	srli	a5,a5,0x10
    89e8:	bf57f793          	andi	a5,a5,-1035
    89ec:	8fd9                	or	a5,a5,a4
    89ee:	a01e                	sh	a5,0(s0)
    89f0:	259a                	lhu	a4,8(a1)
    89f2:	25de                	lhu	a5,12(a1)
    89f4:	8fd9                	or	a5,a5,a4
    89f6:	a41e                	sh	a5,8(s0)
    89f8:	6145                	addi	sp,sp,48
    89fa:	f5afc06f          	j	5154 <__riscv_restore_0>
    89fe:	21ea                	lhu	a0,6(a1)
    8a00:	6631                	lui	a2,0xc
    8a02:	167d                	addi	a2,a2,-1
    8a04:	02c51963          	bne	a0,a2,8a36 <I2C_Init+0xe4>
    8a08:	460d                	li	a2,3
    8a0a:	02c686b3          	mul	a3,a3,a2
    8a0e:	02d7d7b3          	divu	a5,a5,a3
    8a12:	07c2                	slli	a5,a5,0x10
    8a14:	83c1                	srli	a5,a5,0x10
    8a16:	01479693          	slli	a3,a5,0x14
    8a1a:	e299                	bnez	a3,8a20 <I2C_Init+0xce>
    8a1c:	0017e793          	ori	a5,a5,1
    8a20:	66a1                	lui	a3,0x8
    8a22:	8fd5                	or	a5,a5,a3
    8a24:	12c00693          	li	a3,300
    8a28:	02d70733          	mul	a4,a4,a3
    8a2c:	3e800693          	li	a3,1000
    8a30:	02d74733          	div	a4,a4,a3
    8a34:	bf59                	j	89ca <I2C_Init+0x78>
    8a36:	4665                	li	a2,25
    8a38:	02c686b3          	mul	a3,a3,a2
    8a3c:	02d7d7b3          	divu	a5,a5,a3
    8a40:	6691                	lui	a3,0x4
    8a42:	07c2                	slli	a5,a5,0x10
    8a44:	83c1                	srli	a5,a5,0x10
    8a46:	8fd5                	or	a5,a5,a3
    8a48:	b7f9                	j	8a16 <I2C_Init+0xc4>

00008a4a <I2C_Cmd>:
    8a4a:	211e                	lhu	a5,0(a0)
    8a4c:	c589                	beqz	a1,8a56 <I2C_Cmd+0xc>
    8a4e:	0017e793          	ori	a5,a5,1
    8a52:	a11e                	sh	a5,0(a0)
    8a54:	8082                	ret
    8a56:	07c2                	slli	a5,a5,0x10
    8a58:	83c1                	srli	a5,a5,0x10
    8a5a:	9bf9                	andi	a5,a5,-2
    8a5c:	07c2                	slli	a5,a5,0x10
    8a5e:	83c1                	srli	a5,a5,0x10
    8a60:	bfcd                	j	8a52 <I2C_Cmd+0x8>

00008a62 <I2C_GenerateSTART>:
    8a62:	211e                	lhu	a5,0(a0)
    8a64:	c589                	beqz	a1,8a6e <I2C_GenerateSTART+0xc>
    8a66:	1007e793          	ori	a5,a5,256
    8a6a:	a11e                	sh	a5,0(a0)
    8a6c:	8082                	ret
    8a6e:	07c2                	slli	a5,a5,0x10
    8a70:	83c1                	srli	a5,a5,0x10
    8a72:	eff7f793          	andi	a5,a5,-257
    8a76:	07c2                	slli	a5,a5,0x10
    8a78:	83c1                	srli	a5,a5,0x10
    8a7a:	bfc5                	j	8a6a <I2C_GenerateSTART+0x8>

00008a7c <I2C_GenerateSTOP>:
    8a7c:	211e                	lhu	a5,0(a0)
    8a7e:	c589                	beqz	a1,8a88 <I2C_GenerateSTOP+0xc>
    8a80:	2007e793          	ori	a5,a5,512
    8a84:	a11e                	sh	a5,0(a0)
    8a86:	8082                	ret
    8a88:	07c2                	slli	a5,a5,0x10
    8a8a:	83c1                	srli	a5,a5,0x10
    8a8c:	dff7f793          	andi	a5,a5,-513
    8a90:	07c2                	slli	a5,a5,0x10
    8a92:	83c1                	srli	a5,a5,0x10
    8a94:	bfc5                	j	8a84 <I2C_GenerateSTOP+0x8>

00008a96 <I2C_AcknowledgeConfig>:
    8a96:	211e                	lhu	a5,0(a0)
    8a98:	c589                	beqz	a1,8aa2 <I2C_AcknowledgeConfig+0xc>
    8a9a:	4007e793          	ori	a5,a5,1024
    8a9e:	a11e                	sh	a5,0(a0)
    8aa0:	8082                	ret
    8aa2:	07c2                	slli	a5,a5,0x10
    8aa4:	83c1                	srli	a5,a5,0x10
    8aa6:	bff7f793          	andi	a5,a5,-1025
    8aaa:	07c2                	slli	a5,a5,0x10
    8aac:	83c1                	srli	a5,a5,0x10
    8aae:	bfc5                	j	8a9e <I2C_AcknowledgeConfig+0x8>

00008ab0 <I2C_SendData>:
    8ab0:	a90e                	sh	a1,16(a0)
    8ab2:	8082                	ret

00008ab4 <I2C_Send7bitAddress>:
    8ab4:	0fe5f793          	andi	a5,a1,254
    8ab8:	c219                	beqz	a2,8abe <I2C_Send7bitAddress+0xa>
    8aba:	0015e793          	ori	a5,a1,1
    8abe:	07c2                	slli	a5,a5,0x10
    8ac0:	83c1                	srli	a5,a5,0x10
    8ac2:	a91e                	sh	a5,16(a0)
    8ac4:	8082                	ret

00008ac6 <I2C_CheckEvent>:
    8ac6:	295e                	lhu	a5,20(a0)
    8ac8:	2d0a                	lhu	a0,24(a0)
    8aca:	0542                	slli	a0,a0,0x10
    8acc:	8d5d                	or	a0,a0,a5
    8ace:	8d6d                	and	a0,a0,a1
    8ad0:	0522                	slli	a0,a0,0x8
    8ad2:	8121                	srli	a0,a0,0x8
    8ad4:	8d0d                	sub	a0,a0,a1
    8ad6:	00153513          	seqz	a0,a0
    8ada:	8082                	ret

00008adc <I2C_GetFlagStatus>:
    8adc:	1141                	addi	sp,sp,-16
    8ade:	c402                	sw	zero,8(sp)
    8ae0:	c602                	sw	zero,12(sp)
    8ae2:	01c5d793          	srli	a5,a1,0x1c
    8ae6:	c62a                	sw	a0,12(sp)
    8ae8:	c43e                	sw	a5,8(sp)
    8aea:	47a2                	lw	a5,8(sp)
    8aec:	05a2                	slli	a1,a1,0x8
    8aee:	81a1                	srli	a1,a1,0x8
    8af0:	cb99                	beqz	a5,8b06 <I2C_GetFlagStatus+0x2a>
    8af2:	47b2                	lw	a5,12(sp)
    8af4:	07d1                	addi	a5,a5,20
    8af6:	c63e                	sw	a5,12(sp)
    8af8:	47b2                	lw	a5,12(sp)
    8afa:	4388                	lw	a0,0(a5)
    8afc:	0141                	addi	sp,sp,16
    8afe:	8d6d                	and	a0,a0,a1
    8b00:	00a03533          	snez	a0,a0
    8b04:	8082                	ret
    8b06:	47b2                	lw	a5,12(sp)
    8b08:	81c1                	srli	a1,a1,0x10
    8b0a:	07e1                	addi	a5,a5,24
    8b0c:	b7ed                	j	8af6 <I2C_GetFlagStatus+0x1a>

00008b0e <NVIC_PriorityGroupConfig>:
    8b0e:	8ca1a223          	sw	a0,-1852(gp) # 20000284 <NVIC_Priority_Group>
    8b12:	8082                	ret

00008b14 <NVIC_Init>:
    8b14:	8c41a703          	lw	a4,-1852(gp) # 20000284 <NVIC_Priority_Group>
    8b18:	4785                	li	a5,1
    8b1a:	2114                	lbu	a3,0(a0)
    8b1c:	02f71063          	bne	a4,a5,8b3c <NVIC_Init+0x28>
    8b20:	311c                	lbu	a5,1(a0)
    8b22:	02e79c63          	bne	a5,a4,8b5a <NVIC_Init+0x46>
    8b26:	213c                	lbu	a5,2(a0)
    8b28:	0796                	slli	a5,a5,0x5
    8b2a:	f807e793          	ori	a5,a5,-128
    8b2e:	e000e737          	lui	a4,0xe000e
    8b32:	0ff7f793          	andi	a5,a5,255
    8b36:	9736                	add	a4,a4,a3
    8b38:	40f70023          	sb	a5,1024(a4) # e000e400 <_eusrstack+0xc0009400>
    8b3c:	4705                	li	a4,1
    8b3e:	0056d793          	srli	a5,a3,0x5
    8b42:	00d71733          	sll	a4,a4,a3
    8b46:	4154                	lw	a3,4(a0)
    8b48:	ce89                	beqz	a3,8b62 <NVIC_Init+0x4e>
    8b4a:	04078793          	addi	a5,a5,64 # 40011040 <_eusrstack+0x2000c040>
    8b4e:	078a                	slli	a5,a5,0x2
    8b50:	e000e6b7          	lui	a3,0xe000e
    8b54:	97b6                	add	a5,a5,a3
    8b56:	c398                	sw	a4,0(a5)
    8b58:	8082                	ret
    8b5a:	f3ed                	bnez	a5,8b3c <NVIC_Init+0x28>
    8b5c:	213c                	lbu	a5,2(a0)
    8b5e:	0796                	slli	a5,a5,0x5
    8b60:	b7f9                	j	8b2e <NVIC_Init+0x1a>
    8b62:	06078793          	addi	a5,a5,96
    8b66:	b7e5                	j	8b4e <NVIC_Init+0x3a>

00008b68 <RCC_USBCLKConfig>:
    8b68:	400217b7          	lui	a5,0x40021
    8b6c:	43d8                	lw	a4,4(a5)
    8b6e:	ff4006b7          	lui	a3,0xff400
    8b72:	16fd                	addi	a3,a3,-1
    8b74:	8f75                	and	a4,a4,a3
    8b76:	c3d8                	sw	a4,4(a5)
    8b78:	43d8                	lw	a4,4(a5)
    8b7a:	055a                	slli	a0,a0,0x16
    8b7c:	8d59                	or	a0,a0,a4
    8b7e:	c3c8                	sw	a0,4(a5)
    8b80:	8082                	ret

00008b82 <RCC_GetClocksFreq>:
    8b82:	40021737          	lui	a4,0x40021
    8b86:	435c                	lw	a5,4(a4)
    8b88:	4691                	li	a3,4
    8b8a:	8bb1                	andi	a5,a5,12
    8b8c:	00d78563          	beq	a5,a3,8b96 <RCC_GetClocksFreq+0x14>
    8b90:	46a1                	li	a3,8
    8b92:	06d78263          	beq	a5,a3,8bf6 <RCC_GetClocksFreq+0x74>
    8b96:	007a17b7          	lui	a5,0x7a1
    8b9a:	20078793          	addi	a5,a5,512 # 7a1200 <_data_lma+0x7954cc>
    8b9e:	c11c                	sw	a5,0(a0)
    8ba0:	40021637          	lui	a2,0x40021
    8ba4:	425c                	lw	a5,4(a2)
    8ba6:	20000737          	lui	a4,0x20000
    8baa:	14c70713          	addi	a4,a4,332 # 2000014c <APBAHBPrescTable>
    8bae:	8391                	srli	a5,a5,0x4
    8bb0:	8bbd                	andi	a5,a5,15
    8bb2:	97ba                	add	a5,a5,a4
    8bb4:	2394                	lbu	a3,0(a5)
    8bb6:	411c                	lw	a5,0(a0)
    8bb8:	00d7d7b3          	srl	a5,a5,a3
    8bbc:	c15c                	sw	a5,4(a0)
    8bbe:	4254                	lw	a3,4(a2)
    8bc0:	82a1                	srli	a3,a3,0x8
    8bc2:	8a9d                	andi	a3,a3,7
    8bc4:	96ba                	add	a3,a3,a4
    8bc6:	2294                	lbu	a3,0(a3)
    8bc8:	00d7d6b3          	srl	a3,a5,a3
    8bcc:	c514                	sw	a3,8(a0)
    8bce:	4254                	lw	a3,4(a2)
    8bd0:	82ad                	srli	a3,a3,0xb
    8bd2:	8a9d                	andi	a3,a3,7
    8bd4:	9736                	add	a4,a4,a3
    8bd6:	2318                	lbu	a4,0(a4)
    8bd8:	00e7d7b3          	srl	a5,a5,a4
    8bdc:	c55c                	sw	a5,12(a0)
    8bde:	4258                	lw	a4,4(a2)
    8be0:	8339                	srli	a4,a4,0xe
    8be2:	00377693          	andi	a3,a4,3
    8be6:	81818713          	addi	a4,gp,-2024 # 200001d8 <ADCPrescTable>
    8bea:	9736                	add	a4,a4,a3
    8bec:	2318                	lbu	a4,0(a4)
    8bee:	02e7d7b3          	divu	a5,a5,a4
    8bf2:	c91c                	sw	a5,16(a0)
    8bf4:	8082                	ret
    8bf6:	435c                	lw	a5,4(a4)
    8bf8:	4358                	lw	a4,4(a4)
    8bfa:	66c1                	lui	a3,0x10
    8bfc:	83c9                	srli	a5,a5,0x12
    8bfe:	8bbd                	andi	a5,a5,15
    8c00:	8f75                	and	a4,a4,a3
    8c02:	0789                	addi	a5,a5,2
    8c04:	46c5                	li	a3,17
    8c06:	00d79363          	bne	a5,a3,8c0c <RCC_GetClocksFreq+0x8a>
    8c0a:	47c9                	li	a5,18
    8c0c:	ef01                	bnez	a4,8c24 <RCC_GetClocksFreq+0xa2>
    8c0e:	40024737          	lui	a4,0x40024
    8c12:	80072703          	lw	a4,-2048(a4) # 40023800 <_eusrstack+0x2001e800>
    8c16:	8b41                	andi	a4,a4,16
    8c18:	cf09                	beqz	a4,8c32 <RCC_GetClocksFreq+0xb0>
    8c1a:	007a1737          	lui	a4,0x7a1
    8c1e:	20070713          	addi	a4,a4,512 # 7a1200 <_data_lma+0x7954cc>
    8c22:	a821                	j	8c3a <RCC_GetClocksFreq+0xb8>
    8c24:	40021737          	lui	a4,0x40021
    8c28:	4358                	lw	a4,4(a4)
    8c2a:	00e71693          	slli	a3,a4,0xe
    8c2e:	fe06d6e3          	bgez	a3,8c1a <RCC_GetClocksFreq+0x98>
    8c32:	003d1737          	lui	a4,0x3d1
    8c36:	90070713          	addi	a4,a4,-1792 # 3d0900 <_data_lma+0x3c4bcc>
    8c3a:	02e787b3          	mul	a5,a5,a4
    8c3e:	b785                	j	8b9e <RCC_GetClocksFreq+0x1c>

00008c40 <RCC_AHBPeriphClockCmd>:
    8c40:	c599                	beqz	a1,8c4e <RCC_AHBPeriphClockCmd+0xe>
    8c42:	40021737          	lui	a4,0x40021
    8c46:	4b5c                	lw	a5,20(a4)
    8c48:	8d5d                	or	a0,a0,a5
    8c4a:	cb48                	sw	a0,20(a4)
    8c4c:	8082                	ret
    8c4e:	400217b7          	lui	a5,0x40021
    8c52:	4bd8                	lw	a4,20(a5)
    8c54:	fff54513          	not	a0,a0
    8c58:	8d79                	and	a0,a0,a4
    8c5a:	cbc8                	sw	a0,20(a5)
    8c5c:	8082                	ret

00008c5e <RCC_APB2PeriphClockCmd>:
    8c5e:	c599                	beqz	a1,8c6c <RCC_APB2PeriphClockCmd+0xe>
    8c60:	40021737          	lui	a4,0x40021
    8c64:	4f1c                	lw	a5,24(a4)
    8c66:	8d5d                	or	a0,a0,a5
    8c68:	cf08                	sw	a0,24(a4)
    8c6a:	8082                	ret
    8c6c:	400217b7          	lui	a5,0x40021
    8c70:	4f98                	lw	a4,24(a5)
    8c72:	fff54513          	not	a0,a0
    8c76:	8d79                	and	a0,a0,a4
    8c78:	cf88                	sw	a0,24(a5)
    8c7a:	8082                	ret

00008c7c <RCC_APB1PeriphClockCmd>:
    8c7c:	c599                	beqz	a1,8c8a <RCC_APB1PeriphClockCmd+0xe>
    8c7e:	40021737          	lui	a4,0x40021
    8c82:	4f5c                	lw	a5,28(a4)
    8c84:	8d5d                	or	a0,a0,a5
    8c86:	cf48                	sw	a0,28(a4)
    8c88:	8082                	ret
    8c8a:	400217b7          	lui	a5,0x40021
    8c8e:	4fd8                	lw	a4,28(a5)
    8c90:	fff54513          	not	a0,a0
    8c94:	8d79                	and	a0,a0,a4
    8c96:	cfc8                	sw	a0,28(a5)
    8c98:	8082                	ret

00008c9a <TIM_TimeBaseInit>:
    8c9a:	211e                	lhu	a5,0(a0)
    8c9c:	40013737          	lui	a4,0x40013
    8ca0:	c0070713          	addi	a4,a4,-1024 # 40012c00 <_eusrstack+0x2000dc00>
    8ca4:	07c2                	slli	a5,a5,0x10
    8ca6:	83c1                	srli	a5,a5,0x10
    8ca8:	02e50463          	beq	a0,a4,8cd0 <TIM_TimeBaseInit+0x36>
    8cac:	40000737          	lui	a4,0x40000
    8cb0:	02e50063          	beq	a0,a4,8cd0 <TIM_TimeBaseInit+0x36>
    8cb4:	40070713          	addi	a4,a4,1024 # 40000400 <_eusrstack+0x1fffb400>
    8cb8:	00e50c63          	beq	a0,a4,8cd0 <TIM_TimeBaseInit+0x36>
    8cbc:	40001737          	lui	a4,0x40001
    8cc0:	80070693          	addi	a3,a4,-2048 # 40000800 <_eusrstack+0x1fffb800>
    8cc4:	00d50663          	beq	a0,a3,8cd0 <TIM_TimeBaseInit+0x36>
    8cc8:	c0070713          	addi	a4,a4,-1024
    8ccc:	00e51663          	bne	a0,a4,8cd8 <TIM_TimeBaseInit+0x3e>
    8cd0:	21ba                	lhu	a4,2(a1)
    8cd2:	f8f7f793          	andi	a5,a5,-113
    8cd6:	8fd9                	or	a5,a5,a4
    8cd8:	21fa                	lhu	a4,6(a1)
    8cda:	cff7f793          	andi	a5,a5,-769
    8cde:	07c2                	slli	a5,a5,0x10
    8ce0:	83c1                	srli	a5,a5,0x10
    8ce2:	8fd9                	or	a5,a5,a4
    8ce4:	a11e                	sh	a5,0(a0)
    8ce6:	21de                	lhu	a5,4(a1)
    8ce8:	b55e                	sh	a5,44(a0)
    8cea:	219e                	lhu	a5,0(a1)
    8cec:	b51e                	sh	a5,40(a0)
    8cee:	400137b7          	lui	a5,0x40013
    8cf2:	c0078793          	addi	a5,a5,-1024 # 40012c00 <_eusrstack+0x2000dc00>
    8cf6:	00f51463          	bne	a0,a5,8cfe <TIM_TimeBaseInit+0x64>
    8cfa:	259c                	lbu	a5,8(a1)
    8cfc:	b91e                	sh	a5,48(a0)
    8cfe:	4785                	li	a5,1
    8d00:	a95e                	sh	a5,20(a0)
    8d02:	8082                	ret

00008d04 <TIM_Cmd>:
    8d04:	211e                	lhu	a5,0(a0)
    8d06:	c589                	beqz	a1,8d10 <TIM_Cmd+0xc>
    8d08:	0017e793          	ori	a5,a5,1
    8d0c:	a11e                	sh	a5,0(a0)
    8d0e:	8082                	ret
    8d10:	07c2                	slli	a5,a5,0x10
    8d12:	83c1                	srli	a5,a5,0x10
    8d14:	9bf9                	andi	a5,a5,-2
    8d16:	07c2                	slli	a5,a5,0x10
    8d18:	83c1                	srli	a5,a5,0x10
    8d1a:	bfcd                	j	8d0c <TIM_Cmd+0x8>

00008d1c <TIM_ITConfig>:
    8d1c:	255e                	lhu	a5,12(a0)
    8d1e:	c601                	beqz	a2,8d26 <TIM_ITConfig+0xa>
    8d20:	8ddd                	or	a1,a1,a5
    8d22:	a54e                	sh	a1,12(a0)
    8d24:	8082                	ret
    8d26:	fff5c593          	not	a1,a1
    8d2a:	8dfd                	and	a1,a1,a5
    8d2c:	bfdd                	j	8d22 <TIM_ITConfig+0x6>

00008d2e <TIM_GetITStatus>:
    8d2e:	291e                	lhu	a5,16(a0)
    8d30:	254a                	lhu	a0,12(a0)
    8d32:	8fed                	and	a5,a5,a1
    8d34:	0542                	slli	a0,a0,0x10
    8d36:	8141                	srli	a0,a0,0x10
    8d38:	c789                	beqz	a5,8d42 <TIM_GetITStatus+0x14>
    8d3a:	8d6d                	and	a0,a0,a1
    8d3c:	00a03533          	snez	a0,a0
    8d40:	8082                	ret
    8d42:	4501                	li	a0,0
    8d44:	8082                	ret

00008d46 <TIM_ClearITPendingBit>:
    8d46:	fff5c593          	not	a1,a1
    8d4a:	05c2                	slli	a1,a1,0x10
    8d4c:	81c1                	srli	a1,a1,0x10
    8d4e:	a90e                	sh	a1,16(a0)
    8d50:	8082                	ret

00008d52 <USART_Init>:
    8d52:	bdefc2ef          	jal	t0,5130 <__riscv_save_0>
    8d56:	2916                	lhu	a3,16(a0)
    8d58:	77f5                	lui	a5,0xffffd
    8d5a:	17fd                	addi	a5,a5,-1
    8d5c:	8ff5                	and	a5,a5,a3
    8d5e:	21f6                	lhu	a3,6(a1)
    8d60:	25da                	lhu	a4,12(a1)
    8d62:	7179                	addi	sp,sp,-48
    8d64:	8fd5                	or	a5,a5,a3
    8d66:	a91e                	sh	a5,16(a0)
    8d68:	2556                	lhu	a3,12(a0)
    8d6a:	77fd                	lui	a5,0xfffff
    8d6c:	9f378793          	addi	a5,a5,-1549 # ffffe9f3 <_eusrstack+0xdfff99f3>
    8d70:	8ff5                	and	a5,a5,a3
    8d72:	21d6                	lhu	a3,4(a1)
    8d74:	842a                	mv	s0,a0
    8d76:	c62e                	sw	a1,12(sp)
    8d78:	8fd5                	or	a5,a5,a3
    8d7a:	2596                	lhu	a3,8(a1)
    8d7c:	8fd5                	or	a5,a5,a3
    8d7e:	25b6                	lhu	a3,10(a1)
    8d80:	8fd5                	or	a5,a5,a3
    8d82:	a55e                	sh	a5,12(a0)
    8d84:	295e                	lhu	a5,20(a0)
    8d86:	07c2                	slli	a5,a5,0x10
    8d88:	83c1                	srli	a5,a5,0x10
    8d8a:	cff7f793          	andi	a5,a5,-769
    8d8e:	8fd9                	or	a5,a5,a4
    8d90:	a95e                	sh	a5,20(a0)
    8d92:	0868                	addi	a0,sp,28
    8d94:	defff0ef          	jal	ra,8b82 <RCC_GetClocksFreq>
    8d98:	400147b7          	lui	a5,0x40014
    8d9c:	80078793          	addi	a5,a5,-2048 # 40013800 <_eusrstack+0x2000e800>
    8da0:	45b2                	lw	a1,12(sp)
    8da2:	02f41e63          	bne	s0,a5,8dde <USART_Init+0x8c>
    8da6:	57a2                	lw	a5,40(sp)
    8da8:	4765                	li	a4,25
    8daa:	02e787b3          	mul	a5,a5,a4
    8dae:	4198                	lw	a4,0(a1)
    8db0:	06400693          	li	a3,100
    8db4:	070a                	slli	a4,a4,0x2
    8db6:	02e7d7b3          	divu	a5,a5,a4
    8dba:	02d7d733          	divu	a4,a5,a3
    8dbe:	02d7f7b3          	remu	a5,a5,a3
    8dc2:	0712                	slli	a4,a4,0x4
    8dc4:	0792                	slli	a5,a5,0x4
    8dc6:	03278793          	addi	a5,a5,50
    8dca:	02d7d7b3          	divu	a5,a5,a3
    8dce:	8bbd                	andi	a5,a5,15
    8dd0:	8fd9                	or	a5,a5,a4
    8dd2:	07c2                	slli	a5,a5,0x10
    8dd4:	83c1                	srli	a5,a5,0x10
    8dd6:	a41e                	sh	a5,8(s0)
    8dd8:	6145                	addi	sp,sp,48
    8dda:	b7afc06f          	j	5154 <__riscv_restore_0>
    8dde:	5792                	lw	a5,36(sp)
    8de0:	b7e1                	j	8da8 <USART_Init+0x56>

00008de2 <USART_Cmd>:
    8de2:	c591                	beqz	a1,8dee <USART_Cmd+0xc>
    8de4:	255e                	lhu	a5,12(a0)
    8de6:	6709                	lui	a4,0x2
    8de8:	8fd9                	or	a5,a5,a4
    8dea:	a55e                	sh	a5,12(a0)
    8dec:	8082                	ret
    8dee:	255a                	lhu	a4,12(a0)
    8df0:	77f9                	lui	a5,0xffffe
    8df2:	17fd                	addi	a5,a5,-1
    8df4:	8ff9                	and	a5,a5,a4
    8df6:	bfd5                	j	8dea <USART_Cmd+0x8>

00008df8 <USART_SendData>:
    8df8:	1ff5f593          	andi	a1,a1,511
    8dfc:	a14e                	sh	a1,4(a0)
    8dfe:	8082                	ret

00008e00 <USART_GetFlagStatus>:
    8e00:	210a                	lhu	a0,0(a0)
    8e02:	8d6d                	and	a0,a0,a1
    8e04:	00a03533          	snez	a0,a0
    8e08:	8082                	ret

00008e0a <Delay_Init>:
    8e0a:	8141a783          	lw	a5,-2028(gp) # 200001d4 <SystemCoreClock>
    8e0e:	007a1737          	lui	a4,0x7a1
    8e12:	20070713          	addi	a4,a4,512 # 7a1200 <_data_lma+0x7954cc>
    8e16:	02e7d7b3          	divu	a5,a5,a4
    8e1a:	0ff7f793          	andi	a5,a5,255
    8e1e:	8cf18523          	sb	a5,-1846(gp) # 2000028a <p_us>
    8e22:	3e800713          	li	a4,1000
    8e26:	02e787b3          	mul	a5,a5,a4
    8e2a:	8cf19423          	sh	a5,-1848(gp) # 20000288 <p_ms>
    8e2e:	8082                	ret

00008e30 <Delay_Us>:
    8e30:	e000f7b7          	lui	a5,0xe000f
    8e34:	43d8                	lw	a4,4(a5)
    8e36:	4681                	li	a3,0
    8e38:	9b79                	andi	a4,a4,-2
    8e3a:	c3d8                	sw	a4,4(a5)
    8e3c:	8ca1c703          	lbu	a4,-1846(gp) # 2000028a <p_us>
    8e40:	02a70633          	mul	a2,a4,a0
    8e44:	cb90                	sw	a2,16(a5)
    8e46:	cbd4                	sw	a3,20(a5)
    8e48:	4398                	lw	a4,0(a5)
    8e4a:	01076713          	ori	a4,a4,16
    8e4e:	c398                	sw	a4,0(a5)
    8e50:	4398                	lw	a4,0(a5)
    8e52:	02176713          	ori	a4,a4,33
    8e56:	c398                	sw	a4,0(a5)
    8e58:	43d8                	lw	a4,4(a5)
    8e5a:	8b05                	andi	a4,a4,1
    8e5c:	df75                	beqz	a4,8e58 <Delay_Us+0x28>
    8e5e:	4398                	lw	a4,0(a5)
    8e60:	9b79                	andi	a4,a4,-2
    8e62:	c398                	sw	a4,0(a5)
    8e64:	8082                	ret

00008e66 <Delay_Ms>:
    8e66:	e000f7b7          	lui	a5,0xe000f
    8e6a:	43d8                	lw	a4,4(a5)
    8e6c:	4681                	li	a3,0
    8e6e:	9b79                	andi	a4,a4,-2
    8e70:	c3d8                	sw	a4,4(a5)
    8e72:	8c81d703          	lhu	a4,-1848(gp) # 20000288 <p_ms>
    8e76:	02a70633          	mul	a2,a4,a0
    8e7a:	cb90                	sw	a2,16(a5)
    8e7c:	cbd4                	sw	a3,20(a5)
    8e7e:	4398                	lw	a4,0(a5)
    8e80:	01076713          	ori	a4,a4,16
    8e84:	c398                	sw	a4,0(a5)
    8e86:	4398                	lw	a4,0(a5)
    8e88:	02176713          	ori	a4,a4,33
    8e8c:	c398                	sw	a4,0(a5)
    8e8e:	43d8                	lw	a4,4(a5)
    8e90:	8b05                	andi	a4,a4,1
    8e92:	df75                	beqz	a4,8e8e <Delay_Ms+0x28>
    8e94:	4398                	lw	a4,0(a5)
    8e96:	9b79                	andi	a4,a4,-2
    8e98:	c398                	sw	a4,0(a5)
    8e9a:	8082                	ret

00008e9c <USART_Printf_Init>:
    8e9c:	a94fc2ef          	jal	t0,5130 <__riscv_save_0>
    8ea0:	842a                	mv	s0,a0
    8ea2:	6511                	lui	a0,0x4
    8ea4:	1101                	addi	sp,sp,-32
    8ea6:	4585                	li	a1,1
    8ea8:	0511                	addi	a0,a0,4
    8eaa:	db5ff0ef          	jal	ra,8c5e <RCC_APB2PeriphClockCmd>
    8eae:	20000793          	li	a5,512
    8eb2:	827c                	sh	a5,4(sp)
    8eb4:	40011537          	lui	a0,0x40011
    8eb8:	478d                	li	a5,3
    8eba:	c43e                	sw	a5,8(sp)
    8ebc:	004c                	addi	a1,sp,4
    8ebe:	47e1                	li	a5,24
    8ec0:	80050513          	addi	a0,a0,-2048 # 40010800 <_eusrstack+0x2000b800>
    8ec4:	c63e                	sw	a5,12(sp)
    8ec6:	94dff0ef          	jal	ra,8812 <GPIO_Init>
    8eca:	c822                	sw	s0,16(sp)
    8ecc:	40014437          	lui	s0,0x40014
    8ed0:	000807b7          	lui	a5,0x80
    8ed4:	080c                	addi	a1,sp,16
    8ed6:	80040513          	addi	a0,s0,-2048 # 40013800 <_eusrstack+0x2000e800>
    8eda:	cc3e                	sw	a5,24(sp)
    8edc:	ca02                	sw	zero,20(sp)
    8ede:	00011e23          	sh	zero,28(sp)
    8ee2:	e71ff0ef          	jal	ra,8d52 <USART_Init>
    8ee6:	4585                	li	a1,1
    8ee8:	80040513          	addi	a0,s0,-2048
    8eec:	ef7ff0ef          	jal	ra,8de2 <USART_Cmd>
    8ef0:	6105                	addi	sp,sp,32
    8ef2:	a62fc06f          	j	5154 <__riscv_restore_0>

00008ef6 <_write>:
    8ef6:	a20fc2ef          	jal	t0,5116 <__riscv_save_4>
    8efa:	400144b7          	lui	s1,0x40014
    8efe:	89ae                	mv	s3,a1
    8f00:	8932                	mv	s2,a2
    8f02:	4401                	li	s0,0
    8f04:	80048493          	addi	s1,s1,-2048 # 40013800 <_eusrstack+0x2000e800>
    8f08:	01244563          	blt	s0,s2,8f12 <_write+0x1c>
    8f0c:	854a                	mv	a0,s2
    8f0e:	a3cfc06f          	j	514a <__riscv_restore_4>
    8f12:	04000593          	li	a1,64
    8f16:	8526                	mv	a0,s1
    8f18:	ee9ff0ef          	jal	ra,8e00 <USART_GetFlagStatus>
    8f1c:	d97d                	beqz	a0,8f12 <_write+0x1c>
    8f1e:	008987b3          	add	a5,s3,s0
    8f22:	00078583          	lb	a1,0(a5) # 80000 <_data_lma+0x742cc>
    8f26:	8526                	mv	a0,s1
    8f28:	0405                	addi	s0,s0,1
    8f2a:	05c2                	slli	a1,a1,0x10
    8f2c:	81c1                	srli	a1,a1,0x10
    8f2e:	ecbff0ef          	jal	ra,8df8 <USART_SendData>
    8f32:	bfd9                	j	8f08 <_write+0x12>

00008f34 <_sbrk>:
    8f34:	81c18713          	addi	a4,gp,-2020 # 200001dc <curbrk.4673>
    8f38:	431c                	lw	a5,0(a4)
    8f3a:	200026b7          	lui	a3,0x20002
    8f3e:	8a868693          	addi	a3,a3,-1880 # 200018a8 <_ebss>
    8f42:	953e                	add	a0,a0,a5
    8f44:	00d56b63          	bltu	a0,a3,8f5a <_sbrk+0x26>
    8f48:	200056b7          	lui	a3,0x20005
    8f4c:	80068693          	addi	a3,a3,-2048 # 20004800 <_heap_end>
    8f50:	00a6e563          	bltu	a3,a0,8f5a <_sbrk+0x26>
    8f54:	c308                	sw	a0,0(a4)
    8f56:	853e                	mv	a0,a5
    8f58:	8082                	ret
    8f5a:	57fd                	li	a5,-1
    8f5c:	bfed                	j	8f56 <_sbrk+0x22>

00008f5e <memchr>:
    8f5e:	0ff5f593          	andi	a1,a1,255
    8f62:	962a                	add	a2,a2,a0
    8f64:	00c51463          	bne	a0,a2,8f6c <memchr+0xe>
    8f68:	4501                	li	a0,0
    8f6a:	8082                	ret
    8f6c:	211c                	lbu	a5,0(a0)
    8f6e:	feb78ee3          	beq	a5,a1,8f6a <memchr+0xc>
    8f72:	0505                	addi	a0,a0,1
    8f74:	bfc5                	j	8f64 <memchr+0x6>

00008f76 <memcpy>:
    8f76:	00a5c7b3          	xor	a5,a1,a0
    8f7a:	8b8d                	andi	a5,a5,3
    8f7c:	00c50733          	add	a4,a0,a2
    8f80:	e781                	bnez	a5,8f88 <memcpy+0x12>
    8f82:	478d                	li	a5,3
    8f84:	00c7ed63          	bltu	a5,a2,8f9e <memcpy+0x28>
    8f88:	87aa                	mv	a5,a0
    8f8a:	08e57e63          	bgeu	a0,a4,9026 <memcpy+0xb0>
    8f8e:	2194                	lbu	a3,0(a1)
    8f90:	0785                	addi	a5,a5,1
    8f92:	0585                	addi	a1,a1,1
    8f94:	fed78fa3          	sb	a3,-1(a5)
    8f98:	fee7ebe3          	bltu	a5,a4,8f8e <memcpy+0x18>
    8f9c:	8082                	ret
    8f9e:	00357693          	andi	a3,a0,3
    8fa2:	87aa                	mv	a5,a0
    8fa4:	ca89                	beqz	a3,8fb6 <memcpy+0x40>
    8fa6:	2194                	lbu	a3,0(a1)
    8fa8:	0785                	addi	a5,a5,1
    8faa:	0585                	addi	a1,a1,1
    8fac:	fed78fa3          	sb	a3,-1(a5)
    8fb0:	0037f693          	andi	a3,a5,3
    8fb4:	bfc5                	j	8fa4 <memcpy+0x2e>
    8fb6:	ffc77693          	andi	a3,a4,-4
    8fba:	fe068613          	addi	a2,a3,-32
    8fbe:	06c7f063          	bgeu	a5,a2,901e <memcpy+0xa8>
    8fc2:	0005a383          	lw	t2,0(a1)
    8fc6:	0045a283          	lw	t0,4(a1)
    8fca:	0085af83          	lw	t6,8(a1)
    8fce:	00c5af03          	lw	t5,12(a1)
    8fd2:	0105ae83          	lw	t4,16(a1)
    8fd6:	0145ae03          	lw	t3,20(a1)
    8fda:	0185a303          	lw	t1,24(a1)
    8fde:	01c5a883          	lw	a7,28(a1)
    8fe2:	02458593          	addi	a1,a1,36
    8fe6:	0077a023          	sw	t2,0(a5)
    8fea:	ffc5a803          	lw	a6,-4(a1)
    8fee:	0057a223          	sw	t0,4(a5)
    8ff2:	01f7a423          	sw	t6,8(a5)
    8ff6:	01e7a623          	sw	t5,12(a5)
    8ffa:	01d7a823          	sw	t4,16(a5)
    8ffe:	01c7aa23          	sw	t3,20(a5)
    9002:	0067ac23          	sw	t1,24(a5)
    9006:	0117ae23          	sw	a7,28(a5)
    900a:	02478793          	addi	a5,a5,36
    900e:	ff07ae23          	sw	a6,-4(a5)
    9012:	b775                	j	8fbe <memcpy+0x48>
    9014:	4190                	lw	a2,0(a1)
    9016:	0791                	addi	a5,a5,4
    9018:	0591                	addi	a1,a1,4
    901a:	fec7ae23          	sw	a2,-4(a5)
    901e:	fed7ebe3          	bltu	a5,a3,9014 <memcpy+0x9e>
    9022:	f6e7e6e3          	bltu	a5,a4,8f8e <memcpy+0x18>
    9026:	8082                	ret

00009028 <iprintf>:
    9028:	7139                	addi	sp,sp,-64
    902a:	da3e                	sw	a5,52(sp)
    902c:	d22e                	sw	a1,36(sp)
    902e:	d432                	sw	a2,40(sp)
    9030:	d636                	sw	a3,44(sp)
    9032:	d83a                	sw	a4,48(sp)
    9034:	dc42                	sw	a6,56(sp)
    9036:	de46                	sw	a7,60(sp)
    9038:	82018793          	addi	a5,gp,-2016 # 200001e0 <_impure_ptr>
    903c:	cc22                	sw	s0,24(sp)
    903e:	4380                	lw	s0,0(a5)
    9040:	ca26                	sw	s1,20(sp)
    9042:	ce06                	sw	ra,28(sp)
    9044:	84aa                	mv	s1,a0
    9046:	c409                	beqz	s0,9050 <iprintf+0x28>
    9048:	4c1c                	lw	a5,24(s0)
    904a:	e399                	bnez	a5,9050 <iprintf+0x28>
    904c:	8522                	mv	a0,s0
    904e:	239d                	jal	95b4 <__sinit>
    9050:	440c                	lw	a1,8(s0)
    9052:	1054                	addi	a3,sp,36
    9054:	8626                	mv	a2,s1
    9056:	8522                	mv	a0,s0
    9058:	c636                	sw	a3,12(sp)
    905a:	4f5000ef          	jal	ra,9d4e <_vfiprintf_r>
    905e:	40f2                	lw	ra,28(sp)
    9060:	4462                	lw	s0,24(sp)
    9062:	44d2                	lw	s1,20(sp)
    9064:	6121                	addi	sp,sp,64
    9066:	8082                	ret

00009068 <_puts_r>:
    9068:	1101                	addi	sp,sp,-32
    906a:	ca26                	sw	s1,20(sp)
    906c:	c84a                	sw	s2,16(sp)
    906e:	ce06                	sw	ra,28(sp)
    9070:	cc22                	sw	s0,24(sp)
    9072:	c64e                	sw	s3,12(sp)
    9074:	c452                	sw	s4,8(sp)
    9076:	84aa                	mv	s1,a0
    9078:	892e                	mv	s2,a1
    907a:	c501                	beqz	a0,9082 <_puts_r+0x1a>
    907c:	4d1c                	lw	a5,24(a0)
    907e:	e391                	bnez	a5,9082 <_puts_r+0x1a>
    9080:	2b15                	jal	95b4 <__sinit>
    9082:	4c9c                	lw	a5,24(s1)
    9084:	4480                	lw	s0,8(s1)
    9086:	e399                	bnez	a5,908c <_puts_r+0x24>
    9088:	8526                	mv	a0,s1
    908a:	232d                	jal	95b4 <__sinit>
    908c:	00003797          	auipc	a5,0x3
    9090:	c2c78793          	addi	a5,a5,-980 # bcb8 <__sf_fake_stdin>
    9094:	02f41b63          	bne	s0,a5,90ca <_puts_r+0x62>
    9098:	40c0                	lw	s0,4(s1)
    909a:	245e                	lhu	a5,12(s0)
    909c:	8ba1                	andi	a5,a5,8
    909e:	c7b1                	beqz	a5,90ea <_puts_r+0x82>
    90a0:	481c                	lw	a5,16(s0)
    90a2:	c7a1                	beqz	a5,90ea <_puts_r+0x82>
    90a4:	59fd                	li	s3,-1
    90a6:	4a29                	li	s4,10
    90a8:	441c                	lw	a5,8(s0)
    90aa:	00094583          	lbu	a1,0(s2)
    90ae:	17fd                	addi	a5,a5,-1
    90b0:	e9b1                	bnez	a1,9104 <_puts_r+0x9c>
    90b2:	c41c                	sw	a5,8(s0)
    90b4:	0607dd63          	bgez	a5,912e <_puts_r+0xc6>
    90b8:	8622                	mv	a2,s0
    90ba:	45a9                	li	a1,10
    90bc:	8526                	mv	a0,s1
    90be:	28cd                	jal	91b0 <__swbuf_r>
    90c0:	57fd                	li	a5,-1
    90c2:	02f50863          	beq	a0,a5,90f2 <_puts_r+0x8a>
    90c6:	4529                	li	a0,10
    90c8:	a035                	j	90f4 <_puts_r+0x8c>
    90ca:	00003797          	auipc	a5,0x3
    90ce:	c0e78793          	addi	a5,a5,-1010 # bcd8 <__sf_fake_stdout>
    90d2:	00f41463          	bne	s0,a5,90da <_puts_r+0x72>
    90d6:	4480                	lw	s0,8(s1)
    90d8:	b7c9                	j	909a <_puts_r+0x32>
    90da:	00003797          	auipc	a5,0x3
    90de:	bbe78793          	addi	a5,a5,-1090 # bc98 <__sf_fake_stderr>
    90e2:	faf41ce3          	bne	s0,a5,909a <_puts_r+0x32>
    90e6:	44c0                	lw	s0,12(s1)
    90e8:	bf4d                	j	909a <_puts_r+0x32>
    90ea:	85a2                	mv	a1,s0
    90ec:	8526                	mv	a0,s1
    90ee:	2abd                	jal	926c <__swsetup_r>
    90f0:	d955                	beqz	a0,90a4 <_puts_r+0x3c>
    90f2:	557d                	li	a0,-1
    90f4:	40f2                	lw	ra,28(sp)
    90f6:	4462                	lw	s0,24(sp)
    90f8:	44d2                	lw	s1,20(sp)
    90fa:	4942                	lw	s2,16(sp)
    90fc:	49b2                	lw	s3,12(sp)
    90fe:	4a22                	lw	s4,8(sp)
    9100:	6105                	addi	sp,sp,32
    9102:	8082                	ret
    9104:	c41c                	sw	a5,8(s0)
    9106:	0905                	addi	s2,s2,1
    9108:	0007d763          	bgez	a5,9116 <_puts_r+0xae>
    910c:	4c18                	lw	a4,24(s0)
    910e:	00e7ca63          	blt	a5,a4,9122 <_puts_r+0xba>
    9112:	01458863          	beq	a1,s4,9122 <_puts_r+0xba>
    9116:	401c                	lw	a5,0(s0)
    9118:	00178713          	addi	a4,a5,1
    911c:	c018                	sw	a4,0(s0)
    911e:	a38c                	sb	a1,0(a5)
    9120:	b761                	j	90a8 <_puts_r+0x40>
    9122:	8622                	mv	a2,s0
    9124:	8526                	mv	a0,s1
    9126:	2069                	jal	91b0 <__swbuf_r>
    9128:	f93510e3          	bne	a0,s3,90a8 <_puts_r+0x40>
    912c:	b7d9                	j	90f2 <_puts_r+0x8a>
    912e:	401c                	lw	a5,0(s0)
    9130:	00178713          	addi	a4,a5,1
    9134:	c018                	sw	a4,0(s0)
    9136:	4729                	li	a4,10
    9138:	a398                	sb	a4,0(a5)
    913a:	b771                	j	90c6 <_puts_r+0x5e>

0000913c <puts>:
    913c:	82018793          	addi	a5,gp,-2016 # 200001e0 <_impure_ptr>
    9140:	85aa                	mv	a1,a0
    9142:	4388                	lw	a0,0(a5)
    9144:	f25ff06f          	j	9068 <_puts_r>

00009148 <siprintf>:
    9148:	7135                	addi	sp,sp,-160
    914a:	cb3e                	sw	a5,148(sp)
    914c:	800007b7          	lui	a5,0x80000
    9150:	fff7c793          	not	a5,a5
    9154:	ce3e                	sw	a5,28(sp)
    9156:	c83e                	sw	a5,16(sp)
    9158:	77c1                	lui	a5,0xffff0
    915a:	20878793          	addi	a5,a5,520 # ffff0208 <_eusrstack+0xdffeb208>
    915e:	c532                	sw	a2,136(sp)
    9160:	c736                	sw	a3,140(sp)
    9162:	c93a                	sw	a4,144(sp)
    9164:	cd42                	sw	a6,152(sp)
    9166:	cf46                	sw	a7,156(sp)
    9168:	ca3e                	sw	a5,20(sp)
    916a:	82018793          	addi	a5,gp,-2016 # 200001e0 <_impure_ptr>
    916e:	c42a                	sw	a0,8(sp)
    9170:	cc2a                	sw	a0,24(sp)
    9172:	4388                	lw	a0,0(a5)
    9174:	0134                	addi	a3,sp,136
    9176:	862e                	mv	a2,a1
    9178:	002c                	addi	a1,sp,8
    917a:	de86                	sw	ra,124(sp)
    917c:	c236                	sw	a3,4(sp)
    917e:	0fd000ef          	jal	ra,9a7a <_svfiprintf_r>
    9182:	47a2                	lw	a5,8(sp)
    9184:	00078023          	sb	zero,0(a5)
    9188:	50f6                	lw	ra,124(sp)
    918a:	610d                	addi	sp,sp,160
    918c:	8082                	ret

0000918e <strcpy>:
    918e:	87aa                	mv	a5,a0
    9190:	2198                	lbu	a4,0(a1)
    9192:	0785                	addi	a5,a5,1
    9194:	0585                	addi	a1,a1,1
    9196:	fee78fa3          	sb	a4,-1(a5)
    919a:	fb7d                	bnez	a4,9190 <strcpy+0x2>
    919c:	8082                	ret

0000919e <strlen>:
    919e:	87aa                	mv	a5,a0
    91a0:	0785                	addi	a5,a5,1
    91a2:	fff7c703          	lbu	a4,-1(a5)
    91a6:	ff6d                	bnez	a4,91a0 <strlen+0x2>
    91a8:	40a78533          	sub	a0,a5,a0
    91ac:	157d                	addi	a0,a0,-1
    91ae:	8082                	ret

000091b0 <__swbuf_r>:
    91b0:	1101                	addi	sp,sp,-32
    91b2:	cc22                	sw	s0,24(sp)
    91b4:	ca26                	sw	s1,20(sp)
    91b6:	c84a                	sw	s2,16(sp)
    91b8:	ce06                	sw	ra,28(sp)
    91ba:	c64e                	sw	s3,12(sp)
    91bc:	84aa                	mv	s1,a0
    91be:	892e                	mv	s2,a1
    91c0:	8432                	mv	s0,a2
    91c2:	c501                	beqz	a0,91ca <__swbuf_r+0x1a>
    91c4:	4d1c                	lw	a5,24(a0)
    91c6:	e391                	bnez	a5,91ca <__swbuf_r+0x1a>
    91c8:	26f5                	jal	95b4 <__sinit>
    91ca:	00003797          	auipc	a5,0x3
    91ce:	aee78793          	addi	a5,a5,-1298 # bcb8 <__sf_fake_stdin>
    91d2:	06f41763          	bne	s0,a5,9240 <__swbuf_r+0x90>
    91d6:	40c0                	lw	s0,4(s1)
    91d8:	4c1c                	lw	a5,24(s0)
    91da:	c41c                	sw	a5,8(s0)
    91dc:	245e                	lhu	a5,12(s0)
    91de:	8ba1                	andi	a5,a5,8
    91e0:	c3c1                	beqz	a5,9260 <__swbuf_r+0xb0>
    91e2:	481c                	lw	a5,16(s0)
    91e4:	cfb5                	beqz	a5,9260 <__swbuf_r+0xb0>
    91e6:	481c                	lw	a5,16(s0)
    91e8:	4008                	lw	a0,0(s0)
    91ea:	0ff97993          	andi	s3,s2,255
    91ee:	0ff97913          	andi	s2,s2,255
    91f2:	8d1d                	sub	a0,a0,a5
    91f4:	485c                	lw	a5,20(s0)
    91f6:	00f54663          	blt	a0,a5,9202 <__swbuf_r+0x52>
    91fa:	85a2                	mv	a1,s0
    91fc:	8526                	mv	a0,s1
    91fe:	2c69                	jal	9498 <_fflush_r>
    9200:	e525                	bnez	a0,9268 <__swbuf_r+0xb8>
    9202:	441c                	lw	a5,8(s0)
    9204:	0505                	addi	a0,a0,1
    9206:	17fd                	addi	a5,a5,-1
    9208:	c41c                	sw	a5,8(s0)
    920a:	401c                	lw	a5,0(s0)
    920c:	00178713          	addi	a4,a5,1
    9210:	c018                	sw	a4,0(s0)
    9212:	01378023          	sb	s3,0(a5)
    9216:	485c                	lw	a5,20(s0)
    9218:	00a78863          	beq	a5,a0,9228 <__swbuf_r+0x78>
    921c:	245e                	lhu	a5,12(s0)
    921e:	8b85                	andi	a5,a5,1
    9220:	cb81                	beqz	a5,9230 <__swbuf_r+0x80>
    9222:	47a9                	li	a5,10
    9224:	00f91663          	bne	s2,a5,9230 <__swbuf_r+0x80>
    9228:	85a2                	mv	a1,s0
    922a:	8526                	mv	a0,s1
    922c:	24b5                	jal	9498 <_fflush_r>
    922e:	ed0d                	bnez	a0,9268 <__swbuf_r+0xb8>
    9230:	40f2                	lw	ra,28(sp)
    9232:	4462                	lw	s0,24(sp)
    9234:	854a                	mv	a0,s2
    9236:	44d2                	lw	s1,20(sp)
    9238:	4942                	lw	s2,16(sp)
    923a:	49b2                	lw	s3,12(sp)
    923c:	6105                	addi	sp,sp,32
    923e:	8082                	ret
    9240:	00003797          	auipc	a5,0x3
    9244:	a9878793          	addi	a5,a5,-1384 # bcd8 <__sf_fake_stdout>
    9248:	00f41463          	bne	s0,a5,9250 <__swbuf_r+0xa0>
    924c:	4480                	lw	s0,8(s1)
    924e:	b769                	j	91d8 <__swbuf_r+0x28>
    9250:	00003797          	auipc	a5,0x3
    9254:	a4878793          	addi	a5,a5,-1464 # bc98 <__sf_fake_stderr>
    9258:	f8f410e3          	bne	s0,a5,91d8 <__swbuf_r+0x28>
    925c:	44c0                	lw	s0,12(s1)
    925e:	bfad                	j	91d8 <__swbuf_r+0x28>
    9260:	85a2                	mv	a1,s0
    9262:	8526                	mv	a0,s1
    9264:	2021                	jal	926c <__swsetup_r>
    9266:	d141                	beqz	a0,91e6 <__swbuf_r+0x36>
    9268:	597d                	li	s2,-1
    926a:	b7d9                	j	9230 <__swbuf_r+0x80>

0000926c <__swsetup_r>:
    926c:	1141                	addi	sp,sp,-16
    926e:	82018793          	addi	a5,gp,-2016 # 200001e0 <_impure_ptr>
    9272:	c226                	sw	s1,4(sp)
    9274:	4384                	lw	s1,0(a5)
    9276:	c422                	sw	s0,8(sp)
    9278:	c04a                	sw	s2,0(sp)
    927a:	c606                	sw	ra,12(sp)
    927c:	892a                	mv	s2,a0
    927e:	842e                	mv	s0,a1
    9280:	c489                	beqz	s1,928a <__swsetup_r+0x1e>
    9282:	4c9c                	lw	a5,24(s1)
    9284:	e399                	bnez	a5,928a <__swsetup_r+0x1e>
    9286:	8526                	mv	a0,s1
    9288:	2635                	jal	95b4 <__sinit>
    928a:	00003797          	auipc	a5,0x3
    928e:	a2e78793          	addi	a5,a5,-1490 # bcb8 <__sf_fake_stdin>
    9292:	02f41b63          	bne	s0,a5,92c8 <__swsetup_r+0x5c>
    9296:	40c0                	lw	s0,4(s1)
    9298:	00c41703          	lh	a4,12(s0)
    929c:	01071793          	slli	a5,a4,0x10
    92a0:	83c1                	srli	a5,a5,0x10
    92a2:	0087f693          	andi	a3,a5,8
    92a6:	eaad                	bnez	a3,9318 <__swsetup_r+0xac>
    92a8:	0107f693          	andi	a3,a5,16
    92ac:	ee95                	bnez	a3,92e8 <__swsetup_r+0x7c>
    92ae:	47a5                	li	a5,9
    92b0:	00f92023          	sw	a5,0(s2)
    92b4:	04076713          	ori	a4,a4,64
    92b8:	a45a                	sh	a4,12(s0)
    92ba:	557d                	li	a0,-1
    92bc:	40b2                	lw	ra,12(sp)
    92be:	4422                	lw	s0,8(sp)
    92c0:	4492                	lw	s1,4(sp)
    92c2:	4902                	lw	s2,0(sp)
    92c4:	0141                	addi	sp,sp,16
    92c6:	8082                	ret
    92c8:	00003797          	auipc	a5,0x3
    92cc:	a1078793          	addi	a5,a5,-1520 # bcd8 <__sf_fake_stdout>
    92d0:	00f41463          	bne	s0,a5,92d8 <__swsetup_r+0x6c>
    92d4:	4480                	lw	s0,8(s1)
    92d6:	b7c9                	j	9298 <__swsetup_r+0x2c>
    92d8:	00003797          	auipc	a5,0x3
    92dc:	9c078793          	addi	a5,a5,-1600 # bc98 <__sf_fake_stderr>
    92e0:	faf41ce3          	bne	s0,a5,9298 <__swsetup_r+0x2c>
    92e4:	44c0                	lw	s0,12(s1)
    92e6:	bf4d                	j	9298 <__swsetup_r+0x2c>
    92e8:	8b91                	andi	a5,a5,4
    92ea:	c39d                	beqz	a5,9310 <__swsetup_r+0xa4>
    92ec:	584c                	lw	a1,52(s0)
    92ee:	c989                	beqz	a1,9300 <__swsetup_r+0x94>
    92f0:	04440793          	addi	a5,s0,68
    92f4:	00f58463          	beq	a1,a5,92fc <__swsetup_r+0x90>
    92f8:	854a                	mv	a0,s2
    92fa:	2b29                	jal	9814 <_free_r>
    92fc:	02042a23          	sw	zero,52(s0)
    9300:	245e                	lhu	a5,12(s0)
    9302:	00042223          	sw	zero,4(s0)
    9306:	fdb7f793          	andi	a5,a5,-37
    930a:	a45e                	sh	a5,12(s0)
    930c:	481c                	lw	a5,16(s0)
    930e:	c01c                	sw	a5,0(s0)
    9310:	245e                	lhu	a5,12(s0)
    9312:	0087e793          	ori	a5,a5,8
    9316:	a45e                	sh	a5,12(s0)
    9318:	481c                	lw	a5,16(s0)
    931a:	eb99                	bnez	a5,9330 <__swsetup_r+0xc4>
    931c:	245e                	lhu	a5,12(s0)
    931e:	20000713          	li	a4,512
    9322:	2807f793          	andi	a5,a5,640
    9326:	00e78563          	beq	a5,a4,9330 <__swsetup_r+0xc4>
    932a:	85a2                	mv	a1,s0
    932c:	854a                	mv	a0,s2
    932e:	2991                	jal	9782 <__smakebuf_r>
    9330:	245e                	lhu	a5,12(s0)
    9332:	0017f713          	andi	a4,a5,1
    9336:	c31d                	beqz	a4,935c <__swsetup_r+0xf0>
    9338:	485c                	lw	a5,20(s0)
    933a:	00042423          	sw	zero,8(s0)
    933e:	40f007b3          	neg	a5,a5
    9342:	cc1c                	sw	a5,24(s0)
    9344:	481c                	lw	a5,16(s0)
    9346:	4501                	li	a0,0
    9348:	fbb5                	bnez	a5,92bc <__swsetup_r+0x50>
    934a:	00c41783          	lh	a5,12(s0)
    934e:	0807f713          	andi	a4,a5,128
    9352:	d72d                	beqz	a4,92bc <__swsetup_r+0x50>
    9354:	0407e793          	ori	a5,a5,64
    9358:	a45e                	sh	a5,12(s0)
    935a:	b785                	j	92ba <__swsetup_r+0x4e>
    935c:	8b89                	andi	a5,a5,2
    935e:	4701                	li	a4,0
    9360:	e391                	bnez	a5,9364 <__swsetup_r+0xf8>
    9362:	4858                	lw	a4,20(s0)
    9364:	c418                	sw	a4,8(s0)
    9366:	bff9                	j	9344 <__swsetup_r+0xd8>

00009368 <__sflush_r>:
    9368:	25de                	lhu	a5,12(a1)
    936a:	1101                	addi	sp,sp,-32
    936c:	cc22                	sw	s0,24(sp)
    936e:	ca26                	sw	s1,20(sp)
    9370:	ce06                	sw	ra,28(sp)
    9372:	c84a                	sw	s2,16(sp)
    9374:	c64e                	sw	s3,12(sp)
    9376:	0087f713          	andi	a4,a5,8
    937a:	84aa                	mv	s1,a0
    937c:	842e                	mv	s0,a1
    937e:	eb79                	bnez	a4,9454 <__sflush_r+0xec>
    9380:	41d8                	lw	a4,4(a1)
    9382:	00e04d63          	bgtz	a4,939c <__sflush_r+0x34>
    9386:	41b8                	lw	a4,64(a1)
    9388:	00e04a63          	bgtz	a4,939c <__sflush_r+0x34>
    938c:	4501                	li	a0,0
    938e:	40f2                	lw	ra,28(sp)
    9390:	4462                	lw	s0,24(sp)
    9392:	44d2                	lw	s1,20(sp)
    9394:	4942                	lw	s2,16(sp)
    9396:	49b2                	lw	s3,12(sp)
    9398:	6105                	addi	sp,sp,32
    939a:	8082                	ret
    939c:	5458                	lw	a4,44(s0)
    939e:	d77d                	beqz	a4,938c <__sflush_r+0x24>
    93a0:	0004a903          	lw	s2,0(s1)
    93a4:	01379693          	slli	a3,a5,0x13
    93a8:	0004a023          	sw	zero,0(s1)
    93ac:	0606db63          	bgez	a3,9422 <__sflush_r+0xba>
    93b0:	4870                	lw	a2,84(s0)
    93b2:	245e                	lhu	a5,12(s0)
    93b4:	8b91                	andi	a5,a5,4
    93b6:	c799                	beqz	a5,93c4 <__sflush_r+0x5c>
    93b8:	405c                	lw	a5,4(s0)
    93ba:	8e1d                	sub	a2,a2,a5
    93bc:	585c                	lw	a5,52(s0)
    93be:	c399                	beqz	a5,93c4 <__sflush_r+0x5c>
    93c0:	403c                	lw	a5,64(s0)
    93c2:	8e1d                	sub	a2,a2,a5
    93c4:	545c                	lw	a5,44(s0)
    93c6:	500c                	lw	a1,32(s0)
    93c8:	4681                	li	a3,0
    93ca:	8526                	mv	a0,s1
    93cc:	9782                	jalr	a5
    93ce:	57fd                	li	a5,-1
    93d0:	245a                	lhu	a4,12(s0)
    93d2:	00f51d63          	bne	a0,a5,93ec <__sflush_r+0x84>
    93d6:	4094                	lw	a3,0(s1)
    93d8:	47f5                	li	a5,29
    93da:	06d7e863          	bltu	a5,a3,944a <__sflush_r+0xe2>
    93de:	204007b7          	lui	a5,0x20400
    93e2:	0785                	addi	a5,a5,1
    93e4:	00d7d7b3          	srl	a5,a5,a3
    93e8:	8b85                	andi	a5,a5,1
    93ea:	c3a5                	beqz	a5,944a <__sflush_r+0xe2>
    93ec:	481c                	lw	a5,16(s0)
    93ee:	00042223          	sw	zero,4(s0)
    93f2:	c01c                	sw	a5,0(s0)
    93f4:	01371793          	slli	a5,a4,0x13
    93f8:	0007d863          	bgez	a5,9408 <__sflush_r+0xa0>
    93fc:	57fd                	li	a5,-1
    93fe:	00f51463          	bne	a0,a5,9406 <__sflush_r+0x9e>
    9402:	409c                	lw	a5,0(s1)
    9404:	e391                	bnez	a5,9408 <__sflush_r+0xa0>
    9406:	c868                	sw	a0,84(s0)
    9408:	584c                	lw	a1,52(s0)
    940a:	0124a023          	sw	s2,0(s1)
    940e:	ddbd                	beqz	a1,938c <__sflush_r+0x24>
    9410:	04440793          	addi	a5,s0,68
    9414:	00f58463          	beq	a1,a5,941c <__sflush_r+0xb4>
    9418:	8526                	mv	a0,s1
    941a:	2eed                	jal	9814 <_free_r>
    941c:	02042a23          	sw	zero,52(s0)
    9420:	b7b5                	j	938c <__sflush_r+0x24>
    9422:	500c                	lw	a1,32(s0)
    9424:	4601                	li	a2,0
    9426:	4685                	li	a3,1
    9428:	8526                	mv	a0,s1
    942a:	9702                	jalr	a4
    942c:	57fd                	li	a5,-1
    942e:	862a                	mv	a2,a0
    9430:	f8f511e3          	bne	a0,a5,93b2 <__sflush_r+0x4a>
    9434:	409c                	lw	a5,0(s1)
    9436:	dfb5                	beqz	a5,93b2 <__sflush_r+0x4a>
    9438:	4775                	li	a4,29
    943a:	00e78563          	beq	a5,a4,9444 <__sflush_r+0xdc>
    943e:	4759                	li	a4,22
    9440:	04e79363          	bne	a5,a4,9486 <__sflush_r+0x11e>
    9444:	0124a023          	sw	s2,0(s1)
    9448:	b791                	j	938c <__sflush_r+0x24>
    944a:	04076713          	ori	a4,a4,64
    944e:	a45a                	sh	a4,12(s0)
    9450:	557d                	li	a0,-1
    9452:	bf35                	j	938e <__sflush_r+0x26>
    9454:	0105a983          	lw	s3,16(a1)
    9458:	f2098ae3          	beqz	s3,938c <__sflush_r+0x24>
    945c:	0005a903          	lw	s2,0(a1)
    9460:	8b8d                	andi	a5,a5,3
    9462:	0135a023          	sw	s3,0(a1)
    9466:	41390933          	sub	s2,s2,s3
    946a:	4701                	li	a4,0
    946c:	e391                	bnez	a5,9470 <__sflush_r+0x108>
    946e:	49d8                	lw	a4,20(a1)
    9470:	c418                	sw	a4,8(s0)
    9472:	f1205de3          	blez	s2,938c <__sflush_r+0x24>
    9476:	541c                	lw	a5,40(s0)
    9478:	500c                	lw	a1,32(s0)
    947a:	86ca                	mv	a3,s2
    947c:	864e                	mv	a2,s3
    947e:	8526                	mv	a0,s1
    9480:	9782                	jalr	a5
    9482:	00a04763          	bgtz	a0,9490 <__sflush_r+0x128>
    9486:	245e                	lhu	a5,12(s0)
    9488:	0407e793          	ori	a5,a5,64
    948c:	a45e                	sh	a5,12(s0)
    948e:	b7c9                	j	9450 <__sflush_r+0xe8>
    9490:	99aa                	add	s3,s3,a0
    9492:	40a90933          	sub	s2,s2,a0
    9496:	bff1                	j	9472 <__sflush_r+0x10a>

00009498 <_fflush_r>:
    9498:	499c                	lw	a5,16(a1)
    949a:	c3a5                	beqz	a5,94fa <_fflush_r+0x62>
    949c:	1101                	addi	sp,sp,-32
    949e:	cc22                	sw	s0,24(sp)
    94a0:	ce06                	sw	ra,28(sp)
    94a2:	842a                	mv	s0,a0
    94a4:	c511                	beqz	a0,94b0 <_fflush_r+0x18>
    94a6:	4d1c                	lw	a5,24(a0)
    94a8:	e781                	bnez	a5,94b0 <_fflush_r+0x18>
    94aa:	c62e                	sw	a1,12(sp)
    94ac:	2221                	jal	95b4 <__sinit>
    94ae:	45b2                	lw	a1,12(sp)
    94b0:	00003797          	auipc	a5,0x3
    94b4:	80878793          	addi	a5,a5,-2040 # bcb8 <__sf_fake_stdin>
    94b8:	00f59c63          	bne	a1,a5,94d0 <_fflush_r+0x38>
    94bc:	404c                	lw	a1,4(s0)
    94be:	00c59783          	lh	a5,12(a1)
    94c2:	c79d                	beqz	a5,94f0 <_fflush_r+0x58>
    94c4:	8522                	mv	a0,s0
    94c6:	4462                	lw	s0,24(sp)
    94c8:	40f2                	lw	ra,28(sp)
    94ca:	6105                	addi	sp,sp,32
    94cc:	e9dff06f          	j	9368 <__sflush_r>
    94d0:	00003797          	auipc	a5,0x3
    94d4:	80878793          	addi	a5,a5,-2040 # bcd8 <__sf_fake_stdout>
    94d8:	00f59463          	bne	a1,a5,94e0 <_fflush_r+0x48>
    94dc:	440c                	lw	a1,8(s0)
    94de:	b7c5                	j	94be <_fflush_r+0x26>
    94e0:	00002797          	auipc	a5,0x2
    94e4:	7b878793          	addi	a5,a5,1976 # bc98 <__sf_fake_stderr>
    94e8:	fcf59be3          	bne	a1,a5,94be <_fflush_r+0x26>
    94ec:	444c                	lw	a1,12(s0)
    94ee:	bfc1                	j	94be <_fflush_r+0x26>
    94f0:	40f2                	lw	ra,28(sp)
    94f2:	4462                	lw	s0,24(sp)
    94f4:	4501                	li	a0,0
    94f6:	6105                	addi	sp,sp,32
    94f8:	8082                	ret
    94fa:	4501                	li	a0,0
    94fc:	8082                	ret

000094fe <std>:
    94fe:	1141                	addi	sp,sp,-16
    9500:	c422                	sw	s0,8(sp)
    9502:	c606                	sw	ra,12(sp)
    9504:	842a                	mv	s0,a0
    9506:	a54e                	sh	a1,12(a0)
    9508:	a572                	sh	a2,14(a0)
    950a:	00052023          	sw	zero,0(a0)
    950e:	00052223          	sw	zero,4(a0)
    9512:	00052423          	sw	zero,8(a0)
    9516:	06052223          	sw	zero,100(a0)
    951a:	00052823          	sw	zero,16(a0)
    951e:	00052a23          	sw	zero,20(a0)
    9522:	00052c23          	sw	zero,24(a0)
    9526:	4621                	li	a2,8
    9528:	4581                	li	a1,0
    952a:	05c50513          	addi	a0,a0,92
    952e:	c33fb0ef          	jal	ra,5160 <memset>
    9532:	00001797          	auipc	a5,0x1
    9536:	e8c78793          	addi	a5,a5,-372 # a3be <__sread>
    953a:	d05c                	sw	a5,36(s0)
    953c:	00001797          	auipc	a5,0x1
    9540:	eae78793          	addi	a5,a5,-338 # a3ea <__swrite>
    9544:	d41c                	sw	a5,40(s0)
    9546:	00001797          	auipc	a5,0x1
    954a:	eec78793          	addi	a5,a5,-276 # a432 <__sseek>
    954e:	d45c                	sw	a5,44(s0)
    9550:	00001797          	auipc	a5,0x1
    9554:	f1278793          	addi	a5,a5,-238 # a462 <__sclose>
    9558:	d000                	sw	s0,32(s0)
    955a:	d81c                	sw	a5,48(s0)
    955c:	40b2                	lw	ra,12(sp)
    955e:	4422                	lw	s0,8(sp)
    9560:	0141                	addi	sp,sp,16
    9562:	8082                	ret

00009564 <_cleanup_r>:
    9564:	00000597          	auipc	a1,0x0
    9568:	f3458593          	addi	a1,a1,-204 # 9498 <_fflush_r>
    956c:	aa91                	j	96c0 <_fwalk_reent>

0000956e <__sfmoreglue>:
    956e:	1141                	addi	sp,sp,-16
    9570:	c226                	sw	s1,4(sp)
    9572:	06800613          	li	a2,104
    9576:	fff58493          	addi	s1,a1,-1
    957a:	02c484b3          	mul	s1,s1,a2
    957e:	c04a                	sw	s2,0(sp)
    9580:	892e                	mv	s2,a1
    9582:	c422                	sw	s0,8(sp)
    9584:	c606                	sw	ra,12(sp)
    9586:	07448593          	addi	a1,s1,116
    958a:	2e0d                	jal	98bc <_malloc_r>
    958c:	842a                	mv	s0,a0
    958e:	cd01                	beqz	a0,95a6 <__sfmoreglue+0x38>
    9590:	00052023          	sw	zero,0(a0)
    9594:	01252223          	sw	s2,4(a0)
    9598:	0531                	addi	a0,a0,12
    959a:	c408                	sw	a0,8(s0)
    959c:	06848613          	addi	a2,s1,104
    95a0:	4581                	li	a1,0
    95a2:	bbffb0ef          	jal	ra,5160 <memset>
    95a6:	8522                	mv	a0,s0
    95a8:	40b2                	lw	ra,12(sp)
    95aa:	4422                	lw	s0,8(sp)
    95ac:	4492                	lw	s1,4(sp)
    95ae:	4902                	lw	s2,0(sp)
    95b0:	0141                	addi	sp,sp,16
    95b2:	8082                	ret

000095b4 <__sinit>:
    95b4:	4d1c                	lw	a5,24(a0)
    95b6:	e7a5                	bnez	a5,961e <__sinit+0x6a>
    95b8:	1141                	addi	sp,sp,-16
    95ba:	c606                	sw	ra,12(sp)
    95bc:	c422                	sw	s0,8(sp)
    95be:	00000797          	auipc	a5,0x0
    95c2:	fa678793          	addi	a5,a5,-90 # 9564 <_cleanup_r>
    95c6:	d51c                	sw	a5,40(a0)
    95c8:	88c18793          	addi	a5,gp,-1908 # 2000024c <_global_impure_ptr>
    95cc:	439c                	lw	a5,0(a5)
    95ce:	04052423          	sw	zero,72(a0)
    95d2:	04052623          	sw	zero,76(a0)
    95d6:	04052823          	sw	zero,80(a0)
    95da:	00f51463          	bne	a0,a5,95e2 <__sinit+0x2e>
    95de:	4785                	li	a5,1
    95e0:	cd1c                	sw	a5,24(a0)
    95e2:	842a                	mv	s0,a0
    95e4:	2835                	jal	9620 <__sfp>
    95e6:	c048                	sw	a0,4(s0)
    95e8:	8522                	mv	a0,s0
    95ea:	281d                	jal	9620 <__sfp>
    95ec:	c408                	sw	a0,8(s0)
    95ee:	8522                	mv	a0,s0
    95f0:	2805                	jal	9620 <__sfp>
    95f2:	c448                	sw	a0,12(s0)
    95f4:	4048                	lw	a0,4(s0)
    95f6:	4601                	li	a2,0
    95f8:	4591                	li	a1,4
    95fa:	f05ff0ef          	jal	ra,94fe <std>
    95fe:	4408                	lw	a0,8(s0)
    9600:	4605                	li	a2,1
    9602:	45a5                	li	a1,9
    9604:	efbff0ef          	jal	ra,94fe <std>
    9608:	4448                	lw	a0,12(s0)
    960a:	4609                	li	a2,2
    960c:	45c9                	li	a1,18
    960e:	ef1ff0ef          	jal	ra,94fe <std>
    9612:	4785                	li	a5,1
    9614:	cc1c                	sw	a5,24(s0)
    9616:	40b2                	lw	ra,12(sp)
    9618:	4422                	lw	s0,8(sp)
    961a:	0141                	addi	sp,sp,16
    961c:	8082                	ret
    961e:	8082                	ret

00009620 <__sfp>:
    9620:	1141                	addi	sp,sp,-16
    9622:	88c18793          	addi	a5,gp,-1908 # 2000024c <_global_impure_ptr>
    9626:	c226                	sw	s1,4(sp)
    9628:	4384                	lw	s1,0(a5)
    962a:	c04a                	sw	s2,0(sp)
    962c:	c606                	sw	ra,12(sp)
    962e:	4c9c                	lw	a5,24(s1)
    9630:	c422                	sw	s0,8(sp)
    9632:	892a                	mv	s2,a0
    9634:	e781                	bnez	a5,963c <__sfp+0x1c>
    9636:	8526                	mv	a0,s1
    9638:	f7dff0ef          	jal	ra,95b4 <__sinit>
    963c:	04848493          	addi	s1,s1,72
    9640:	4480                	lw	s0,8(s1)
    9642:	40dc                	lw	a5,4(s1)
    9644:	17fd                	addi	a5,a5,-1
    9646:	0007d663          	bgez	a5,9652 <__sfp+0x32>
    964a:	409c                	lw	a5,0(s1)
    964c:	cfb9                	beqz	a5,96aa <__sfp+0x8a>
    964e:	4084                	lw	s1,0(s1)
    9650:	bfc5                	j	9640 <__sfp+0x20>
    9652:	00c41703          	lh	a4,12(s0)
    9656:	e739                	bnez	a4,96a4 <__sfp+0x84>
    9658:	77c1                	lui	a5,0xffff0
    965a:	0785                	addi	a5,a5,1
    965c:	06042223          	sw	zero,100(s0)
    9660:	00042023          	sw	zero,0(s0)
    9664:	00042223          	sw	zero,4(s0)
    9668:	00042423          	sw	zero,8(s0)
    966c:	c45c                	sw	a5,12(s0)
    966e:	00042823          	sw	zero,16(s0)
    9672:	00042a23          	sw	zero,20(s0)
    9676:	00042c23          	sw	zero,24(s0)
    967a:	4621                	li	a2,8
    967c:	4581                	li	a1,0
    967e:	05c40513          	addi	a0,s0,92
    9682:	adffb0ef          	jal	ra,5160 <memset>
    9686:	02042a23          	sw	zero,52(s0)
    968a:	02042c23          	sw	zero,56(s0)
    968e:	04042423          	sw	zero,72(s0)
    9692:	04042623          	sw	zero,76(s0)
    9696:	8522                	mv	a0,s0
    9698:	40b2                	lw	ra,12(sp)
    969a:	4422                	lw	s0,8(sp)
    969c:	4492                	lw	s1,4(sp)
    969e:	4902                	lw	s2,0(sp)
    96a0:	0141                	addi	sp,sp,16
    96a2:	8082                	ret
    96a4:	06840413          	addi	s0,s0,104
    96a8:	bf71                	j	9644 <__sfp+0x24>
    96aa:	4591                	li	a1,4
    96ac:	854a                	mv	a0,s2
    96ae:	ec1ff0ef          	jal	ra,956e <__sfmoreglue>
    96b2:	c088                	sw	a0,0(s1)
    96b4:	fd49                	bnez	a0,964e <__sfp+0x2e>
    96b6:	47b1                	li	a5,12
    96b8:	00f92023          	sw	a5,0(s2)
    96bc:	4401                	li	s0,0
    96be:	bfe1                	j	9696 <__sfp+0x76>

000096c0 <_fwalk_reent>:
    96c0:	7179                	addi	sp,sp,-48
    96c2:	d422                	sw	s0,40(sp)
    96c4:	d04a                	sw	s2,32(sp)
    96c6:	cc52                	sw	s4,24(sp)
    96c8:	ca56                	sw	s5,20(sp)
    96ca:	c85a                	sw	s6,16(sp)
    96cc:	c65e                	sw	s7,12(sp)
    96ce:	d606                	sw	ra,44(sp)
    96d0:	d226                	sw	s1,36(sp)
    96d2:	ce4e                	sw	s3,28(sp)
    96d4:	8a2a                	mv	s4,a0
    96d6:	8aae                	mv	s5,a1
    96d8:	04850413          	addi	s0,a0,72
    96dc:	4901                	li	s2,0
    96de:	4b05                	li	s6,1
    96e0:	5bfd                	li	s7,-1
    96e2:	ec09                	bnez	s0,96fc <_fwalk_reent+0x3c>
    96e4:	50b2                	lw	ra,44(sp)
    96e6:	5422                	lw	s0,40(sp)
    96e8:	854a                	mv	a0,s2
    96ea:	5492                	lw	s1,36(sp)
    96ec:	5902                	lw	s2,32(sp)
    96ee:	49f2                	lw	s3,28(sp)
    96f0:	4a62                	lw	s4,24(sp)
    96f2:	4ad2                	lw	s5,20(sp)
    96f4:	4b42                	lw	s6,16(sp)
    96f6:	4bb2                	lw	s7,12(sp)
    96f8:	6145                	addi	sp,sp,48
    96fa:	8082                	ret
    96fc:	4404                	lw	s1,8(s0)
    96fe:	00442983          	lw	s3,4(s0)
    9702:	19fd                	addi	s3,s3,-1
    9704:	0009d463          	bgez	s3,970c <_fwalk_reent+0x4c>
    9708:	4000                	lw	s0,0(s0)
    970a:	bfe1                	j	96e2 <_fwalk_reent+0x22>
    970c:	24de                	lhu	a5,12(s1)
    970e:	00fb7b63          	bgeu	s6,a5,9724 <_fwalk_reent+0x64>
    9712:	00e49783          	lh	a5,14(s1)
    9716:	01778763          	beq	a5,s7,9724 <_fwalk_reent+0x64>
    971a:	85a6                	mv	a1,s1
    971c:	8552                	mv	a0,s4
    971e:	9a82                	jalr	s5
    9720:	00a96933          	or	s2,s2,a0
    9724:	06848493          	addi	s1,s1,104
    9728:	bfe9                	j	9702 <_fwalk_reent+0x42>

0000972a <__swhatbuf_r>:
    972a:	7119                	addi	sp,sp,-128
    972c:	daa6                	sw	s1,116(sp)
    972e:	84ae                	mv	s1,a1
    9730:	00e59583          	lh	a1,14(a1)
    9734:	dca2                	sw	s0,120(sp)
    9736:	de86                	sw	ra,124(sp)
    9738:	8432                	mv	s0,a2
    973a:	0005db63          	bgez	a1,9750 <__swhatbuf_r+0x26>
    973e:	24de                	lhu	a5,12(s1)
    9740:	0006a023          	sw	zero,0(a3)
    9744:	0807f793          	andi	a5,a5,128
    9748:	e785                	bnez	a5,9770 <__swhatbuf_r+0x46>
    974a:	40000793          	li	a5,1024
    974e:	a01d                	j	9774 <__swhatbuf_r+0x4a>
    9750:	0830                	addi	a2,sp,24
    9752:	c636                	sw	a3,12(sp)
    9754:	57b000ef          	jal	ra,a4ce <_fstat_r>
    9758:	46b2                	lw	a3,12(sp)
    975a:	fe0542e3          	bltz	a0,973e <__swhatbuf_r+0x14>
    975e:	4772                	lw	a4,28(sp)
    9760:	67bd                	lui	a5,0xf
    9762:	8ff9                	and	a5,a5,a4
    9764:	7779                	lui	a4,0xffffe
    9766:	97ba                	add	a5,a5,a4
    9768:	0017b793          	seqz	a5,a5
    976c:	c29c                	sw	a5,0(a3)
    976e:	bff1                	j	974a <__swhatbuf_r+0x20>
    9770:	04000793          	li	a5,64
    9774:	c01c                	sw	a5,0(s0)
    9776:	50f6                	lw	ra,124(sp)
    9778:	5466                	lw	s0,120(sp)
    977a:	54d6                	lw	s1,116(sp)
    977c:	4501                	li	a0,0
    977e:	6109                	addi	sp,sp,128
    9780:	8082                	ret

00009782 <__smakebuf_r>:
    9782:	25de                	lhu	a5,12(a1)
    9784:	1101                	addi	sp,sp,-32
    9786:	cc22                	sw	s0,24(sp)
    9788:	ce06                	sw	ra,28(sp)
    978a:	ca26                	sw	s1,20(sp)
    978c:	c84a                	sw	s2,16(sp)
    978e:	8b89                	andi	a5,a5,2
    9790:	842e                	mv	s0,a1
    9792:	cf89                	beqz	a5,97ac <__smakebuf_r+0x2a>
    9794:	04740793          	addi	a5,s0,71
    9798:	c01c                	sw	a5,0(s0)
    979a:	c81c                	sw	a5,16(s0)
    979c:	4785                	li	a5,1
    979e:	c85c                	sw	a5,20(s0)
    97a0:	40f2                	lw	ra,28(sp)
    97a2:	4462                	lw	s0,24(sp)
    97a4:	44d2                	lw	s1,20(sp)
    97a6:	4942                	lw	s2,16(sp)
    97a8:	6105                	addi	sp,sp,32
    97aa:	8082                	ret
    97ac:	0074                	addi	a3,sp,12
    97ae:	0030                	addi	a2,sp,8
    97b0:	84aa                	mv	s1,a0
    97b2:	f79ff0ef          	jal	ra,972a <__swhatbuf_r>
    97b6:	45a2                	lw	a1,8(sp)
    97b8:	892a                	mv	s2,a0
    97ba:	8526                	mv	a0,s1
    97bc:	2201                	jal	98bc <_malloc_r>
    97be:	e919                	bnez	a0,97d4 <__smakebuf_r+0x52>
    97c0:	00c41783          	lh	a5,12(s0)
    97c4:	2007f713          	andi	a4,a5,512
    97c8:	ff61                	bnez	a4,97a0 <__smakebuf_r+0x1e>
    97ca:	9bf1                	andi	a5,a5,-4
    97cc:	0027e793          	ori	a5,a5,2
    97d0:	a45e                	sh	a5,12(s0)
    97d2:	b7c9                	j	9794 <__smakebuf_r+0x12>
    97d4:	00000797          	auipc	a5,0x0
    97d8:	d9078793          	addi	a5,a5,-624 # 9564 <_cleanup_r>
    97dc:	d49c                	sw	a5,40(s1)
    97de:	245e                	lhu	a5,12(s0)
    97e0:	c008                	sw	a0,0(s0)
    97e2:	c808                	sw	a0,16(s0)
    97e4:	0807e793          	ori	a5,a5,128
    97e8:	a45e                	sh	a5,12(s0)
    97ea:	47a2                	lw	a5,8(sp)
    97ec:	c85c                	sw	a5,20(s0)
    97ee:	47b2                	lw	a5,12(sp)
    97f0:	cf81                	beqz	a5,9808 <__smakebuf_r+0x86>
    97f2:	00e41583          	lh	a1,14(s0)
    97f6:	8526                	mv	a0,s1
    97f8:	509000ef          	jal	ra,a500 <_isatty_r>
    97fc:	c511                	beqz	a0,9808 <__smakebuf_r+0x86>
    97fe:	245e                	lhu	a5,12(s0)
    9800:	9bf1                	andi	a5,a5,-4
    9802:	0017e793          	ori	a5,a5,1
    9806:	a45e                	sh	a5,12(s0)
    9808:	245e                	lhu	a5,12(s0)
    980a:	00f96933          	or	s2,s2,a5
    980e:	01241623          	sh	s2,12(s0)
    9812:	b779                	j	97a0 <__smakebuf_r+0x1e>

00009814 <_free_r>:
    9814:	c1dd                	beqz	a1,98ba <_free_r+0xa6>
    9816:	ffc5a783          	lw	a5,-4(a1)
    981a:	1141                	addi	sp,sp,-16
    981c:	c422                	sw	s0,8(sp)
    981e:	c606                	sw	ra,12(sp)
    9820:	c226                	sw	s1,4(sp)
    9822:	ffc58413          	addi	s0,a1,-4
    9826:	0007d363          	bgez	a5,982c <_free_r+0x18>
    982a:	943e                	add	s0,s0,a5
    982c:	84aa                	mv	s1,a0
    982e:	57d000ef          	jal	ra,a5aa <__malloc_lock>
    9832:	8cc18793          	addi	a5,gp,-1844 # 2000028c <__malloc_free_list>
    9836:	439c                	lw	a5,0(a5)
    9838:	ef81                	bnez	a5,9850 <_free_r+0x3c>
    983a:	00042223          	sw	zero,4(s0)
    983e:	8c81a623          	sw	s0,-1844(gp) # 2000028c <__malloc_free_list>
    9842:	4422                	lw	s0,8(sp)
    9844:	40b2                	lw	ra,12(sp)
    9846:	8526                	mv	a0,s1
    9848:	4492                	lw	s1,4(sp)
    984a:	0141                	addi	sp,sp,16
    984c:	5610006f          	j	a5ac <__malloc_unlock>
    9850:	00f47e63          	bgeu	s0,a5,986c <_free_r+0x58>
    9854:	4014                	lw	a3,0(s0)
    9856:	00d40733          	add	a4,s0,a3
    985a:	00e79663          	bne	a5,a4,9866 <_free_r+0x52>
    985e:	4398                	lw	a4,0(a5)
    9860:	43dc                	lw	a5,4(a5)
    9862:	9736                	add	a4,a4,a3
    9864:	c018                	sw	a4,0(s0)
    9866:	c05c                	sw	a5,4(s0)
    9868:	bfd9                	j	983e <_free_r+0x2a>
    986a:	87ba                	mv	a5,a4
    986c:	43d8                	lw	a4,4(a5)
    986e:	c319                	beqz	a4,9874 <_free_r+0x60>
    9870:	fee47de3          	bgeu	s0,a4,986a <_free_r+0x56>
    9874:	4394                	lw	a3,0(a5)
    9876:	00d78633          	add	a2,a5,a3
    987a:	00861f63          	bne	a2,s0,9898 <_free_r+0x84>
    987e:	4010                	lw	a2,0(s0)
    9880:	96b2                	add	a3,a3,a2
    9882:	c394                	sw	a3,0(a5)
    9884:	00d78633          	add	a2,a5,a3
    9888:	fac71de3          	bne	a4,a2,9842 <_free_r+0x2e>
    988c:	4310                	lw	a2,0(a4)
    988e:	4358                	lw	a4,4(a4)
    9890:	96b2                	add	a3,a3,a2
    9892:	c394                	sw	a3,0(a5)
    9894:	c3d8                	sw	a4,4(a5)
    9896:	b775                	j	9842 <_free_r+0x2e>
    9898:	00c47563          	bgeu	s0,a2,98a2 <_free_r+0x8e>
    989c:	47b1                	li	a5,12
    989e:	c09c                	sw	a5,0(s1)
    98a0:	b74d                	j	9842 <_free_r+0x2e>
    98a2:	4010                	lw	a2,0(s0)
    98a4:	00c406b3          	add	a3,s0,a2
    98a8:	00d71663          	bne	a4,a3,98b4 <_free_r+0xa0>
    98ac:	4314                	lw	a3,0(a4)
    98ae:	4358                	lw	a4,4(a4)
    98b0:	96b2                	add	a3,a3,a2
    98b2:	c014                	sw	a3,0(s0)
    98b4:	c058                	sw	a4,4(s0)
    98b6:	c3c0                	sw	s0,4(a5)
    98b8:	b769                	j	9842 <_free_r+0x2e>
    98ba:	8082                	ret

000098bc <_malloc_r>:
    98bc:	1101                	addi	sp,sp,-32
    98be:	ca26                	sw	s1,20(sp)
    98c0:	00358493          	addi	s1,a1,3
    98c4:	98f1                	andi	s1,s1,-4
    98c6:	ce06                	sw	ra,28(sp)
    98c8:	cc22                	sw	s0,24(sp)
    98ca:	c84a                	sw	s2,16(sp)
    98cc:	c64e                	sw	s3,12(sp)
    98ce:	04a1                	addi	s1,s1,8
    98d0:	47b1                	li	a5,12
    98d2:	04f4f563          	bgeu	s1,a5,991c <_malloc_r+0x60>
    98d6:	44b1                	li	s1,12
    98d8:	04b4e463          	bltu	s1,a1,9920 <_malloc_r+0x64>
    98dc:	892a                	mv	s2,a0
    98de:	4cd000ef          	jal	ra,a5aa <__malloc_lock>
    98e2:	8cc18793          	addi	a5,gp,-1844 # 2000028c <__malloc_free_list>
    98e6:	4398                	lw	a4,0(a5)
    98e8:	843a                	mv	s0,a4
    98ea:	e429                	bnez	s0,9934 <_malloc_r+0x78>
    98ec:	8d018793          	addi	a5,gp,-1840 # 20000290 <__malloc_sbrk_start>
    98f0:	439c                	lw	a5,0(a5)
    98f2:	e799                	bnez	a5,9900 <_malloc_r+0x44>
    98f4:	4581                	li	a1,0
    98f6:	854a                	mv	a0,s2
    98f8:	295000ef          	jal	ra,a38c <_sbrk_r>
    98fc:	8ca1a823          	sw	a0,-1840(gp) # 20000290 <__malloc_sbrk_start>
    9900:	85a6                	mv	a1,s1
    9902:	854a                	mv	a0,s2
    9904:	289000ef          	jal	ra,a38c <_sbrk_r>
    9908:	59fd                	li	s3,-1
    990a:	07351963          	bne	a0,s3,997c <_malloc_r+0xc0>
    990e:	47b1                	li	a5,12
    9910:	00f92023          	sw	a5,0(s2)
    9914:	854a                	mv	a0,s2
    9916:	497000ef          	jal	ra,a5ac <__malloc_unlock>
    991a:	a029                	j	9924 <_malloc_r+0x68>
    991c:	fa04dee3          	bgez	s1,98d8 <_malloc_r+0x1c>
    9920:	47b1                	li	a5,12
    9922:	c11c                	sw	a5,0(a0)
    9924:	4501                	li	a0,0
    9926:	40f2                	lw	ra,28(sp)
    9928:	4462                	lw	s0,24(sp)
    992a:	44d2                	lw	s1,20(sp)
    992c:	4942                	lw	s2,16(sp)
    992e:	49b2                	lw	s3,12(sp)
    9930:	6105                	addi	sp,sp,32
    9932:	8082                	ret
    9934:	401c                	lw	a5,0(s0)
    9936:	8f85                	sub	a5,a5,s1
    9938:	0207cf63          	bltz	a5,9976 <_malloc_r+0xba>
    993c:	46ad                	li	a3,11
    993e:	00f6f663          	bgeu	a3,a5,994a <_malloc_r+0x8e>
    9942:	c01c                	sw	a5,0(s0)
    9944:	943e                	add	s0,s0,a5
    9946:	c004                	sw	s1,0(s0)
    9948:	a031                	j	9954 <_malloc_r+0x98>
    994a:	405c                	lw	a5,4(s0)
    994c:	02871363          	bne	a4,s0,9972 <_malloc_r+0xb6>
    9950:	8cf1a623          	sw	a5,-1844(gp) # 2000028c <__malloc_free_list>
    9954:	854a                	mv	a0,s2
    9956:	457000ef          	jal	ra,a5ac <__malloc_unlock>
    995a:	00b40513          	addi	a0,s0,11
    995e:	00440793          	addi	a5,s0,4
    9962:	9961                	andi	a0,a0,-8
    9964:	40f50733          	sub	a4,a0,a5
    9968:	df5d                	beqz	a4,9926 <_malloc_r+0x6a>
    996a:	943a                	add	s0,s0,a4
    996c:	8f89                	sub	a5,a5,a0
    996e:	c01c                	sw	a5,0(s0)
    9970:	bf5d                	j	9926 <_malloc_r+0x6a>
    9972:	c35c                	sw	a5,4(a4)
    9974:	b7c5                	j	9954 <_malloc_r+0x98>
    9976:	8722                	mv	a4,s0
    9978:	4040                	lw	s0,4(s0)
    997a:	bf85                	j	98ea <_malloc_r+0x2e>
    997c:	00350413          	addi	s0,a0,3
    9980:	9871                	andi	s0,s0,-4
    9982:	fc8502e3          	beq	a0,s0,9946 <_malloc_r+0x8a>
    9986:	40a405b3          	sub	a1,s0,a0
    998a:	854a                	mv	a0,s2
    998c:	201000ef          	jal	ra,a38c <_sbrk_r>
    9990:	fb351be3          	bne	a0,s3,9946 <_malloc_r+0x8a>
    9994:	bfad                	j	990e <_malloc_r+0x52>

00009996 <__ssputs_r>:
    9996:	1101                	addi	sp,sp,-32
    9998:	c84a                	sw	s2,16(sp)
    999a:	0085a903          	lw	s2,8(a1)
    999e:	cc22                	sw	s0,24(sp)
    99a0:	c452                	sw	s4,8(sp)
    99a2:	c05a                	sw	s6,0(sp)
    99a4:	ce06                	sw	ra,28(sp)
    99a6:	ca26                	sw	s1,20(sp)
    99a8:	c64e                	sw	s3,12(sp)
    99aa:	c256                	sw	s5,4(sp)
    99ac:	842e                	mv	s0,a1
    99ae:	8b32                	mv	s6,a2
    99b0:	8a36                	mv	s4,a3
    99b2:	0926e963          	bltu	a3,s2,9a44 <__ssputs_r+0xae>
    99b6:	25de                	lhu	a5,12(a1)
    99b8:	4807f713          	andi	a4,a5,1152
    99bc:	c351                	beqz	a4,9a40 <__ssputs_r+0xaa>
    99be:	4004                	lw	s1,0(s0)
    99c0:	498c                	lw	a1,16(a1)
    99c2:	4858                	lw	a4,20(s0)
    99c4:	8aaa                	mv	s5,a0
    99c6:	40b489b3          	sub	s3,s1,a1
    99ca:	448d                	li	s1,3
    99cc:	02e484b3          	mul	s1,s1,a4
    99d0:	4709                	li	a4,2
    99d2:	02e4c4b3          	div	s1,s1,a4
    99d6:	00168713          	addi	a4,a3,1
    99da:	974e                	add	a4,a4,s3
    99dc:	00e4f363          	bgeu	s1,a4,99e2 <__ssputs_r+0x4c>
    99e0:	84ba                	mv	s1,a4
    99e2:	4007f793          	andi	a5,a5,1024
    99e6:	cfbd                	beqz	a5,9a64 <__ssputs_r+0xce>
    99e8:	85a6                	mv	a1,s1
    99ea:	8556                	mv	a0,s5
    99ec:	ed1ff0ef          	jal	ra,98bc <_malloc_r>
    99f0:	892a                	mv	s2,a0
    99f2:	e11d                	bnez	a0,9a18 <__ssputs_r+0x82>
    99f4:	47b1                	li	a5,12
    99f6:	00faa023          	sw	a5,0(s5)
    99fa:	245e                	lhu	a5,12(s0)
    99fc:	557d                	li	a0,-1
    99fe:	0407e793          	ori	a5,a5,64
    9a02:	a45e                	sh	a5,12(s0)
    9a04:	40f2                	lw	ra,28(sp)
    9a06:	4462                	lw	s0,24(sp)
    9a08:	44d2                	lw	s1,20(sp)
    9a0a:	4942                	lw	s2,16(sp)
    9a0c:	49b2                	lw	s3,12(sp)
    9a0e:	4a22                	lw	s4,8(sp)
    9a10:	4a92                	lw	s5,4(sp)
    9a12:	4b02                	lw	s6,0(sp)
    9a14:	6105                	addi	sp,sp,32
    9a16:	8082                	ret
    9a18:	480c                	lw	a1,16(s0)
    9a1a:	864e                	mv	a2,s3
    9a1c:	d5aff0ef          	jal	ra,8f76 <memcpy>
    9a20:	245e                	lhu	a5,12(s0)
    9a22:	b7f7f793          	andi	a5,a5,-1153
    9a26:	0807e793          	ori	a5,a5,128
    9a2a:	a45e                	sh	a5,12(s0)
    9a2c:	01242823          	sw	s2,16(s0)
    9a30:	c844                	sw	s1,20(s0)
    9a32:	994e                	add	s2,s2,s3
    9a34:	413484b3          	sub	s1,s1,s3
    9a38:	01242023          	sw	s2,0(s0)
    9a3c:	c404                	sw	s1,8(s0)
    9a3e:	8952                	mv	s2,s4
    9a40:	012a7363          	bgeu	s4,s2,9a46 <__ssputs_r+0xb0>
    9a44:	8952                	mv	s2,s4
    9a46:	4008                	lw	a0,0(s0)
    9a48:	864a                	mv	a2,s2
    9a4a:	85da                	mv	a1,s6
    9a4c:	319000ef          	jal	ra,a564 <memmove>
    9a50:	441c                	lw	a5,8(s0)
    9a52:	4501                	li	a0,0
    9a54:	412787b3          	sub	a5,a5,s2
    9a58:	c41c                	sw	a5,8(s0)
    9a5a:	401c                	lw	a5,0(s0)
    9a5c:	993e                	add	s2,s2,a5
    9a5e:	01242023          	sw	s2,0(s0)
    9a62:	b74d                	j	9a04 <__ssputs_r+0x6e>
    9a64:	8626                	mv	a2,s1
    9a66:	8556                	mv	a0,s5
    9a68:	347000ef          	jal	ra,a5ae <_realloc_r>
    9a6c:	892a                	mv	s2,a0
    9a6e:	fd5d                	bnez	a0,9a2c <__ssputs_r+0x96>
    9a70:	480c                	lw	a1,16(s0)
    9a72:	8556                	mv	a0,s5
    9a74:	da1ff0ef          	jal	ra,9814 <_free_r>
    9a78:	bfb5                	j	99f4 <__ssputs_r+0x5e>

00009a7a <_svfiprintf_r>:
    9a7a:	25de                	lhu	a5,12(a1)
    9a7c:	7171                	addi	sp,sp,-176
    9a7e:	d326                	sw	s1,164(sp)
    9a80:	d14a                	sw	s2,160(sp)
    9a82:	cf4e                	sw	s3,156(sp)
    9a84:	d706                	sw	ra,172(sp)
    9a86:	d522                	sw	s0,168(sp)
    9a88:	cd52                	sw	s4,152(sp)
    9a8a:	cb56                	sw	s5,148(sp)
    9a8c:	c95a                	sw	s6,144(sp)
    9a8e:	c75e                	sw	s7,140(sp)
    9a90:	c562                	sw	s8,136(sp)
    9a92:	c366                	sw	s9,132(sp)
    9a94:	0807f793          	andi	a5,a5,128
    9a98:	89aa                	mv	s3,a0
    9a9a:	892e                	mv	s2,a1
    9a9c:	84b2                	mv	s1,a2
    9a9e:	c3b9                	beqz	a5,9ae4 <_svfiprintf_r+0x6a>
    9aa0:	499c                	lw	a5,16(a1)
    9aa2:	e3a9                	bnez	a5,9ae4 <_svfiprintf_r+0x6a>
    9aa4:	04000593          	li	a1,64
    9aa8:	c636                	sw	a3,12(sp)
    9aaa:	e13ff0ef          	jal	ra,98bc <_malloc_r>
    9aae:	00a92023          	sw	a0,0(s2)
    9ab2:	00a92823          	sw	a0,16(s2)
    9ab6:	46b2                	lw	a3,12(sp)
    9ab8:	e115                	bnez	a0,9adc <_svfiprintf_r+0x62>
    9aba:	47b1                	li	a5,12
    9abc:	00f9a023          	sw	a5,0(s3)
    9ac0:	557d                	li	a0,-1
    9ac2:	50ba                	lw	ra,172(sp)
    9ac4:	542a                	lw	s0,168(sp)
    9ac6:	549a                	lw	s1,164(sp)
    9ac8:	590a                	lw	s2,160(sp)
    9aca:	49fa                	lw	s3,156(sp)
    9acc:	4a6a                	lw	s4,152(sp)
    9ace:	4ada                	lw	s5,148(sp)
    9ad0:	4b4a                	lw	s6,144(sp)
    9ad2:	4bba                	lw	s7,140(sp)
    9ad4:	4c2a                	lw	s8,136(sp)
    9ad6:	4c9a                	lw	s9,132(sp)
    9ad8:	614d                	addi	sp,sp,176
    9ada:	8082                	ret
    9adc:	04000793          	li	a5,64
    9ae0:	00f92a23          	sw	a5,20(s2)
    9ae4:	02000793          	li	a5,32
    9ae8:	02f10ca3          	sb	a5,57(sp)
    9aec:	03000793          	li	a5,48
    9af0:	da02                	sw	zero,52(sp)
    9af2:	02f10d23          	sb	a5,58(sp)
    9af6:	ce36                	sw	a3,28(sp)
    9af8:	02500b93          	li	s7,37
    9afc:	00002a97          	auipc	s5,0x2
    9b00:	1fca8a93          	addi	s5,s5,508 # bcf8 <__sf_fake_stdout+0x20>
    9b04:	4c05                	li	s8,1
    9b06:	4b29                	li	s6,10
    9b08:	8426                	mv	s0,s1
    9b0a:	201c                	lbu	a5,0(s0)
    9b0c:	c399                	beqz	a5,9b12 <_svfiprintf_r+0x98>
    9b0e:	09779963          	bne	a5,s7,9ba0 <_svfiprintf_r+0x126>
    9b12:	40940cb3          	sub	s9,s0,s1
    9b16:	000c8e63          	beqz	s9,9b32 <_svfiprintf_r+0xb8>
    9b1a:	86e6                	mv	a3,s9
    9b1c:	8626                	mv	a2,s1
    9b1e:	85ca                	mv	a1,s2
    9b20:	854e                	mv	a0,s3
    9b22:	e75ff0ef          	jal	ra,9996 <__ssputs_r>
    9b26:	57fd                	li	a5,-1
    9b28:	18f50b63          	beq	a0,a5,9cbe <_svfiprintf_r+0x244>
    9b2c:	56d2                	lw	a3,52(sp)
    9b2e:	96e6                	add	a3,a3,s9
    9b30:	da36                	sw	a3,52(sp)
    9b32:	201c                	lbu	a5,0(s0)
    9b34:	18078563          	beqz	a5,9cbe <_svfiprintf_r+0x244>
    9b38:	57fd                	li	a5,-1
    9b3a:	00140493          	addi	s1,s0,1
    9b3e:	d002                	sw	zero,32(sp)
    9b40:	d602                	sw	zero,44(sp)
    9b42:	d23e                	sw	a5,36(sp)
    9b44:	d402                	sw	zero,40(sp)
    9b46:	060101a3          	sb	zero,99(sp)
    9b4a:	dc82                	sw	zero,120(sp)
    9b4c:	208c                	lbu	a1,0(s1)
    9b4e:	4615                	li	a2,5
    9b50:	8556                	mv	a0,s5
    9b52:	c0cff0ef          	jal	ra,8f5e <memchr>
    9b56:	00148413          	addi	s0,s1,1
    9b5a:	5782                	lw	a5,32(sp)
    9b5c:	e521                	bnez	a0,9ba4 <_svfiprintf_r+0x12a>
    9b5e:	0107f713          	andi	a4,a5,16
    9b62:	c709                	beqz	a4,9b6c <_svfiprintf_r+0xf2>
    9b64:	02000713          	li	a4,32
    9b68:	06e101a3          	sb	a4,99(sp)
    9b6c:	0087f713          	andi	a4,a5,8
    9b70:	c709                	beqz	a4,9b7a <_svfiprintf_r+0x100>
    9b72:	02b00713          	li	a4,43
    9b76:	06e101a3          	sb	a4,99(sp)
    9b7a:	2094                	lbu	a3,0(s1)
    9b7c:	02a00713          	li	a4,42
    9b80:	02e68a63          	beq	a3,a4,9bb4 <_svfiprintf_r+0x13a>
    9b84:	57b2                	lw	a5,44(sp)
    9b86:	8426                	mv	s0,s1
    9b88:	4681                	li	a3,0
    9b8a:	4625                	li	a2,9
    9b8c:	2018                	lbu	a4,0(s0)
    9b8e:	00140593          	addi	a1,s0,1
    9b92:	fd070713          	addi	a4,a4,-48 # ffffdfd0 <_eusrstack+0xdfff8fd0>
    9b96:	06e67263          	bgeu	a2,a4,9bfa <_svfiprintf_r+0x180>
    9b9a:	c68d                	beqz	a3,9bc4 <_svfiprintf_r+0x14a>
    9b9c:	d63e                	sw	a5,44(sp)
    9b9e:	a01d                	j	9bc4 <_svfiprintf_r+0x14a>
    9ba0:	0405                	addi	s0,s0,1
    9ba2:	b7a5                	j	9b0a <_svfiprintf_r+0x90>
    9ba4:	41550533          	sub	a0,a0,s5
    9ba8:	00ac1533          	sll	a0,s8,a0
    9bac:	8fc9                	or	a5,a5,a0
    9bae:	d03e                	sw	a5,32(sp)
    9bb0:	84a2                	mv	s1,s0
    9bb2:	bf69                	j	9b4c <_svfiprintf_r+0xd2>
    9bb4:	4772                	lw	a4,28(sp)
    9bb6:	00470693          	addi	a3,a4,4
    9bba:	4318                	lw	a4,0(a4)
    9bbc:	ce36                	sw	a3,28(sp)
    9bbe:	02074763          	bltz	a4,9bec <_svfiprintf_r+0x172>
    9bc2:	d63a                	sw	a4,44(sp)
    9bc4:	2018                	lbu	a4,0(s0)
    9bc6:	02e00793          	li	a5,46
    9bca:	04f71d63          	bne	a4,a5,9c24 <_svfiprintf_r+0x1aa>
    9bce:	3018                	lbu	a4,1(s0)
    9bd0:	02a00793          	li	a5,42
    9bd4:	02f71b63          	bne	a4,a5,9c0a <_svfiprintf_r+0x190>
    9bd8:	47f2                	lw	a5,28(sp)
    9bda:	0409                	addi	s0,s0,2
    9bdc:	00478713          	addi	a4,a5,4
    9be0:	439c                	lw	a5,0(a5)
    9be2:	ce3a                	sw	a4,28(sp)
    9be4:	0207c163          	bltz	a5,9c06 <_svfiprintf_r+0x18c>
    9be8:	d23e                	sw	a5,36(sp)
    9bea:	a82d                	j	9c24 <_svfiprintf_r+0x1aa>
    9bec:	40e00733          	neg	a4,a4
    9bf0:	0027e793          	ori	a5,a5,2
    9bf4:	d63a                	sw	a4,44(sp)
    9bf6:	d03e                	sw	a5,32(sp)
    9bf8:	b7f1                	j	9bc4 <_svfiprintf_r+0x14a>
    9bfa:	036787b3          	mul	a5,a5,s6
    9bfe:	4685                	li	a3,1
    9c00:	842e                	mv	s0,a1
    9c02:	97ba                	add	a5,a5,a4
    9c04:	b761                	j	9b8c <_svfiprintf_r+0x112>
    9c06:	57fd                	li	a5,-1
    9c08:	b7c5                	j	9be8 <_svfiprintf_r+0x16e>
    9c0a:	0405                	addi	s0,s0,1
    9c0c:	d202                	sw	zero,36(sp)
    9c0e:	4681                	li	a3,0
    9c10:	4781                	li	a5,0
    9c12:	4625                	li	a2,9
    9c14:	2018                	lbu	a4,0(s0)
    9c16:	00140593          	addi	a1,s0,1
    9c1a:	fd070713          	addi	a4,a4,-48
    9c1e:	06e67663          	bgeu	a2,a4,9c8a <_svfiprintf_r+0x210>
    9c22:	f2f9                	bnez	a3,9be8 <_svfiprintf_r+0x16e>
    9c24:	200c                	lbu	a1,0(s0)
    9c26:	460d                	li	a2,3
    9c28:	00002517          	auipc	a0,0x2
    9c2c:	0d850513          	addi	a0,a0,216 # bd00 <__sf_fake_stdout+0x28>
    9c30:	b2eff0ef          	jal	ra,8f5e <memchr>
    9c34:	cd11                	beqz	a0,9c50 <_svfiprintf_r+0x1d6>
    9c36:	00002797          	auipc	a5,0x2
    9c3a:	0ca78793          	addi	a5,a5,202 # bd00 <__sf_fake_stdout+0x28>
    9c3e:	8d1d                	sub	a0,a0,a5
    9c40:	04000793          	li	a5,64
    9c44:	00a797b3          	sll	a5,a5,a0
    9c48:	5502                	lw	a0,32(sp)
    9c4a:	0405                	addi	s0,s0,1
    9c4c:	8d5d                	or	a0,a0,a5
    9c4e:	d02a                	sw	a0,32(sp)
    9c50:	200c                	lbu	a1,0(s0)
    9c52:	4619                	li	a2,6
    9c54:	00002517          	auipc	a0,0x2
    9c58:	0b050513          	addi	a0,a0,176 # bd04 <__sf_fake_stdout+0x2c>
    9c5c:	00140493          	addi	s1,s0,1
    9c60:	02b10c23          	sb	a1,56(sp)
    9c64:	afaff0ef          	jal	ra,8f5e <memchr>
    9c68:	c525                	beqz	a0,9cd0 <_svfiprintf_r+0x256>
    9c6a:	ffff6797          	auipc	a5,0xffff6
    9c6e:	39678793          	addi	a5,a5,918 # 0 <__stack_size-0x800>
    9c72:	e795                	bnez	a5,9c9e <_svfiprintf_r+0x224>
    9c74:	5702                	lw	a4,32(sp)
    9c76:	47f2                	lw	a5,28(sp)
    9c78:	10077713          	andi	a4,a4,256
    9c7c:	cf09                	beqz	a4,9c96 <_svfiprintf_r+0x21c>
    9c7e:	0791                	addi	a5,a5,4
    9c80:	ce3e                	sw	a5,28(sp)
    9c82:	57d2                	lw	a5,52(sp)
    9c84:	97d2                	add	a5,a5,s4
    9c86:	da3e                	sw	a5,52(sp)
    9c88:	b541                	j	9b08 <_svfiprintf_r+0x8e>
    9c8a:	036787b3          	mul	a5,a5,s6
    9c8e:	4685                	li	a3,1
    9c90:	842e                	mv	s0,a1
    9c92:	97ba                	add	a5,a5,a4
    9c94:	b741                	j	9c14 <_svfiprintf_r+0x19a>
    9c96:	079d                	addi	a5,a5,7
    9c98:	9be1                	andi	a5,a5,-8
    9c9a:	07a1                	addi	a5,a5,8
    9c9c:	b7d5                	j	9c80 <_svfiprintf_r+0x206>
    9c9e:	0878                	addi	a4,sp,28
    9ca0:	00000697          	auipc	a3,0x0
    9ca4:	cf668693          	addi	a3,a3,-778 # 9996 <__ssputs_r>
    9ca8:	864a                	mv	a2,s2
    9caa:	100c                	addi	a1,sp,32
    9cac:	854e                	mv	a0,s3
    9cae:	00000097          	auipc	ra,0x0
    9cb2:	000000e7          	jalr	zero # 0 <__stack_size-0x800>
    9cb6:	57fd                	li	a5,-1
    9cb8:	8a2a                	mv	s4,a0
    9cba:	fcf514e3          	bne	a0,a5,9c82 <_svfiprintf_r+0x208>
    9cbe:	00c95783          	lhu	a5,12(s2)
    9cc2:	557d                	li	a0,-1
    9cc4:	0407f793          	andi	a5,a5,64
    9cc8:	de079de3          	bnez	a5,9ac2 <_svfiprintf_r+0x48>
    9ccc:	5552                	lw	a0,52(sp)
    9cce:	bbd5                	j	9ac2 <_svfiprintf_r+0x48>
    9cd0:	0878                	addi	a4,sp,28
    9cd2:	00000697          	auipc	a3,0x0
    9cd6:	cc468693          	addi	a3,a3,-828 # 9996 <__ssputs_r>
    9cda:	864a                	mv	a2,s2
    9cdc:	100c                	addi	a1,sp,32
    9cde:	854e                	mv	a0,s3
    9ce0:	2121                	jal	a0e8 <_printf_i>
    9ce2:	bfd1                	j	9cb6 <_svfiprintf_r+0x23c>

00009ce4 <__sfputc_r>:
    9ce4:	461c                	lw	a5,8(a2)
    9ce6:	17fd                	addi	a5,a5,-1
    9ce8:	c61c                	sw	a5,8(a2)
    9cea:	0007da63          	bgez	a5,9cfe <__sfputc_r+0x1a>
    9cee:	4e18                	lw	a4,24(a2)
    9cf0:	00e7c563          	blt	a5,a4,9cfa <__sfputc_r+0x16>
    9cf4:	47a9                	li	a5,10
    9cf6:	00f59463          	bne	a1,a5,9cfe <__sfputc_r+0x1a>
    9cfa:	cb6ff06f          	j	91b0 <__swbuf_r>
    9cfe:	421c                	lw	a5,0(a2)
    9d00:	852e                	mv	a0,a1
    9d02:	00178713          	addi	a4,a5,1
    9d06:	c218                	sw	a4,0(a2)
    9d08:	a38c                	sb	a1,0(a5)
    9d0a:	8082                	ret

00009d0c <__sfputs_r>:
    9d0c:	1101                	addi	sp,sp,-32
    9d0e:	cc22                	sw	s0,24(sp)
    9d10:	ca26                	sw	s1,20(sp)
    9d12:	c84a                	sw	s2,16(sp)
    9d14:	c64e                	sw	s3,12(sp)
    9d16:	c452                	sw	s4,8(sp)
    9d18:	ce06                	sw	ra,28(sp)
    9d1a:	892a                	mv	s2,a0
    9d1c:	89ae                	mv	s3,a1
    9d1e:	8432                	mv	s0,a2
    9d20:	00d604b3          	add	s1,a2,a3
    9d24:	5a7d                	li	s4,-1
    9d26:	00941463          	bne	s0,s1,9d2e <__sfputs_r+0x22>
    9d2a:	4501                	li	a0,0
    9d2c:	a809                	j	9d3e <__sfputs_r+0x32>
    9d2e:	200c                	lbu	a1,0(s0)
    9d30:	864e                	mv	a2,s3
    9d32:	854a                	mv	a0,s2
    9d34:	fb1ff0ef          	jal	ra,9ce4 <__sfputc_r>
    9d38:	0405                	addi	s0,s0,1
    9d3a:	ff4516e3          	bne	a0,s4,9d26 <__sfputs_r+0x1a>
    9d3e:	40f2                	lw	ra,28(sp)
    9d40:	4462                	lw	s0,24(sp)
    9d42:	44d2                	lw	s1,20(sp)
    9d44:	4942                	lw	s2,16(sp)
    9d46:	49b2                	lw	s3,12(sp)
    9d48:	4a22                	lw	s4,8(sp)
    9d4a:	6105                	addi	sp,sp,32
    9d4c:	8082                	ret

00009d4e <_vfiprintf_r>:
    9d4e:	7135                	addi	sp,sp,-160
    9d50:	cd22                	sw	s0,152(sp)
    9d52:	cb26                	sw	s1,148(sp)
    9d54:	c94a                	sw	s2,144(sp)
    9d56:	c74e                	sw	s3,140(sp)
    9d58:	cf06                	sw	ra,156(sp)
    9d5a:	c552                	sw	s4,136(sp)
    9d5c:	c356                	sw	s5,132(sp)
    9d5e:	c15a                	sw	s6,128(sp)
    9d60:	dede                	sw	s7,124(sp)
    9d62:	dce2                	sw	s8,120(sp)
    9d64:	dae6                	sw	s9,116(sp)
    9d66:	89aa                	mv	s3,a0
    9d68:	84ae                	mv	s1,a1
    9d6a:	8932                	mv	s2,a2
    9d6c:	8436                	mv	s0,a3
    9d6e:	c509                	beqz	a0,9d78 <_vfiprintf_r+0x2a>
    9d70:	4d1c                	lw	a5,24(a0)
    9d72:	e399                	bnez	a5,9d78 <_vfiprintf_r+0x2a>
    9d74:	841ff0ef          	jal	ra,95b4 <__sinit>
    9d78:	00002797          	auipc	a5,0x2
    9d7c:	f4078793          	addi	a5,a5,-192 # bcb8 <__sf_fake_stdin>
    9d80:	0cf49963          	bne	s1,a5,9e52 <_vfiprintf_r+0x104>
    9d84:	0049a483          	lw	s1,4(s3)
    9d88:	24de                	lhu	a5,12(s1)
    9d8a:	8ba1                	andi	a5,a5,8
    9d8c:	c7ed                	beqz	a5,9e76 <_vfiprintf_r+0x128>
    9d8e:	489c                	lw	a5,16(s1)
    9d90:	c3fd                	beqz	a5,9e76 <_vfiprintf_r+0x128>
    9d92:	02000793          	li	a5,32
    9d96:	02f104a3          	sb	a5,41(sp)
    9d9a:	03000793          	li	a5,48
    9d9e:	d202                	sw	zero,36(sp)
    9da0:	02f10523          	sb	a5,42(sp)
    9da4:	c622                	sw	s0,12(sp)
    9da6:	02500b93          	li	s7,37
    9daa:	00002a97          	auipc	s5,0x2
    9dae:	f4ea8a93          	addi	s5,s5,-178 # bcf8 <__sf_fake_stdout+0x20>
    9db2:	4c05                	li	s8,1
    9db4:	4b29                	li	s6,10
    9db6:	844a                	mv	s0,s2
    9db8:	201c                	lbu	a5,0(s0)
    9dba:	c399                	beqz	a5,9dc0 <_vfiprintf_r+0x72>
    9dbc:	0f779063          	bne	a5,s7,9e9c <_vfiprintf_r+0x14e>
    9dc0:	41240cb3          	sub	s9,s0,s2
    9dc4:	000c8e63          	beqz	s9,9de0 <_vfiprintf_r+0x92>
    9dc8:	86e6                	mv	a3,s9
    9dca:	864a                	mv	a2,s2
    9dcc:	85a6                	mv	a1,s1
    9dce:	854e                	mv	a0,s3
    9dd0:	f3dff0ef          	jal	ra,9d0c <__sfputs_r>
    9dd4:	57fd                	li	a5,-1
    9dd6:	1ef50263          	beq	a0,a5,9fba <_vfiprintf_r+0x26c>
    9dda:	5692                	lw	a3,36(sp)
    9ddc:	96e6                	add	a3,a3,s9
    9dde:	d236                	sw	a3,36(sp)
    9de0:	201c                	lbu	a5,0(s0)
    9de2:	1c078c63          	beqz	a5,9fba <_vfiprintf_r+0x26c>
    9de6:	57fd                	li	a5,-1
    9de8:	00140913          	addi	s2,s0,1
    9dec:	c802                	sw	zero,16(sp)
    9dee:	ce02                	sw	zero,28(sp)
    9df0:	ca3e                	sw	a5,20(sp)
    9df2:	cc02                	sw	zero,24(sp)
    9df4:	040109a3          	sb	zero,83(sp)
    9df8:	d482                	sw	zero,104(sp)
    9dfa:	00094583          	lbu	a1,0(s2)
    9dfe:	4615                	li	a2,5
    9e00:	8556                	mv	a0,s5
    9e02:	95cff0ef          	jal	ra,8f5e <memchr>
    9e06:	00190413          	addi	s0,s2,1
    9e0a:	47c2                	lw	a5,16(sp)
    9e0c:	e951                	bnez	a0,9ea0 <_vfiprintf_r+0x152>
    9e0e:	0107f713          	andi	a4,a5,16
    9e12:	c709                	beqz	a4,9e1c <_vfiprintf_r+0xce>
    9e14:	02000713          	li	a4,32
    9e18:	04e109a3          	sb	a4,83(sp)
    9e1c:	0087f713          	andi	a4,a5,8
    9e20:	c709                	beqz	a4,9e2a <_vfiprintf_r+0xdc>
    9e22:	02b00713          	li	a4,43
    9e26:	04e109a3          	sb	a4,83(sp)
    9e2a:	00094683          	lbu	a3,0(s2)
    9e2e:	02a00713          	li	a4,42
    9e32:	06e68f63          	beq	a3,a4,9eb0 <_vfiprintf_r+0x162>
    9e36:	47f2                	lw	a5,28(sp)
    9e38:	844a                	mv	s0,s2
    9e3a:	4681                	li	a3,0
    9e3c:	4625                	li	a2,9
    9e3e:	2018                	lbu	a4,0(s0)
    9e40:	00140593          	addi	a1,s0,1
    9e44:	fd070713          	addi	a4,a4,-48
    9e48:	0ae67763          	bgeu	a2,a4,9ef6 <_vfiprintf_r+0x1a8>
    9e4c:	cab5                	beqz	a3,9ec0 <_vfiprintf_r+0x172>
    9e4e:	ce3e                	sw	a5,28(sp)
    9e50:	a885                	j	9ec0 <_vfiprintf_r+0x172>
    9e52:	00002797          	auipc	a5,0x2
    9e56:	e8678793          	addi	a5,a5,-378 # bcd8 <__sf_fake_stdout>
    9e5a:	00f49563          	bne	s1,a5,9e64 <_vfiprintf_r+0x116>
    9e5e:	0089a483          	lw	s1,8(s3)
    9e62:	b71d                	j	9d88 <_vfiprintf_r+0x3a>
    9e64:	00002797          	auipc	a5,0x2
    9e68:	e3478793          	addi	a5,a5,-460 # bc98 <__sf_fake_stderr>
    9e6c:	f0f49ee3          	bne	s1,a5,9d88 <_vfiprintf_r+0x3a>
    9e70:	00c9a483          	lw	s1,12(s3)
    9e74:	bf11                	j	9d88 <_vfiprintf_r+0x3a>
    9e76:	85a6                	mv	a1,s1
    9e78:	854e                	mv	a0,s3
    9e7a:	bf2ff0ef          	jal	ra,926c <__swsetup_r>
    9e7e:	d911                	beqz	a0,9d92 <_vfiprintf_r+0x44>
    9e80:	557d                	li	a0,-1
    9e82:	40fa                	lw	ra,156(sp)
    9e84:	446a                	lw	s0,152(sp)
    9e86:	44da                	lw	s1,148(sp)
    9e88:	494a                	lw	s2,144(sp)
    9e8a:	49ba                	lw	s3,140(sp)
    9e8c:	4a2a                	lw	s4,136(sp)
    9e8e:	4a9a                	lw	s5,132(sp)
    9e90:	4b0a                	lw	s6,128(sp)
    9e92:	5bf6                	lw	s7,124(sp)
    9e94:	5c66                	lw	s8,120(sp)
    9e96:	5cd6                	lw	s9,116(sp)
    9e98:	610d                	addi	sp,sp,160
    9e9a:	8082                	ret
    9e9c:	0405                	addi	s0,s0,1
    9e9e:	bf29                	j	9db8 <_vfiprintf_r+0x6a>
    9ea0:	41550533          	sub	a0,a0,s5
    9ea4:	00ac1533          	sll	a0,s8,a0
    9ea8:	8fc9                	or	a5,a5,a0
    9eaa:	c83e                	sw	a5,16(sp)
    9eac:	8922                	mv	s2,s0
    9eae:	b7b1                	j	9dfa <_vfiprintf_r+0xac>
    9eb0:	4732                	lw	a4,12(sp)
    9eb2:	00470693          	addi	a3,a4,4
    9eb6:	4318                	lw	a4,0(a4)
    9eb8:	c636                	sw	a3,12(sp)
    9eba:	02074763          	bltz	a4,9ee8 <_vfiprintf_r+0x19a>
    9ebe:	ce3a                	sw	a4,28(sp)
    9ec0:	2018                	lbu	a4,0(s0)
    9ec2:	02e00793          	li	a5,46
    9ec6:	04f71d63          	bne	a4,a5,9f20 <_vfiprintf_r+0x1d2>
    9eca:	3018                	lbu	a4,1(s0)
    9ecc:	02a00793          	li	a5,42
    9ed0:	02f71b63          	bne	a4,a5,9f06 <_vfiprintf_r+0x1b8>
    9ed4:	47b2                	lw	a5,12(sp)
    9ed6:	0409                	addi	s0,s0,2
    9ed8:	00478713          	addi	a4,a5,4
    9edc:	439c                	lw	a5,0(a5)
    9ede:	c63a                	sw	a4,12(sp)
    9ee0:	0207c163          	bltz	a5,9f02 <_vfiprintf_r+0x1b4>
    9ee4:	ca3e                	sw	a5,20(sp)
    9ee6:	a82d                	j	9f20 <_vfiprintf_r+0x1d2>
    9ee8:	40e00733          	neg	a4,a4
    9eec:	0027e793          	ori	a5,a5,2
    9ef0:	ce3a                	sw	a4,28(sp)
    9ef2:	c83e                	sw	a5,16(sp)
    9ef4:	b7f1                	j	9ec0 <_vfiprintf_r+0x172>
    9ef6:	036787b3          	mul	a5,a5,s6
    9efa:	4685                	li	a3,1
    9efc:	842e                	mv	s0,a1
    9efe:	97ba                	add	a5,a5,a4
    9f00:	bf3d                	j	9e3e <_vfiprintf_r+0xf0>
    9f02:	57fd                	li	a5,-1
    9f04:	b7c5                	j	9ee4 <_vfiprintf_r+0x196>
    9f06:	0405                	addi	s0,s0,1
    9f08:	ca02                	sw	zero,20(sp)
    9f0a:	4681                	li	a3,0
    9f0c:	4781                	li	a5,0
    9f0e:	4625                	li	a2,9
    9f10:	2018                	lbu	a4,0(s0)
    9f12:	00140593          	addi	a1,s0,1
    9f16:	fd070713          	addi	a4,a4,-48
    9f1a:	06e67663          	bgeu	a2,a4,9f86 <_vfiprintf_r+0x238>
    9f1e:	f2f9                	bnez	a3,9ee4 <_vfiprintf_r+0x196>
    9f20:	200c                	lbu	a1,0(s0)
    9f22:	460d                	li	a2,3
    9f24:	00002517          	auipc	a0,0x2
    9f28:	ddc50513          	addi	a0,a0,-548 # bd00 <__sf_fake_stdout+0x28>
    9f2c:	832ff0ef          	jal	ra,8f5e <memchr>
    9f30:	cd11                	beqz	a0,9f4c <_vfiprintf_r+0x1fe>
    9f32:	00002797          	auipc	a5,0x2
    9f36:	dce78793          	addi	a5,a5,-562 # bd00 <__sf_fake_stdout+0x28>
    9f3a:	8d1d                	sub	a0,a0,a5
    9f3c:	04000793          	li	a5,64
    9f40:	00a797b3          	sll	a5,a5,a0
    9f44:	4542                	lw	a0,16(sp)
    9f46:	0405                	addi	s0,s0,1
    9f48:	8d5d                	or	a0,a0,a5
    9f4a:	c82a                	sw	a0,16(sp)
    9f4c:	200c                	lbu	a1,0(s0)
    9f4e:	4619                	li	a2,6
    9f50:	00002517          	auipc	a0,0x2
    9f54:	db450513          	addi	a0,a0,-588 # bd04 <__sf_fake_stdout+0x2c>
    9f58:	00140913          	addi	s2,s0,1
    9f5c:	02b10423          	sb	a1,40(sp)
    9f60:	ffffe0ef          	jal	ra,8f5e <memchr>
    9f64:	c135                	beqz	a0,9fc8 <_vfiprintf_r+0x27a>
    9f66:	ffff6797          	auipc	a5,0xffff6
    9f6a:	09a78793          	addi	a5,a5,154 # 0 <__stack_size-0x800>
    9f6e:	e795                	bnez	a5,9f9a <_vfiprintf_r+0x24c>
    9f70:	4742                	lw	a4,16(sp)
    9f72:	47b2                	lw	a5,12(sp)
    9f74:	10077713          	andi	a4,a4,256
    9f78:	cf09                	beqz	a4,9f92 <_vfiprintf_r+0x244>
    9f7a:	0791                	addi	a5,a5,4
    9f7c:	c63e                	sw	a5,12(sp)
    9f7e:	5792                	lw	a5,36(sp)
    9f80:	97d2                	add	a5,a5,s4
    9f82:	d23e                	sw	a5,36(sp)
    9f84:	bd0d                	j	9db6 <_vfiprintf_r+0x68>
    9f86:	036787b3          	mul	a5,a5,s6
    9f8a:	4685                	li	a3,1
    9f8c:	842e                	mv	s0,a1
    9f8e:	97ba                	add	a5,a5,a4
    9f90:	b741                	j	9f10 <_vfiprintf_r+0x1c2>
    9f92:	079d                	addi	a5,a5,7
    9f94:	9be1                	andi	a5,a5,-8
    9f96:	07a1                	addi	a5,a5,8
    9f98:	b7d5                	j	9f7c <_vfiprintf_r+0x22e>
    9f9a:	0078                	addi	a4,sp,12
    9f9c:	00000697          	auipc	a3,0x0
    9fa0:	d7068693          	addi	a3,a3,-656 # 9d0c <__sfputs_r>
    9fa4:	8626                	mv	a2,s1
    9fa6:	080c                	addi	a1,sp,16
    9fa8:	854e                	mv	a0,s3
    9faa:	00000097          	auipc	ra,0x0
    9fae:	000000e7          	jalr	zero # 0 <__stack_size-0x800>
    9fb2:	57fd                	li	a5,-1
    9fb4:	8a2a                	mv	s4,a0
    9fb6:	fcf514e3          	bne	a0,a5,9f7e <_vfiprintf_r+0x230>
    9fba:	24de                	lhu	a5,12(s1)
    9fbc:	0407f793          	andi	a5,a5,64
    9fc0:	ec0790e3          	bnez	a5,9e80 <_vfiprintf_r+0x132>
    9fc4:	5512                	lw	a0,36(sp)
    9fc6:	bd75                	j	9e82 <_vfiprintf_r+0x134>
    9fc8:	0078                	addi	a4,sp,12
    9fca:	00000697          	auipc	a3,0x0
    9fce:	d4268693          	addi	a3,a3,-702 # 9d0c <__sfputs_r>
    9fd2:	8626                	mv	a2,s1
    9fd4:	080c                	addi	a1,sp,16
    9fd6:	854e                	mv	a0,s3
    9fd8:	2a01                	jal	a0e8 <_printf_i>
    9fda:	bfe1                	j	9fb2 <_vfiprintf_r+0x264>

00009fdc <_printf_common>:
    9fdc:	7179                	addi	sp,sp,-48
    9fde:	ca56                	sw	s5,20(sp)
    9fe0:	499c                	lw	a5,16(a1)
    9fe2:	8aba                	mv	s5,a4
    9fe4:	4598                	lw	a4,8(a1)
    9fe6:	d422                	sw	s0,40(sp)
    9fe8:	d226                	sw	s1,36(sp)
    9fea:	ce4e                	sw	s3,28(sp)
    9fec:	cc52                	sw	s4,24(sp)
    9fee:	d606                	sw	ra,44(sp)
    9ff0:	d04a                	sw	s2,32(sp)
    9ff2:	c85a                	sw	s6,16(sp)
    9ff4:	c65e                	sw	s7,12(sp)
    9ff6:	89aa                	mv	s3,a0
    9ff8:	842e                	mv	s0,a1
    9ffa:	84b2                	mv	s1,a2
    9ffc:	8a36                	mv	s4,a3
    9ffe:	00e7d363          	bge	a5,a4,a004 <_printf_common+0x28>
    a002:	87ba                	mv	a5,a4
    a004:	c09c                	sw	a5,0(s1)
    a006:	04344703          	lbu	a4,67(s0)
    a00a:	c319                	beqz	a4,a010 <_printf_common+0x34>
    a00c:	0785                	addi	a5,a5,1
    a00e:	c09c                	sw	a5,0(s1)
    a010:	401c                	lw	a5,0(s0)
    a012:	0207f793          	andi	a5,a5,32
    a016:	c781                	beqz	a5,a01e <_printf_common+0x42>
    a018:	409c                	lw	a5,0(s1)
    a01a:	0789                	addi	a5,a5,2
    a01c:	c09c                	sw	a5,0(s1)
    a01e:	00042903          	lw	s2,0(s0)
    a022:	00697913          	andi	s2,s2,6
    a026:	00091a63          	bnez	s2,a03a <_printf_common+0x5e>
    a02a:	01940b13          	addi	s6,s0,25
    a02e:	5bfd                	li	s7,-1
    a030:	445c                	lw	a5,12(s0)
    a032:	4098                	lw	a4,0(s1)
    a034:	8f99                	sub	a5,a5,a4
    a036:	04f94c63          	blt	s2,a5,a08e <_printf_common+0xb2>
    a03a:	401c                	lw	a5,0(s0)
    a03c:	04344683          	lbu	a3,67(s0)
    a040:	0207f793          	andi	a5,a5,32
    a044:	00d036b3          	snez	a3,a3
    a048:	eba5                	bnez	a5,a0b8 <_printf_common+0xdc>
    a04a:	04340613          	addi	a2,s0,67
    a04e:	85d2                	mv	a1,s4
    a050:	854e                	mv	a0,s3
    a052:	9a82                	jalr	s5
    a054:	57fd                	li	a5,-1
    a056:	04f50363          	beq	a0,a5,a09c <_printf_common+0xc0>
    a05a:	401c                	lw	a5,0(s0)
    a05c:	4611                	li	a2,4
    a05e:	4098                	lw	a4,0(s1)
    a060:	8b99                	andi	a5,a5,6
    a062:	4454                	lw	a3,12(s0)
    a064:	4481                	li	s1,0
    a066:	00c79763          	bne	a5,a2,a074 <_printf_common+0x98>
    a06a:	40e684b3          	sub	s1,a3,a4
    a06e:	0004d363          	bgez	s1,a074 <_printf_common+0x98>
    a072:	4481                	li	s1,0
    a074:	441c                	lw	a5,8(s0)
    a076:	4818                	lw	a4,16(s0)
    a078:	00f75463          	bge	a4,a5,a080 <_printf_common+0xa4>
    a07c:	8f99                	sub	a5,a5,a4
    a07e:	94be                	add	s1,s1,a5
    a080:	4901                	li	s2,0
    a082:	0469                	addi	s0,s0,26
    a084:	5b7d                	li	s6,-1
    a086:	05249863          	bne	s1,s2,a0d6 <_printf_common+0xfa>
    a08a:	4501                	li	a0,0
    a08c:	a809                	j	a09e <_printf_common+0xc2>
    a08e:	4685                	li	a3,1
    a090:	865a                	mv	a2,s6
    a092:	85d2                	mv	a1,s4
    a094:	854e                	mv	a0,s3
    a096:	9a82                	jalr	s5
    a098:	01751e63          	bne	a0,s7,a0b4 <_printf_common+0xd8>
    a09c:	557d                	li	a0,-1
    a09e:	50b2                	lw	ra,44(sp)
    a0a0:	5422                	lw	s0,40(sp)
    a0a2:	5492                	lw	s1,36(sp)
    a0a4:	5902                	lw	s2,32(sp)
    a0a6:	49f2                	lw	s3,28(sp)
    a0a8:	4a62                	lw	s4,24(sp)
    a0aa:	4ad2                	lw	s5,20(sp)
    a0ac:	4b42                	lw	s6,16(sp)
    a0ae:	4bb2                	lw	s7,12(sp)
    a0b0:	6145                	addi	sp,sp,48
    a0b2:	8082                	ret
    a0b4:	0905                	addi	s2,s2,1
    a0b6:	bfad                	j	a030 <_printf_common+0x54>
    a0b8:	00d40733          	add	a4,s0,a3
    a0bc:	03000613          	li	a2,48
    a0c0:	04c701a3          	sb	a2,67(a4)
    a0c4:	04544703          	lbu	a4,69(s0)
    a0c8:	00168793          	addi	a5,a3,1
    a0cc:	97a2                	add	a5,a5,s0
    a0ce:	0689                	addi	a3,a3,2
    a0d0:	04e781a3          	sb	a4,67(a5)
    a0d4:	bf9d                	j	a04a <_printf_common+0x6e>
    a0d6:	4685                	li	a3,1
    a0d8:	8622                	mv	a2,s0
    a0da:	85d2                	mv	a1,s4
    a0dc:	854e                	mv	a0,s3
    a0de:	9a82                	jalr	s5
    a0e0:	fb650ee3          	beq	a0,s6,a09c <_printf_common+0xc0>
    a0e4:	0905                	addi	s2,s2,1
    a0e6:	b745                	j	a086 <_printf_common+0xaa>

0000a0e8 <_printf_i>:
    a0e8:	7179                	addi	sp,sp,-48
    a0ea:	d422                	sw	s0,40(sp)
    a0ec:	d226                	sw	s1,36(sp)
    a0ee:	d04a                	sw	s2,32(sp)
    a0f0:	ce4e                	sw	s3,28(sp)
    a0f2:	d606                	sw	ra,44(sp)
    a0f4:	cc52                	sw	s4,24(sp)
    a0f6:	ca56                	sw	s5,20(sp)
    a0f8:	c85a                	sw	s6,16(sp)
    a0fa:	89b6                	mv	s3,a3
    a0fc:	2d94                	lbu	a3,24(a1)
    a0fe:	06900793          	li	a5,105
    a102:	8932                	mv	s2,a2
    a104:	84aa                	mv	s1,a0
    a106:	842e                	mv	s0,a1
    a108:	04358613          	addi	a2,a1,67
    a10c:	02f68d63          	beq	a3,a5,a146 <_printf_i+0x5e>
    a110:	06d7e263          	bltu	a5,a3,a174 <_printf_i+0x8c>
    a114:	05800793          	li	a5,88
    a118:	18f68763          	beq	a3,a5,a2a6 <_printf_i+0x1be>
    a11c:	00d7ed63          	bltu	a5,a3,a136 <_printf_i+0x4e>
    a120:	20068f63          	beqz	a3,a33e <_printf_i+0x256>
    a124:	04300793          	li	a5,67
    a128:	0af68f63          	beq	a3,a5,a1e6 <_printf_i+0xfe>
    a12c:	04240a93          	addi	s5,s0,66
    a130:	04d40123          	sb	a3,66(s0)
    a134:	a0d1                	j	a1f8 <_printf_i+0x110>
    a136:	06300793          	li	a5,99
    a13a:	0af68663          	beq	a3,a5,a1e6 <_printf_i+0xfe>
    a13e:	06400793          	li	a5,100
    a142:	fef695e3          	bne	a3,a5,a12c <_printf_i+0x44>
    a146:	401c                	lw	a5,0(s0)
    a148:	4308                	lw	a0,0(a4)
    a14a:	0807f693          	andi	a3,a5,128
    a14e:	00450593          	addi	a1,a0,4
    a152:	c6cd                	beqz	a3,a1fc <_printf_i+0x114>
    a154:	411c                	lw	a5,0(a0)
    a156:	c30c                	sw	a1,0(a4)
    a158:	0007d863          	bgez	a5,a168 <_printf_i+0x80>
    a15c:	02d00713          	li	a4,45
    a160:	40f007b3          	neg	a5,a5
    a164:	04e401a3          	sb	a4,67(s0)
    a168:	00002697          	auipc	a3,0x2
    a16c:	ba468693          	addi	a3,a3,-1116 # bd0c <__sf_fake_stdout+0x34>
    a170:	4729                	li	a4,10
    a172:	a86d                	j	a22c <_printf_i+0x144>
    a174:	07000793          	li	a5,112
    a178:	16f68363          	beq	a3,a5,a2de <_printf_i+0x1f6>
    a17c:	02d7e563          	bltu	a5,a3,a1a6 <_printf_i+0xbe>
    a180:	06e00793          	li	a5,110
    a184:	18f68a63          	beq	a3,a5,a318 <_printf_i+0x230>
    a188:	06f00793          	li	a5,111
    a18c:	faf690e3          	bne	a3,a5,a12c <_printf_i+0x44>
    a190:	400c                	lw	a1,0(s0)
    a192:	431c                	lw	a5,0(a4)
    a194:	0805f813          	andi	a6,a1,128
    a198:	00478513          	addi	a0,a5,4
    a19c:	06080863          	beqz	a6,a20c <_printf_i+0x124>
    a1a0:	c308                	sw	a0,0(a4)
    a1a2:	439c                	lw	a5,0(a5)
    a1a4:	a88d                	j	a216 <_printf_i+0x12e>
    a1a6:	07500793          	li	a5,117
    a1aa:	fef683e3          	beq	a3,a5,a190 <_printf_i+0xa8>
    a1ae:	07800793          	li	a5,120
    a1b2:	12f68a63          	beq	a3,a5,a2e6 <_printf_i+0x1fe>
    a1b6:	07300793          	li	a5,115
    a1ba:	f6f699e3          	bne	a3,a5,a12c <_printf_i+0x44>
    a1be:	431c                	lw	a5,0(a4)
    a1c0:	41d0                	lw	a2,4(a1)
    a1c2:	4581                	li	a1,0
    a1c4:	00478693          	addi	a3,a5,4
    a1c8:	c314                	sw	a3,0(a4)
    a1ca:	0007aa83          	lw	s5,0(a5)
    a1ce:	8556                	mv	a0,s5
    a1d0:	d8ffe0ef          	jal	ra,8f5e <memchr>
    a1d4:	c501                	beqz	a0,a1dc <_printf_i+0xf4>
    a1d6:	41550533          	sub	a0,a0,s5
    a1da:	c048                	sw	a0,4(s0)
    a1dc:	405c                	lw	a5,4(s0)
    a1de:	c81c                	sw	a5,16(s0)
    a1e0:	040401a3          	sb	zero,67(s0)
    a1e4:	a861                	j	a27c <_printf_i+0x194>
    a1e6:	431c                	lw	a5,0(a4)
    a1e8:	04240a93          	addi	s5,s0,66
    a1ec:	00478693          	addi	a3,a5,4
    a1f0:	439c                	lw	a5,0(a5)
    a1f2:	c314                	sw	a3,0(a4)
    a1f4:	04f40123          	sb	a5,66(s0)
    a1f8:	4785                	li	a5,1
    a1fa:	b7d5                	j	a1de <_printf_i+0xf6>
    a1fc:	0407f693          	andi	a3,a5,64
    a200:	411c                	lw	a5,0(a0)
    a202:	c30c                	sw	a1,0(a4)
    a204:	dab1                	beqz	a3,a158 <_printf_i+0x70>
    a206:	07c2                	slli	a5,a5,0x10
    a208:	87c1                	srai	a5,a5,0x10
    a20a:	b7b9                	j	a158 <_printf_i+0x70>
    a20c:	0405f593          	andi	a1,a1,64
    a210:	c308                	sw	a0,0(a4)
    a212:	d9c1                	beqz	a1,a1a2 <_printf_i+0xba>
    a214:	239e                	lhu	a5,0(a5)
    a216:	06f00713          	li	a4,111
    a21a:	0ee68763          	beq	a3,a4,a308 <_printf_i+0x220>
    a21e:	00002697          	auipc	a3,0x2
    a222:	aee68693          	addi	a3,a3,-1298 # bd0c <__sf_fake_stdout+0x34>
    a226:	4729                	li	a4,10
    a228:	040401a3          	sb	zero,67(s0)
    a22c:	404c                	lw	a1,4(s0)
    a22e:	c40c                	sw	a1,8(s0)
    a230:	0005c563          	bltz	a1,a23a <_printf_i+0x152>
    a234:	4008                	lw	a0,0(s0)
    a236:	996d                	andi	a0,a0,-5
    a238:	c008                	sw	a0,0(s0)
    a23a:	e399                	bnez	a5,a240 <_printf_i+0x158>
    a23c:	8ab2                	mv	s5,a2
    a23e:	cd89                	beqz	a1,a258 <_printf_i+0x170>
    a240:	8ab2                	mv	s5,a2
    a242:	02e7f5b3          	remu	a1,a5,a4
    a246:	1afd                	addi	s5,s5,-1
    a248:	95b6                	add	a1,a1,a3
    a24a:	218c                	lbu	a1,0(a1)
    a24c:	00ba8023          	sb	a1,0(s5)
    a250:	02e7d5b3          	divu	a1,a5,a4
    a254:	0ce7f063          	bgeu	a5,a4,a314 <_printf_i+0x22c>
    a258:	47a1                	li	a5,8
    a25a:	00f71e63          	bne	a4,a5,a276 <_printf_i+0x18e>
    a25e:	401c                	lw	a5,0(s0)
    a260:	8b85                	andi	a5,a5,1
    a262:	cb91                	beqz	a5,a276 <_printf_i+0x18e>
    a264:	4058                	lw	a4,4(s0)
    a266:	481c                	lw	a5,16(s0)
    a268:	00e7c763          	blt	a5,a4,a276 <_printf_i+0x18e>
    a26c:	03000793          	li	a5,48
    a270:	fefa8fa3          	sb	a5,-1(s5)
    a274:	1afd                	addi	s5,s5,-1
    a276:	41560633          	sub	a2,a2,s5
    a27a:	c810                	sw	a2,16(s0)
    a27c:	874e                	mv	a4,s3
    a27e:	86ca                	mv	a3,s2
    a280:	0070                	addi	a2,sp,12
    a282:	85a2                	mv	a1,s0
    a284:	8526                	mv	a0,s1
    a286:	d57ff0ef          	jal	ra,9fdc <_printf_common>
    a28a:	5a7d                	li	s4,-1
    a28c:	0b451d63          	bne	a0,s4,a346 <_printf_i+0x25e>
    a290:	557d                	li	a0,-1
    a292:	50b2                	lw	ra,44(sp)
    a294:	5422                	lw	s0,40(sp)
    a296:	5492                	lw	s1,36(sp)
    a298:	5902                	lw	s2,32(sp)
    a29a:	49f2                	lw	s3,28(sp)
    a29c:	4a62                	lw	s4,24(sp)
    a29e:	4ad2                	lw	s5,20(sp)
    a2a0:	4b42                	lw	s6,16(sp)
    a2a2:	6145                	addi	sp,sp,48
    a2a4:	8082                	ret
    a2a6:	04d582a3          	sb	a3,69(a1)
    a2aa:	00002697          	auipc	a3,0x2
    a2ae:	a6268693          	addi	a3,a3,-1438 # bd0c <__sf_fake_stdout+0x34>
    a2b2:	400c                	lw	a1,0(s0)
    a2b4:	4308                	lw	a0,0(a4)
    a2b6:	0805f813          	andi	a6,a1,128
    a2ba:	411c                	lw	a5,0(a0)
    a2bc:	0511                	addi	a0,a0,4
    a2be:	02080d63          	beqz	a6,a2f8 <_printf_i+0x210>
    a2c2:	c308                	sw	a0,0(a4)
    a2c4:	0015f713          	andi	a4,a1,1
    a2c8:	c701                	beqz	a4,a2d0 <_printf_i+0x1e8>
    a2ca:	0205e593          	ori	a1,a1,32
    a2ce:	c00c                	sw	a1,0(s0)
    a2d0:	4741                	li	a4,16
    a2d2:	fbb9                	bnez	a5,a228 <_printf_i+0x140>
    a2d4:	400c                	lw	a1,0(s0)
    a2d6:	fdf5f593          	andi	a1,a1,-33
    a2da:	c00c                	sw	a1,0(s0)
    a2dc:	b7b1                	j	a228 <_printf_i+0x140>
    a2de:	419c                	lw	a5,0(a1)
    a2e0:	0207e793          	ori	a5,a5,32
    a2e4:	c19c                	sw	a5,0(a1)
    a2e6:	07800793          	li	a5,120
    a2ea:	04f402a3          	sb	a5,69(s0)
    a2ee:	00002697          	auipc	a3,0x2
    a2f2:	a3268693          	addi	a3,a3,-1486 # bd20 <__sf_fake_stdout+0x48>
    a2f6:	bf75                	j	a2b2 <_printf_i+0x1ca>
    a2f8:	0405f813          	andi	a6,a1,64
    a2fc:	c308                	sw	a0,0(a4)
    a2fe:	fc0803e3          	beqz	a6,a2c4 <_printf_i+0x1dc>
    a302:	07c2                	slli	a5,a5,0x10
    a304:	83c1                	srli	a5,a5,0x10
    a306:	bf7d                	j	a2c4 <_printf_i+0x1dc>
    a308:	00002697          	auipc	a3,0x2
    a30c:	a0468693          	addi	a3,a3,-1532 # bd0c <__sf_fake_stdout+0x34>
    a310:	4721                	li	a4,8
    a312:	bf19                	j	a228 <_printf_i+0x140>
    a314:	87ae                	mv	a5,a1
    a316:	b735                	j	a242 <_printf_i+0x15a>
    a318:	4194                	lw	a3,0(a1)
    a31a:	431c                	lw	a5,0(a4)
    a31c:	49cc                	lw	a1,20(a1)
    a31e:	0806f813          	andi	a6,a3,128
    a322:	00478513          	addi	a0,a5,4
    a326:	00080663          	beqz	a6,a332 <_printf_i+0x24a>
    a32a:	c308                	sw	a0,0(a4)
    a32c:	439c                	lw	a5,0(a5)
    a32e:	c38c                	sw	a1,0(a5)
    a330:	a039                	j	a33e <_printf_i+0x256>
    a332:	c308                	sw	a0,0(a4)
    a334:	0406f693          	andi	a3,a3,64
    a338:	439c                	lw	a5,0(a5)
    a33a:	daf5                	beqz	a3,a32e <_printf_i+0x246>
    a33c:	a38e                	sh	a1,0(a5)
    a33e:	00042823          	sw	zero,16(s0)
    a342:	8ab2                	mv	s5,a2
    a344:	bf25                	j	a27c <_printf_i+0x194>
    a346:	4814                	lw	a3,16(s0)
    a348:	8656                	mv	a2,s5
    a34a:	85ca                	mv	a1,s2
    a34c:	8526                	mv	a0,s1
    a34e:	9982                	jalr	s3
    a350:	f54500e3          	beq	a0,s4,a290 <_printf_i+0x1a8>
    a354:	401c                	lw	a5,0(s0)
    a356:	8b89                	andi	a5,a5,2
    a358:	e78d                	bnez	a5,a382 <_printf_i+0x29a>
    a35a:	47b2                	lw	a5,12(sp)
    a35c:	4448                	lw	a0,12(s0)
    a35e:	f2f55ae3          	bge	a0,a5,a292 <_printf_i+0x1aa>
    a362:	853e                	mv	a0,a5
    a364:	b73d                	j	a292 <_printf_i+0x1aa>
    a366:	4685                	li	a3,1
    a368:	8656                	mv	a2,s5
    a36a:	85ca                	mv	a1,s2
    a36c:	8526                	mv	a0,s1
    a36e:	9982                	jalr	s3
    a370:	f36500e3          	beq	a0,s6,a290 <_printf_i+0x1a8>
    a374:	0a05                	addi	s4,s4,1
    a376:	445c                	lw	a5,12(s0)
    a378:	4732                	lw	a4,12(sp)
    a37a:	8f99                	sub	a5,a5,a4
    a37c:	fefa45e3          	blt	s4,a5,a366 <_printf_i+0x27e>
    a380:	bfe9                	j	a35a <_printf_i+0x272>
    a382:	4a01                	li	s4,0
    a384:	01940a93          	addi	s5,s0,25
    a388:	5b7d                	li	s6,-1
    a38a:	b7f5                	j	a376 <_printf_i+0x28e>

0000a38c <_sbrk_r>:
    a38c:	1141                	addi	sp,sp,-16
    a38e:	c422                	sw	s0,8(sp)
    a390:	842a                	mv	s0,a0
    a392:	852e                	mv	a0,a1
    a394:	1fff7797          	auipc	a5,0x1fff7
    a398:	5007a823          	sw	zero,1296(a5) # 200018a4 <errno>
    a39c:	c606                	sw	ra,12(sp)
    a39e:	b97fe0ef          	jal	ra,8f34 <_sbrk>
    a3a2:	57fd                	li	a5,-1
    a3a4:	00f51963          	bne	a0,a5,a3b6 <_sbrk_r+0x2a>
    a3a8:	1fff7797          	auipc	a5,0x1fff7
    a3ac:	4fc78793          	addi	a5,a5,1276 # 200018a4 <errno>
    a3b0:	439c                	lw	a5,0(a5)
    a3b2:	c391                	beqz	a5,a3b6 <_sbrk_r+0x2a>
    a3b4:	c01c                	sw	a5,0(s0)
    a3b6:	40b2                	lw	ra,12(sp)
    a3b8:	4422                	lw	s0,8(sp)
    a3ba:	0141                	addi	sp,sp,16
    a3bc:	8082                	ret

0000a3be <__sread>:
    a3be:	1141                	addi	sp,sp,-16
    a3c0:	c422                	sw	s0,8(sp)
    a3c2:	842e                	mv	s0,a1
    a3c4:	00e59583          	lh	a1,14(a1)
    a3c8:	c606                	sw	ra,12(sp)
    a3ca:	2c35                	jal	a606 <_read_r>
    a3cc:	00054963          	bltz	a0,a3de <__sread+0x20>
    a3d0:	487c                	lw	a5,84(s0)
    a3d2:	97aa                	add	a5,a5,a0
    a3d4:	c87c                	sw	a5,84(s0)
    a3d6:	40b2                	lw	ra,12(sp)
    a3d8:	4422                	lw	s0,8(sp)
    a3da:	0141                	addi	sp,sp,16
    a3dc:	8082                	ret
    a3de:	245e                	lhu	a5,12(s0)
    a3e0:	777d                	lui	a4,0xfffff
    a3e2:	177d                	addi	a4,a4,-1
    a3e4:	8ff9                	and	a5,a5,a4
    a3e6:	a45e                	sh	a5,12(s0)
    a3e8:	b7fd                	j	a3d6 <__sread+0x18>

0000a3ea <__swrite>:
    a3ea:	25de                	lhu	a5,12(a1)
    a3ec:	1101                	addi	sp,sp,-32
    a3ee:	cc22                	sw	s0,24(sp)
    a3f0:	ca26                	sw	s1,20(sp)
    a3f2:	c84a                	sw	s2,16(sp)
    a3f4:	c64e                	sw	s3,12(sp)
    a3f6:	ce06                	sw	ra,28(sp)
    a3f8:	1007f793          	andi	a5,a5,256
    a3fc:	84aa                	mv	s1,a0
    a3fe:	842e                	mv	s0,a1
    a400:	8932                	mv	s2,a2
    a402:	89b6                	mv	s3,a3
    a404:	c791                	beqz	a5,a410 <__swrite+0x26>
    a406:	00e59583          	lh	a1,14(a1)
    a40a:	4689                	li	a3,2
    a40c:	4601                	li	a2,0
    a40e:	220d                	jal	a530 <_lseek_r>
    a410:	245e                	lhu	a5,12(s0)
    a412:	777d                	lui	a4,0xfffff
    a414:	177d                	addi	a4,a4,-1
    a416:	8ff9                	and	a5,a5,a4
    a418:	a45e                	sh	a5,12(s0)
    a41a:	00e41583          	lh	a1,14(s0)
    a41e:	4462                	lw	s0,24(sp)
    a420:	40f2                	lw	ra,28(sp)
    a422:	86ce                	mv	a3,s3
    a424:	864a                	mv	a2,s2
    a426:	49b2                	lw	s3,12(sp)
    a428:	4942                	lw	s2,16(sp)
    a42a:	8526                	mv	a0,s1
    a42c:	44d2                	lw	s1,20(sp)
    a42e:	6105                	addi	sp,sp,32
    a430:	a825                	j	a468 <_write_r>

0000a432 <__sseek>:
    a432:	1141                	addi	sp,sp,-16
    a434:	c422                	sw	s0,8(sp)
    a436:	842e                	mv	s0,a1
    a438:	00e59583          	lh	a1,14(a1)
    a43c:	c606                	sw	ra,12(sp)
    a43e:	28cd                	jal	a530 <_lseek_r>
    a440:	57fd                	li	a5,-1
    a442:	245a                	lhu	a4,12(s0)
    a444:	00f51a63          	bne	a0,a5,a458 <__sseek+0x26>
    a448:	77fd                	lui	a5,0xfffff
    a44a:	17fd                	addi	a5,a5,-1
    a44c:	8ff9                	and	a5,a5,a4
    a44e:	a45e                	sh	a5,12(s0)
    a450:	40b2                	lw	ra,12(sp)
    a452:	4422                	lw	s0,8(sp)
    a454:	0141                	addi	sp,sp,16
    a456:	8082                	ret
    a458:	6785                	lui	a5,0x1
    a45a:	8fd9                	or	a5,a5,a4
    a45c:	a45e                	sh	a5,12(s0)
    a45e:	c868                	sw	a0,84(s0)
    a460:	bfc5                	j	a450 <__sseek+0x1e>

0000a462 <__sclose>:
    a462:	00e59583          	lh	a1,14(a1)
    a466:	a825                	j	a49e <_close_r>

0000a468 <_write_r>:
    a468:	1141                	addi	sp,sp,-16
    a46a:	c422                	sw	s0,8(sp)
    a46c:	842a                	mv	s0,a0
    a46e:	852e                	mv	a0,a1
    a470:	85b2                	mv	a1,a2
    a472:	8636                	mv	a2,a3
    a474:	1fff7797          	auipc	a5,0x1fff7
    a478:	4207a823          	sw	zero,1072(a5) # 200018a4 <errno>
    a47c:	c606                	sw	ra,12(sp)
    a47e:	a79fe0ef          	jal	ra,8ef6 <_write>
    a482:	57fd                	li	a5,-1
    a484:	00f51963          	bne	a0,a5,a496 <_write_r+0x2e>
    a488:	1fff7797          	auipc	a5,0x1fff7
    a48c:	41c78793          	addi	a5,a5,1052 # 200018a4 <errno>
    a490:	439c                	lw	a5,0(a5)
    a492:	c391                	beqz	a5,a496 <_write_r+0x2e>
    a494:	c01c                	sw	a5,0(s0)
    a496:	40b2                	lw	ra,12(sp)
    a498:	4422                	lw	s0,8(sp)
    a49a:	0141                	addi	sp,sp,16
    a49c:	8082                	ret

0000a49e <_close_r>:
    a49e:	1141                	addi	sp,sp,-16
    a4a0:	c422                	sw	s0,8(sp)
    a4a2:	842a                	mv	s0,a0
    a4a4:	852e                	mv	a0,a1
    a4a6:	1fff7797          	auipc	a5,0x1fff7
    a4aa:	3e07af23          	sw	zero,1022(a5) # 200018a4 <errno>
    a4ae:	c606                	sw	ra,12(sp)
    a4b0:	2a79                	jal	a64e <_close>
    a4b2:	57fd                	li	a5,-1
    a4b4:	00f51963          	bne	a0,a5,a4c6 <_close_r+0x28>
    a4b8:	1fff7797          	auipc	a5,0x1fff7
    a4bc:	3ec78793          	addi	a5,a5,1004 # 200018a4 <errno>
    a4c0:	439c                	lw	a5,0(a5)
    a4c2:	c391                	beqz	a5,a4c6 <_close_r+0x28>
    a4c4:	c01c                	sw	a5,0(s0)
    a4c6:	40b2                	lw	ra,12(sp)
    a4c8:	4422                	lw	s0,8(sp)
    a4ca:	0141                	addi	sp,sp,16
    a4cc:	8082                	ret

0000a4ce <_fstat_r>:
    a4ce:	1141                	addi	sp,sp,-16
    a4d0:	c422                	sw	s0,8(sp)
    a4d2:	842a                	mv	s0,a0
    a4d4:	852e                	mv	a0,a1
    a4d6:	85b2                	mv	a1,a2
    a4d8:	1fff7797          	auipc	a5,0x1fff7
    a4dc:	3c07a623          	sw	zero,972(a5) # 200018a4 <errno>
    a4e0:	c606                	sw	ra,12(sp)
    a4e2:	2ab5                	jal	a65e <_fstat>
    a4e4:	57fd                	li	a5,-1
    a4e6:	00f51963          	bne	a0,a5,a4f8 <_fstat_r+0x2a>
    a4ea:	1fff7797          	auipc	a5,0x1fff7
    a4ee:	3ba78793          	addi	a5,a5,954 # 200018a4 <errno>
    a4f2:	439c                	lw	a5,0(a5)
    a4f4:	c391                	beqz	a5,a4f8 <_fstat_r+0x2a>
    a4f6:	c01c                	sw	a5,0(s0)
    a4f8:	40b2                	lw	ra,12(sp)
    a4fa:	4422                	lw	s0,8(sp)
    a4fc:	0141                	addi	sp,sp,16
    a4fe:	8082                	ret

0000a500 <_isatty_r>:
    a500:	1141                	addi	sp,sp,-16
    a502:	c422                	sw	s0,8(sp)
    a504:	842a                	mv	s0,a0
    a506:	852e                	mv	a0,a1
    a508:	1fff7797          	auipc	a5,0x1fff7
    a50c:	3807ae23          	sw	zero,924(a5) # 200018a4 <errno>
    a510:	c606                	sw	ra,12(sp)
    a512:	2ab1                	jal	a66e <_isatty>
    a514:	57fd                	li	a5,-1
    a516:	00f51963          	bne	a0,a5,a528 <_isatty_r+0x28>
    a51a:	1fff7797          	auipc	a5,0x1fff7
    a51e:	38a78793          	addi	a5,a5,906 # 200018a4 <errno>
    a522:	439c                	lw	a5,0(a5)
    a524:	c391                	beqz	a5,a528 <_isatty_r+0x28>
    a526:	c01c                	sw	a5,0(s0)
    a528:	40b2                	lw	ra,12(sp)
    a52a:	4422                	lw	s0,8(sp)
    a52c:	0141                	addi	sp,sp,16
    a52e:	8082                	ret

0000a530 <_lseek_r>:
    a530:	1141                	addi	sp,sp,-16
    a532:	c422                	sw	s0,8(sp)
    a534:	842a                	mv	s0,a0
    a536:	852e                	mv	a0,a1
    a538:	85b2                	mv	a1,a2
    a53a:	8636                	mv	a2,a3
    a53c:	1fff7797          	auipc	a5,0x1fff7
    a540:	3607a423          	sw	zero,872(a5) # 200018a4 <errno>
    a544:	c606                	sw	ra,12(sp)
    a546:	2a25                	jal	a67e <_lseek>
    a548:	57fd                	li	a5,-1
    a54a:	00f51963          	bne	a0,a5,a55c <_lseek_r+0x2c>
    a54e:	1fff7797          	auipc	a5,0x1fff7
    a552:	35678793          	addi	a5,a5,854 # 200018a4 <errno>
    a556:	439c                	lw	a5,0(a5)
    a558:	c391                	beqz	a5,a55c <_lseek_r+0x2c>
    a55a:	c01c                	sw	a5,0(s0)
    a55c:	40b2                	lw	ra,12(sp)
    a55e:	4422                	lw	s0,8(sp)
    a560:	0141                	addi	sp,sp,16
    a562:	8082                	ret

0000a564 <memmove>:
    a564:	04a5f163          	bgeu	a1,a0,a5a6 <memmove+0x42>
    a568:	00c586b3          	add	a3,a1,a2
    a56c:	02d57d63          	bgeu	a0,a3,a5a6 <memmove+0x42>
    a570:	fff64593          	not	a1,a2
    a574:	4781                	li	a5,0
    a576:	17fd                	addi	a5,a5,-1
    a578:	00f59363          	bne	a1,a5,a57e <memmove+0x1a>
    a57c:	8082                	ret
    a57e:	00f68733          	add	a4,a3,a5
    a582:	00074803          	lbu	a6,0(a4) # fffff000 <_eusrstack+0xdfffa000>
    a586:	00c78733          	add	a4,a5,a2
    a58a:	972a                	add	a4,a4,a0
    a58c:	01070023          	sb	a6,0(a4)
    a590:	b7dd                	j	a576 <memmove+0x12>
    a592:	00f58733          	add	a4,a1,a5
    a596:	2314                	lbu	a3,0(a4)
    a598:	00f50733          	add	a4,a0,a5
    a59c:	0785                	addi	a5,a5,1
    a59e:	a314                	sb	a3,0(a4)
    a5a0:	fef619e3          	bne	a2,a5,a592 <memmove+0x2e>
    a5a4:	8082                	ret
    a5a6:	4781                	li	a5,0
    a5a8:	bfe5                	j	a5a0 <memmove+0x3c>

0000a5aa <__malloc_lock>:
    a5aa:	8082                	ret

0000a5ac <__malloc_unlock>:
    a5ac:	8082                	ret

0000a5ae <_realloc_r>:
    a5ae:	e581                	bnez	a1,a5b6 <_realloc_r+0x8>
    a5b0:	85b2                	mv	a1,a2
    a5b2:	b0aff06f          	j	98bc <_malloc_r>
    a5b6:	1101                	addi	sp,sp,-32
    a5b8:	cc22                	sw	s0,24(sp)
    a5ba:	ce06                	sw	ra,28(sp)
    a5bc:	ca26                	sw	s1,20(sp)
    a5be:	c84a                	sw	s2,16(sp)
    a5c0:	c64e                	sw	s3,12(sp)
    a5c2:	8432                	mv	s0,a2
    a5c4:	ee01                	bnez	a2,a5dc <_realloc_r+0x2e>
    a5c6:	a4eff0ef          	jal	ra,9814 <_free_r>
    a5ca:	4901                	li	s2,0
    a5cc:	40f2                	lw	ra,28(sp)
    a5ce:	4462                	lw	s0,24(sp)
    a5d0:	854a                	mv	a0,s2
    a5d2:	44d2                	lw	s1,20(sp)
    a5d4:	4942                	lw	s2,16(sp)
    a5d6:	49b2                	lw	s3,12(sp)
    a5d8:	6105                	addi	sp,sp,32
    a5da:	8082                	ret
    a5dc:	84ae                	mv	s1,a1
    a5de:	89aa                	mv	s3,a0
    a5e0:	28a9                	jal	a63a <_malloc_usable_size_r>
    a5e2:	8926                	mv	s2,s1
    a5e4:	fe8574e3          	bgeu	a0,s0,a5cc <_realloc_r+0x1e>
    a5e8:	85a2                	mv	a1,s0
    a5ea:	854e                	mv	a0,s3
    a5ec:	ad0ff0ef          	jal	ra,98bc <_malloc_r>
    a5f0:	892a                	mv	s2,a0
    a5f2:	dd69                	beqz	a0,a5cc <_realloc_r+0x1e>
    a5f4:	85a6                	mv	a1,s1
    a5f6:	8622                	mv	a2,s0
    a5f8:	97ffe0ef          	jal	ra,8f76 <memcpy>
    a5fc:	85a6                	mv	a1,s1
    a5fe:	854e                	mv	a0,s3
    a600:	a14ff0ef          	jal	ra,9814 <_free_r>
    a604:	b7e1                	j	a5cc <_realloc_r+0x1e>

0000a606 <_read_r>:
    a606:	1141                	addi	sp,sp,-16
    a608:	c422                	sw	s0,8(sp)
    a60a:	842a                	mv	s0,a0
    a60c:	852e                	mv	a0,a1
    a60e:	85b2                	mv	a1,a2
    a610:	8636                	mv	a2,a3
    a612:	1fff7797          	auipc	a5,0x1fff7
    a616:	2807a923          	sw	zero,658(a5) # 200018a4 <errno>
    a61a:	c606                	sw	ra,12(sp)
    a61c:	288d                	jal	a68e <_read>
    a61e:	57fd                	li	a5,-1
    a620:	00f51963          	bne	a0,a5,a632 <_read_r+0x2c>
    a624:	1fff7797          	auipc	a5,0x1fff7
    a628:	28078793          	addi	a5,a5,640 # 200018a4 <errno>
    a62c:	439c                	lw	a5,0(a5)
    a62e:	c391                	beqz	a5,a632 <_read_r+0x2c>
    a630:	c01c                	sw	a5,0(s0)
    a632:	40b2                	lw	ra,12(sp)
    a634:	4422                	lw	s0,8(sp)
    a636:	0141                	addi	sp,sp,16
    a638:	8082                	ret

0000a63a <_malloc_usable_size_r>:
    a63a:	ffc5a783          	lw	a5,-4(a1)
    a63e:	ffc78513          	addi	a0,a5,-4
    a642:	0007d563          	bgez	a5,a64c <_malloc_usable_size_r+0x12>
    a646:	95aa                	add	a1,a1,a0
    a648:	419c                	lw	a5,0(a1)
    a64a:	953e                	add	a0,a0,a5
    a64c:	8082                	ret

0000a64e <_close>:
    a64e:	05800793          	li	a5,88
    a652:	1fff7717          	auipc	a4,0x1fff7
    a656:	24f72923          	sw	a5,594(a4) # 200018a4 <errno>
    a65a:	557d                	li	a0,-1
    a65c:	8082                	ret

0000a65e <_fstat>:
    a65e:	05800793          	li	a5,88
    a662:	1fff7717          	auipc	a4,0x1fff7
    a666:	24f72123          	sw	a5,578(a4) # 200018a4 <errno>
    a66a:	557d                	li	a0,-1
    a66c:	8082                	ret

0000a66e <_isatty>:
    a66e:	05800793          	li	a5,88
    a672:	1fff7717          	auipc	a4,0x1fff7
    a676:	22f72923          	sw	a5,562(a4) # 200018a4 <errno>
    a67a:	4501                	li	a0,0
    a67c:	8082                	ret

0000a67e <_lseek>:
    a67e:	05800793          	li	a5,88
    a682:	1fff7717          	auipc	a4,0x1fff7
    a686:	22f72123          	sw	a5,546(a4) # 200018a4 <errno>
    a68a:	557d                	li	a0,-1
    a68c:	8082                	ret

0000a68e <_read>:
    a68e:	05800793          	li	a5,88
    a692:	1fff7717          	auipc	a4,0x1fff7
    a696:	20f72923          	sw	a5,530(a4) # 200018a4 <errno>
    a69a:	557d                	li	a0,-1
    a69c:	8082                	ret
	...

0000a6a0 <Font11x18>:
	...
    a6c4:	0000 0c00 0c00 0c00 0c00 0c00 0c00 0c00     ................
    a6d4:	0c00 0c00 0c00 0c00 0000 0c00 0c00 0000     ................
    a6e4:	0000 0000 0000 1b00 1b00 1b00 1b00 1b00     ................
	...
    a70c:	0000 1980 1980 1980 1980 7fc0 7fc0 1980     ................
    a71c:	3300 7fc0 7fc0 3300 3300 3300 3300 0000     .3.....3.3.3.3..
    a72c:	0000 0000 0000 1e00 3f00 7580 6580 7400     .........?.u.e.t
    a73c:	3c00 1e00 0700 0580 6580 6580 7580 3f00     .<.......e.e.u.?
    a74c:	1e00 0400 0400 0000 0000 7000 d800 d840     ...........p..@.
    a75c:	d8c0 d980 7300 0600 0c00 1b80 36c0 66c0     .....s.......6.f
    a76c:	46c0 06c0 0380 0000 0000 0000 0000 1e00     .F..............
    a77c:	3f00 3300 3300 3300 1e00 0c00 3cc0 66c0     .?.3.3.3.....<.f
    a78c:	6380 6180 6380 3ec0 1c80 0000 0000 0000     .c.a.c.>........
    a79c:	0000 0c00 0c00 0c00 0c00 0c00 0000 0000     ................
	...
    a7c0:	0080 0100 0300 0600 0600 0400 0c00 0c00     ................
    a7d0:	0c00 0c00 0c00 0c00 0400 0600 0600 0300     ................
    a7e0:	0100 0080 2000 1000 1800 0c00 0c00 0400     ..... ..........
    a7f0:	0600 0600 0600 0600 0600 0600 0400 0c00     ................
    a800:	0c00 1800 1000 2000 0000 0c00 2d00 3f00     ....... .....-.?
    a810:	1e00 3300 0000 0000 0000 0000 0000 0000     ...3............
	...
    a830:	0000 0c00 0c00 0c00 0c00 ffc0 ffc0 0c00     ................
    a840:	0c00 0c00 0c00 0000 0000 0000 0000 0000     ................
	...
    a868:	0000 0c00 0c00 0400 0400 0800 0000 0000     ................
	...
    a884:	0000 1e00 1e00 0000 0000 0000 0000 0000     ................
	...
    a8b0:	0000 0c00 0c00 0000 0000 0000 0000 0300     ................
    a8c0:	0300 0300 0600 0600 0600 0600 0c00 0c00     ................
    a8d0:	0c00 0c00 1800 1800 1800 0000 0000 0000     ................
    a8e0:	0000 1e00 3f00 3300 6180 6180 6180 6d80     .....?.3.a.a.a.m
    a8f0:	6d80 6180 6180 6180 3300 3f00 1e00 0000     .m.a.a.a.3.?....
    a900:	0000 0000 0000 0600 0e00 1e00 3600 2600     .............6.&
    a910:	0600 0600 0600 0600 0600 0600 0600 0600     ................
    a920:	0600 0000 0000 0000 0000 1e00 3f00 7380     .............?.s
    a930:	6180 6180 0180 0300 0600 0c00 1800 3000     .a.a...........0
    a940:	6000 7f80 7f80 0000 0000 0000 0000 1c00     .`..............
    a950:	3e00 6300 6300 0300 0e00 0e00 0300 0180     .>.c.c..........
    a960:	0180 6180 7380 3f00 1e00 0000 0000 0000     ...a.s.?........
    a970:	0000 0600 0e00 0e00 1e00 1e00 1600 3600     ...............6
    a980:	3600 6600 7f80 7f80 0600 0600 0600 0000     .6.f............
    a990:	0000 0000 0000 7f00 7f00 6000 6000 6000     ...........`.`.`
    a9a0:	6e00 7f00 6380 0180 0180 6180 7380 3f00     .n...c.....a.s.?
    a9b0:	1e00 0000 0000 0000 0000 1e00 3f00 3380     .............?.3
    a9c0:	6180 6000 6e00 7f00 7380 6180 6180 6180     .a.`.n...s.a.a.a
    a9d0:	3380 3f00 1e00 0000 0000 0000 0000 7f80     .3.?............
    a9e0:	7f80 0180 0300 0300 0600 0600 0c00 0c00     ................
    a9f0:	0c00 0800 1800 1800 1800 0000 0000 0000     ................
    aa00:	0000 1e00 3f00 6380 6180 6180 2100 1e00     .....?.c.a.a.!..
    aa10:	3f00 6180 6180 6180 6180 3f00 1e00 0000     .?.a.a.a.a.?....
    aa20:	0000 0000 0000 1e00 3f00 7300 6180 6180     .........?.s.a.a
    aa30:	6180 7380 3f80 1d80 0180 6180 7300 3f00     .a.s.?.....a.s.?
    aa40:	1e00 0000 0000 0000 0000 0000 0000 0000     ................
    aa50:	0000 0c00 0c00 0000 0000 0000 0000 0000     ................
    aa60:	0000 0c00 0c00 0000 0000 0000 0000 0000     ................
	...
    aa78:	0c00 0c00 0000 0000 0000 0000 0000 0c00     ................
    aa88:	0c00 0400 0400 0800 0000 0000 0000 0000     ................
    aa98:	0080 0380 0e00 3800 6000 3800 0e00 0380     .......8.`.8....
    aaa8:	0080 0000 0000 0000 0000 0000 0000 0000     ................
    aab8:	0000 0000 0000 7f80 7f80 0000 0000 7f80     ................
    aac8:	7f80 0000 0000 0000 0000 0000 0000 0000     ................
	...
    aae0:	4000 7000 1c00 0700 0180 0700 1c00 7000     .@.p...........p
    aaf0:	4000 0000 0000 0000 0000 0000 0000 1f00     .@..............
    ab00:	3f80 71c0 60c0 00c0 01c0 0380 0700 0e00     .?.q.`..........
    ab10:	0c00 0c00 0000 0c00 0c00 0000 0000 0000     ................
    ab20:	0000 1e00 3f00 3180 7180 6380 6f80 6d80     .....?.1.q.c.o.m
    ab30:	6d80 6f80 6780 6000 3200 3e00 1c00 0000     .m.o.g.`.2.>....
    ab40:	0000 0000 0000 0e00 0e00 1b00 1b00 1b00     ................
    ab50:	1b00 3180 3180 3f80 3f80 3180 60c0 60c0     ...1.1.?.?.1.`.`
    ab60:	60c0 0000 0000 0000 0000 7c00 7e00 6300     .`.........|.~.c
    ab70:	6300 6300 6300 7e00 7e00 6300 6180 6180     .c.c.c.~.~.c.a.a
    ab80:	6380 7f00 7e00 0000 0000 0000 0000 1e00     .c...~..........
    ab90:	3f00 3180 6180 6000 6000 6000 6000 6000     .?.1.a.`.`.`.`.`
    aba0:	6000 6180 3180 3f00 1e00 0000 0000 0000     .`.a.1.?........
    abb0:	0000 7c00 7f00 6300 6380 6180 6180 6180     ...|...c.c.a.a.a
    abc0:	6180 6180 6180 6300 6300 7e00 7c00 0000     .a.a.a.c.c.~.|..
    abd0:	0000 0000 0000 7f80 7f80 6000 6000 6000     ...........`.`.`
    abe0:	6000 7f00 7f00 6000 6000 6000 6000 7f80     .`.....`.`.`.`..
    abf0:	7f80 0000 0000 0000 0000 7f80 7f80 6000     ...............`
    ac00:	6000 6000 6000 7f00 7f00 6000 6000 6000     .`.`.`.....`.`.`
    ac10:	6000 6000 6000 0000 0000 0000 0000 1e00     .`.`.`..........
    ac20:	3f00 3180 6180 6000 6000 6000 6380 6380     .?.1.a.`.`.`.c.c
    ac30:	6180 6180 3180 3f80 1e00 0000 0000 0000     .a.a.1.?........
    ac40:	0000 6180 6180 6180 6180 6180 6180 7f80     ...a.a.a.a.a.a..
    ac50:	7f80 6180 6180 6180 6180 6180 6180 0000     ...a.a.a.a.a.a..
    ac60:	0000 0000 0000 3f00 3f00 0c00 0c00 0c00     .......?.?......
    ac70:	0c00 0c00 0c00 0c00 0c00 0c00 0c00 3f00     ...............?
    ac80:	3f00 0000 0000 0000 0000 0180 0180 0180     .?..............
    ac90:	0180 0180 0180 0180 0180 0180 6180 6180     .............a.a
    aca0:	7380 3f00 1e00 0000 0000 0000 0000 60c0     .s.?...........`
    acb0:	6180 6300 6600 6600 6c00 7800 7c00 6600     .a.c.f.f.l.x.|.f
    acc0:	6600 6300 6180 6180 60c0 0000 0000 0000     .f.c.a.a.`......
    acd0:	0000 6000 6000 6000 6000 6000 6000 6000     ...`.`.`.`.`.`.`
    ace0:	6000 6000 6000 6000 6000 7f80 7f80 0000     .`.`.`.`.`......
    acf0:	0000 0000 0000 71c0 71c0 7bc0 7ac0 6ac0     .......q.q.{.z.j
    ad00:	6ac0 6ec0 64c0 60c0 60c0 60c0 60c0 60c0     .j.n.d.`.`.`.`.`
    ad10:	60c0 0000 0000 0000 0000 7180 7180 7980     .`.........q.q.y
    ad20:	7980 7980 6d80 6d80 6d80 6580 6780 6780     .y.y.m.m.m.e.g.g
    ad30:	6780 6380 6380 0000 0000 0000 0000 1e00     .g.c.c..........
    ad40:	3f00 3300 6180 6180 6180 6180 6180 6180     .?.3.a.a.a.a.a.a
    ad50:	6180 6180 3300 3f00 1e00 0000 0000 0000     .a.a.3.?........
    ad60:	0000 7e00 7f00 6380 6180 6180 6180 6380     ...~...c.a.a.a.c
    ad70:	7f00 7e00 6000 6000 6000 6000 6000 0000     ...~.`.`.`.`.`..
    ad80:	0000 0000 0000 1e00 3f00 3300 6180 6180     .........?.3.a.a
    ad90:	6180 6180 6180 6180 6580 6780 3300 3f80     .a.a.a.a.e.g.3.?
    ada0:	1e40 0000 0000 0000 0000 7e00 7f00 6380     @..........~...c
    adb0:	6180 6180 6380 7f00 7e00 6600 6300 6300     .a.a.c...~.f.c.c
    adc0:	6180 6180 60c0 0000 0000 0000 0000 0e00     .a.a.`..........
    add0:	1f00 3180 3180 3000 3800 1e00 0700 0380     ...1.1.0.8......
    ade0:	6180 6180 3180 3f00 1e00 0000 0000 0000     .a.a.1.?........
    adf0:	0000 ffc0 ffc0 0c00 0c00 0c00 0c00 0c00     ................
    ae00:	0c00 0c00 0c00 0c00 0c00 0c00 0c00 0000     ................
    ae10:	0000 0000 0000 6180 6180 6180 6180 6180     .......a.a.a.a.a
    ae20:	6180 6180 6180 6180 6180 6180 7380 3f00     .a.a.a.a.a.a.s.?
    ae30:	1e00 0000 0000 0000 0000 60c0 60c0 60c0     ...........`.`.`
    ae40:	3180 3180 3180 1b00 1b00 1b00 1b00 0e00     .1.1.1..........
    ae50:	0e00 0e00 0400 0000 0000 0000 0000 c0c0     ................
    ae60:	c0c0 c0c0 c0c0 c0c0 ccc0 4c80 4c80 5e80     ...........L.L.^
    ae70:	5280 5280 7380 6180 6180 0000 0000 0000     .R.R.s.a.a......
    ae80:	0000 c0c0 6080 6180 3300 3b00 1e00 0c00     .....`.a.3.;....
    ae90:	0c00 1e00 1f00 3b00 7180 6180 c0c0 0000     .......;.q.a....
    aea0:	0000 0000 0000 c0c0 6180 6180 3300 3300     .........a.a.3.3
    aeb0:	1e00 1e00 0c00 0c00 0c00 0c00 0c00 0c00     ................
    aec0:	0c00 0000 0000 0000 0000 3f80 3f80 0180     ...........?.?..
    aed0:	0300 0300 0600 0c00 0c00 1800 1800 3000     ...............0
    aee0:	6000 7f80 7f80 0000 0000 0000 0f00 0f00     .`..............
    aef0:	0c00 0c00 0c00 0c00 0c00 0c00 0c00 0c00     ................
    af00:	0c00 0c00 0c00 0c00 0c00 0c00 0f00 0f00     ................
    af10:	0000 1800 1800 1800 0c00 0c00 0c00 0c00     ................
    af20:	0600 0600 0600 0600 0300 0300 0300 0000     ................
    af30:	0000 0000 1e00 1e00 0600 0600 0600 0600     ................
    af40:	0600 0600 0600 0600 0600 0600 0600 0600     ................
    af50:	0600 0600 1e00 1e00 0000 0c00 0c00 1e00     ................
    af60:	1200 3300 3300 6180 6180 0000 0000 0000     ...3.3.a.a......
	...
    af9c:	ffe0 0000 0000 3800 1800 0c00 0000 0000     .......8........
	...
    afcc:	0000 1f00 3f80 6180 0180 1f80 3f80 6180     .....?.a.....?.a
    afdc:	6380 7f80 38c0 0000 0000 0000 0000 6000     .c...8.........`
    afec:	6000 6000 6000 6e00 7f00 7380 6180 6180     .`.`.`.n...s.a.a
    affc:	6180 6180 7380 7f00 6e00 0000 0000 0000     .a.a.s...n......
	...
    b014:	0000 1e00 3f00 7380 6180 6000 6000 6180     .....?.s.a.`.`.a
    b024:	7380 3f00 1e00 0000 0000 0000 0000 0180     .s.?............
    b034:	0180 0180 0180 1d80 3f80 7380 6180 6180     .........?.s.a.a
    b044:	6180 6180 7380 3f80 1d80 0000 0000 0000     .a.a.s.?........
	...
    b05c:	0000 1e00 3f00 7300 6180 7f80 7f80 6000     .....?.s.a.....`
    b06c:	7180 3f00 1e00 0000 0000 0000 0000 07c0     .q.?............
    b07c:	0fc0 0c00 0c00 7f80 7f80 0c00 0c00 0c00     ................
    b08c:	0c00 0c00 0c00 0c00 0c00 0000 0000 0000     ................
	...
    b0a4:	1d80 3f80 7380 6180 6180 6180 6180 7380     ...?.s.a.a.a.a.s
    b0b4:	3f80 1d80 0180 6380 7f00 3e00 0000 6000     .?.....c...>...`
    b0c4:	6000 6000 6000 6f00 7f80 7180 6180 6180     .`.`.`.o...q.a.a
    b0d4:	6180 6180 6180 6180 6180 0000 0000 0000     .a.a.a.a.a......
    b0e4:	0000 0600 0600 0000 0000 3e00 3e00 0600     ...........>.>..
    b0f4:	0600 0600 0600 0600 0600 0600 0600 0000     ................
    b104:	0000 0000 0600 0600 0000 0000 3e00 3e00     .............>.>
    b114:	0600 0600 0600 0600 0600 0600 0600 0600     ................
    b124:	0600 4600 7e00 3c00 0000 6000 6000 6000     ...F.~.<...`.`.`
    b134:	6000 6180 6300 6600 6c00 7c00 7600 6300     .`.a.c.f.l.|.v.c
    b144:	6300 6180 60c0 0000 0000 0000 0000 3e00     .c.a.`.........>
    b154:	3e00 0600 0600 0600 0600 0600 0600 0600     .>..............
    b164:	0600 0600 0600 0600 0600 0000 0000 0000     ................
	...
    b17c:	0000 dd80 ffc0 cec0 ccc0 ccc0 ccc0 ccc0     ................
    b18c:	ccc0 ccc0 ccc0 0000 0000 0000 0000 0000     ................
    b19c:	0000 0000 0000 6f00 7f80 7180 6180 6180     .......o...q.a.a
    b1ac:	6180 6180 6180 6180 6180 0000 0000 0000     .a.a.a.a.a......
	...
    b1c4:	0000 1e00 3f00 7380 6180 6180 6180 6180     .....?.s.a.a.a.a
    b1d4:	7380 3f00 1e00 0000 0000 0000 0000 0000     .s.?............
    b1e4:	0000 0000 6e00 7f00 7380 6180 6180 6180     .....n...s.a.a.a
    b1f4:	6180 7380 7f00 6e00 6000 6000 6000 6000     .a.s...n.`.`.`.`
	...
    b20c:	1d80 3f80 7380 6180 6180 6180 6180 7380     ...?.s.a.a.a.a.s
    b21c:	3f80 1d80 0180 0180 0180 0180 0000 0000     .?..............
    b22c:	0000 0000 0000 6700 3f80 3900 3000 3000     .......g.?.9.0.0
    b23c:	3000 3000 3000 3000 3000 0000 0000 0000     .0.0.0.0.0......
	...
    b254:	0000 1e00 3f80 6180 6000 7f00 3f80 0180     .....?.a.`...?..
    b264:	6180 7f00 1e00 0000 0000 0000 0000 0000     .a..............
    b274:	0800 1800 1800 7f00 7f00 1800 1800 1800     ................
    b284:	1800 1800 1800 1f80 0f80 0000 0000 0000     ................
	...
    b29c:	0000 6180 6180 6180 6180 6180 6180 6180     ...a.a.a.a.a.a.a
    b2ac:	6380 7f80 3d80 0000 0000 0000 0000 0000     .c...=..........
    b2bc:	0000 0000 0000 60c0 3180 3180 3180 1b00     .......`.1.1.1..
    b2cc:	1b00 1b00 0e00 0e00 0600 0000 0000 0000     ................
	...
    b2e4:	0000 dd80 dd80 dd80 5500 5500 5500 7700     .........U.U.U.w
    b2f4:	7700 2200 2200 0000 0000 0000 0000 0000     .w."."..........
    b304:	0000 0000 0000 6180 3300 3300 1e00 0c00     .......a.3.3....
    b314:	0c00 1e00 3300 3300 6180 0000 0000 0000     .....3.3.a......
	...
    b32c:	6180 6180 3180 3300 3300 1b00 1b00 1b00     .a.a.1.3.3......
    b33c:	0e00 0e00 0e00 1c00 7c00 7000 0000 0000     .........|.p....
    b34c:	0000 0000 0000 7fc0 7fc0 0180 0300 0600     ................
    b35c:	0c00 1800 3000 7fc0 7fc0 0000 0000 0000     .....0..........
    b36c:	0380 0780 0600 0600 0600 0600 0600 0e00     ................
    b37c:	1c00 1c00 0e00 0600 0600 0600 0600 0600     ................
    b38c:	0780 0380 0600 0600 0600 0600 0600 0600     ................
    b39c:	0600 0600 0600 0600 0600 0600 0600 0600     ................
    b3ac:	0600 0600 0600 0600 3800 3c00 0c00 0c00     .........8.<....
    b3bc:	0c00 0c00 0c00 0e00 0700 0700 0e00 0c00     ................
    b3cc:	0c00 0c00 0c00 0c00 3c00 3800 0000 0000     .........<.8....
	...
    b3e4:	0000 3880 7f80 4700 0000 0000 0000 0000     ...8...G........
	...

0000b3fc <Font7x10>:
	...
    b410:	1000 1000 1000 1000 1000 1000 0000 1000     ................
    b420:	0000 0000 2800 2800 2800 0000 0000 0000     .....(.(.(......
	...
    b438:	2400 2400 7c00 2400 4800 7c00 4800 4800     .$.$.|.$.H.|.H.H
    b448:	0000 0000 3800 5400 5000 3800 1400 5400     .....8.T.P.8...T
    b458:	5400 3800 1000 0000 2000 5400 5800 3000     .T.8..... .T.X.0
    b468:	2800 5400 1400 0800 0000 0000 1000 2800     .(.T...........(
    b478:	2800 1000 3400 4800 4800 3400 0000 0000     .(...4.H.H.4....
    b488:	1000 1000 1000 0000 0000 0000 0000 0000     ................
    b498:	0000 0000 0800 1000 2000 2000 2000 2000     ......... . . . 
    b4a8:	2000 2000 1000 0800 2000 1000 0800 0800     . . ..... ......
    b4b8:	0800 0800 0800 0800 1000 2000 1000 3800     ........... ...8
    b4c8:	1000 2800 0000 0000 0000 0000 0000 0000     ...(............
    b4d8:	0000 0000 1000 1000 7c00 1000 1000 0000     .........|......
	...
    b4f8:	0000 1000 1000 1000 0000 0000 0000 0000     ................
    b508:	0000 3800 0000 0000 0000 0000 0000 0000     ...8............
	...
    b520:	0000 1000 0000 0000 0800 0800 1000 1000     ................
    b530:	1000 1000 2000 2000 0000 0000 3800 4400     ..... . .....8.D
    b540:	4400 5400 4400 4400 4400 3800 0000 0000     .D.T.D.D.D.8....
    b550:	1000 3000 5000 1000 1000 1000 1000 1000     ...0.P..........
    b560:	0000 0000 3800 4400 4400 0400 0800 1000     .....8.D.D......
    b570:	2000 7c00 0000 0000 3800 4400 0400 1800     . .|.....8.D....
    b580:	0400 0400 4400 3800 0000 0000 0800 1800     .....D.8........
    b590:	2800 2800 4800 7c00 0800 0800 0000 0000     .(.(.H.|........
    b5a0:	7c00 4000 4000 7800 0400 0400 4400 3800     .|.@.@.x.....D.8
    b5b0:	0000 0000 3800 4400 4000 7800 4400 4400     .....8.D.@.x.D.D
    b5c0:	4400 3800 0000 0000 7c00 0400 0800 1000     .D.8.....|......
    b5d0:	1000 2000 2000 2000 0000 0000 3800 4400     ... . . .....8.D
    b5e0:	4400 3800 4400 4400 4400 3800 0000 0000     .D.8.D.D.D.8....
    b5f0:	3800 4400 4400 4400 3c00 0400 4400 3800     .8.D.D.D.<...D.8
	...
    b608:	1000 0000 0000 0000 0000 1000 0000 0000     ................
    b618:	0000 0000 0000 1000 0000 0000 0000 1000     ................
    b628:	1000 1000 0000 0000 0c00 3000 4000 3000     ...........0.@.0
    b638:	0c00 0000 0000 0000 0000 0000 0000 7c00     ...............|
    b648:	0000 7c00 0000 0000 0000 0000 0000 0000     ...|............
    b658:	6000 1800 0400 1800 6000 0000 0000 0000     .`.......`......
    b668:	3800 4400 0400 0800 1000 1000 0000 1000     .8.D............
    b678:	0000 0000 3800 4400 4c00 5400 5c00 4000     .....8.D.L.T.\.@
    b688:	4000 3800 0000 0000 1000 2800 2800 2800     .@.8.......(.(.(
    b698:	2800 7c00 4400 4400 0000 0000 7800 4400     .(.|.D.D.....x.D
    b6a8:	4400 7800 4400 4400 4400 7800 0000 0000     .D.x.D.D.D.x....
    b6b8:	3800 4400 4000 4000 4000 4000 4400 3800     .8.D.@.@.@.@.D.8
    b6c8:	0000 0000 7000 4800 4400 4400 4400 4400     .....p.H.D.D.D.D
    b6d8:	4800 7000 0000 0000 7c00 4000 4000 7c00     .H.p.....|.@.@.|
    b6e8:	4000 4000 4000 7c00 0000 0000 7c00 4000     .@.@.@.|.....|.@
    b6f8:	4000 7800 4000 4000 4000 4000 0000 0000     .@.x.@.@.@.@....
    b708:	3800 4400 4000 4000 5c00 4400 4400 3800     .8.D.@.@.\.D.D.8
    b718:	0000 0000 4400 4400 4400 7c00 4400 4400     .....D.D.D.|.D.D
    b728:	4400 4400 0000 0000 3800 1000 1000 1000     .D.D.....8......
    b738:	1000 1000 1000 3800 0000 0000 0400 0400     .......8........
    b748:	0400 0400 0400 0400 4400 3800 0000 0000     .........D.8....
    b758:	4400 4800 5000 6000 5000 4800 4800 4400     .D.H.P.`.P.H.H.D
    b768:	0000 0000 4000 4000 4000 4000 4000 4000     .....@.@.@.@.@.@
    b778:	4000 7c00 0000 0000 4400 6c00 6c00 5400     .@.|.....D.l.l.T
    b788:	4400 4400 4400 4400 0000 0000 4400 6400     .D.D.D.D.....D.d
    b798:	6400 5400 5400 4c00 4c00 4400 0000 0000     .d.T.T.L.L.D....
    b7a8:	3800 4400 4400 4400 4400 4400 4400 3800     .8.D.D.D.D.D.D.8
    b7b8:	0000 0000 7800 4400 4400 4400 7800 4000     .....x.D.D.D.x.@
    b7c8:	4000 4000 0000 0000 3800 4400 4400 4400     .@.@.....8.D.D.D
    b7d8:	4400 4400 5400 3800 0400 0000 7800 4400     .D.D.T.8.....x.D
    b7e8:	4400 4400 7800 4800 4800 4400 0000 0000     .D.D.x.H.H.D....
    b7f8:	3800 4400 4000 3000 0800 0400 4400 3800     .8.D.@.0.....D.8
    b808:	0000 0000 7c00 1000 1000 1000 1000 1000     .....|..........
    b818:	1000 1000 0000 0000 4400 4400 4400 4400     .........D.D.D.D
    b828:	4400 4400 4400 3800 0000 0000 4400 4400     .D.D.D.8.....D.D
    b838:	4400 2800 2800 2800 1000 1000 0000 0000     .D.(.(.(........
    b848:	4400 4400 5400 5400 5400 6c00 2800 2800     .D.D.T.T.T.l.(.(
    b858:	0000 0000 4400 2800 2800 1000 1000 2800     .....D.(.(.....(
    b868:	2800 4400 0000 0000 4400 4400 2800 2800     .(.D.....D.D.(.(
    b878:	1000 1000 1000 1000 0000 0000 7c00 0400     .............|..
    b888:	0800 1000 1000 2000 4000 7c00 0000 0000     ....... .@.|....
    b898:	1800 1000 1000 1000 1000 1000 1000 1000     ................
    b8a8:	1000 1800 2000 2000 1000 1000 1000 1000     ..... . ........
    b8b8:	0800 0800 0000 0000 3000 1000 1000 1000     .........0......
    b8c8:	1000 1000 1000 1000 1000 3000 1000 2800     ...........0...(
    b8d8:	2800 4400 0000 0000 0000 0000 0000 0000     .(.D............
	...
    b8f8:	0000 fe00 2000 1000 0000 0000 0000 0000     ..... ..........
	...
    b914:	3800 4400 3c00 4400 4c00 3400 0000 0000     .8.D.<.D.L.4....
    b924:	4000 4000 5800 6400 4400 4400 6400 5800     .@.@.X.d.D.D.d.X
	...
    b93c:	3800 4400 4000 4000 4400 3800 0000 0000     .8.D.@.@.D.8....
    b94c:	0400 0400 3400 4c00 4400 4400 4c00 3400     .....4.L.D.D.L.4
	...
    b964:	3800 4400 7c00 4000 4400 3800 0000 0000     .8.D.|.@.D.8....
    b974:	0c00 1000 7c00 1000 1000 1000 1000 1000     .....|..........
	...
    b98c:	3400 4c00 4400 4400 4c00 3400 0400 7800     .4.L.D.D.L.4...x
    b99c:	4000 4000 5800 6400 4400 4400 4400 4400     .@.@.X.d.D.D.D.D
    b9ac:	0000 0000 1000 0000 7000 1000 1000 1000     .........p......
    b9bc:	1000 1000 0000 0000 1000 0000 7000 1000     .............p..
    b9cc:	1000 1000 1000 1000 1000 e000 4000 4000     .............@.@
    b9dc:	4800 5000 6000 5000 4800 4400 0000 0000     .H.P.`.P.H.D....
    b9ec:	7000 1000 1000 1000 1000 1000 1000 1000     .p..............
	...
    ba04:	7800 5400 5400 5400 5400 5400 0000 0000     .x.T.T.T.T.T....
    ba14:	0000 0000 5800 6400 4400 4400 4400 4400     .....X.d.D.D.D.D
	...
    ba2c:	3800 4400 4400 4400 4400 3800 0000 0000     .8.D.D.D.D.8....
    ba3c:	0000 0000 5800 6400 4400 4400 6400 5800     .....X.d.D.D.d.X
    ba4c:	4000 4000 0000 0000 3400 4c00 4400 4400     .@.@.....4.L.D.D
    ba5c:	4c00 3400 0400 0400 0000 0000 5800 6400     .L.4.........X.d
    ba6c:	4000 4000 4000 4000 0000 0000 0000 0000     .@.@.@.@........
    ba7c:	3800 4400 3000 0800 4400 3800 0000 0000     .8.D.0...D.8....
    ba8c:	2000 2000 7800 2000 2000 2000 2000 1800     . . .x. . . . ..
	...
    baa4:	4400 4400 4400 4400 4c00 3400 0000 0000     .D.D.D.D.L.4....
    bab4:	0000 0000 4400 4400 2800 2800 2800 1000     .....D.D.(.(.(..
	...
    bacc:	5400 5400 5400 6c00 2800 2800 0000 0000     .T.T.T.l.(.(....
    badc:	0000 0000 4400 2800 1000 1000 2800 4400     .....D.(.....(.D
	...
    baf4:	4400 4400 2800 2800 1000 1000 1000 6000     .D.D.(.(.......`
    bb04:	0000 0000 7c00 0800 1000 2000 4000 7c00     .....|..... .@.|
    bb14:	0000 0000 1800 1000 1000 1000 2000 2000     ............. . 
    bb24:	1000 1000 1000 1800 1000 1000 1000 1000     ................
    bb34:	1000 1000 1000 1000 1000 1000 3000 1000     .............0..
    bb44:	1000 1000 0800 0800 1000 1000 1000 3000     ...............0
    bb54:	0000 0000 0000 7400 4c00 0000 0000 0000     .......t.L......
    bb64:	0000 0000 5057 3a4d 6425 0000 0042 0000     ....WPM:%d..B...
    bb74:	3a53 3025 6433 0000 3a4c 3025 6433 0000     S:%03d..L:%03d..
    bb84:	004b 0000 4e49 5550 3a54 0000 4553 444e     K...INPUT:..SEND
    bb94:	4e49 3a47 0000 0000 5743 0000 654b 6279     ING:....CW..Keyb
    bba4:	616f 6472 0000 0000 7942 4420 5665 6c6f     oard....By DeVol
    bbb4:	2074 6c45 6365 002e 6f6e 7320 7661 6465     t Elec..no saved
    bbc4:	6d20 6773 0000 0000 7953 7473 6d65 6c43      msg....SystemCl
    bbd4:	3a6b 6425 0a0d 0000 6843 7069 4449 253a     k:%d....ChipID:%
    bbe4:	3830 0d78 000a 0000 4742 5636 4b53 6d20     08x.....BG6VSK m
    bbf4:	6461 2065 5355 2042 656b 6279 616f 6472     ade USB keyboard
    bc04:	6520 656c 7463 6972 2063 656b 0d79 0000      electric key...
    bc14:	4954 204d 4b4f 000d 8252 0000 8330 0000     TIM OK..R...0...
    bc24:	8330 0000 8330 0000 8330 0000 8330 0000     0...0...0...0...
    bc34:	8330 0000 8330 0000 8330 0000 8330 0000     0...0...0...0...
    bc44:	8200 0000 81ae 0000 815a 0000 8106 0000     ........Z.......
    bc54:	80b2 0000 8330 0000 8330 0000 8330 0000     ....0...0...0...
    bc64:	8330 0000 8330 0000 8330 0000 8330 0000     0...0...0...0...
    bc74:	8330 0000 8330 0000 8330 0000 805e 0000     0...0...0...^...
    bc84:	800a 0000 8330 0000 7fb6 0000 8330 0000     ....0.......0...
    bc94:	7f62 0000                                   b...

0000bc98 <__sf_fake_stderr>:
	...

0000bcb8 <__sf_fake_stdin>:
	...

0000bcd8 <__sf_fake_stdout>:
	...
    bcf8:	2d23 2b30 0020 0000 6c68 004c 6665 4567     #-0+ ...hlL.efgE
    bd08:	4746 0000 3130 3332 3534 3736 3938 4241     FG..0123456789AB
    bd18:	4443 4645 0000 0000 3130 3332 3534 3736     CDEF....01234567
    bd28:	3938 6261 6463 6665 0000 0000               89abcdef....
